Cloning into '/mnt/slopper/llama-cpp-arc/llama.cpp'...
== pinning fork at 27c54b4bbcefadedcec6397477cc2e866c1db716
From https://github.com/thecodacus/llama.cpp
 * branch            27c54b4bbcefadedcec6397477cc2e866c1db716 -> FETCH_HEAD
== restoring upstream ggml-vulkan from 8c1a25166b6b1339edd635165c7d8fd65326ae82
From https://github.com/ggml-org/llama.cpp
 * branch            8c1a25166b6b1339edd635165c7d8fd65326ae82 -> FETCH_HEAD
M  ggml/src/ggml-vulkan/ggml-vulkan.cpp
M  ggml/src/ggml-vulkan/vulkan-shaders/copy_to_quant.comp
M  ggml/src/ggml-vulkan/vulkan-shaders/dequant_funcs.glsl
M  ggml/src/ggml-vulkan/vulkan-shaders/flash_attn.comp
M  ggml/src/ggml-vulkan/vulkan-shaders/flash_attn_base.glsl
-- The C compiler identification is GNU 16.1.1
-- The CXX compiler identification is GNU 16.1.1
-- Detecting C compiler ABI info
-- Detecting C compiler ABI info - done
-- Check for working C compiler: /usr/bin/cc - skipped
-- Detecting C compile features
-- Detecting C compile features - done
-- Detecting CXX compiler ABI info
-- Detecting CXX compiler ABI info - done
-- Check for working CXX compiler: /usr/bin/c++ - skipped
-- Detecting CXX compile features
-- Detecting CXX compile features - done
-- llama.cpp version: 0.3.0-dev
CMAKE_BUILD_TYPE=Release
-- Found Git: /usr/bin/git (found version "2.54.0")
-- The ASM compiler identification is GNU
-- Found assembler: /usr/bin/cc
-- Performing Test CMAKE_HAVE_LIBC_PTHREAD
-- Performing Test CMAKE_HAVE_LIBC_PTHREAD - Success
-- Found Threads: TRUE
-- Warning: ccache not found - consider installing it for faster compilation or disable this warning with GGML_CCACHE=OFF
-- CMAKE_SYSTEM_PROCESSOR: x86_64
-- GGML_SYSTEM_ARCH: x86
-- Found OpenMP_C: -fopenmp (found version "5.2")
-- Found OpenMP_CXX: -fopenmp (found version "5.2")
-- Found OpenMP: TRUE (found version "5.2")
-- Including CPU backend
-- x86 detected
-- Adding CPU backend variant ggml-cpu: -march=native 
-- Found Vulkan: /usr/lib/libvulkan.so (found version "1.4.350") found components: glslc glslangValidator
-- Vulkan found
-- GL_KHR_cooperative_matrix supported by glslc
-- GL_NV_cooperative_matrix2 supported by glslc
-- GL_NV_cooperative_matrix_decode_vector not supported by glslc
-- GL_EXT_integer_dot_product supported by glslc
-- GL_EXT_bfloat16 supported by glslc
-- GL_EXT_float_e2m1 not supported by glslc
-- GL_EXT_float_e4m3 supported by glslc
-- Including Vulkan backend
-- ggml version: 0.22.0
-- ggml commit:  27c54b4-dirty
-- Found OpenSSL: /usr/lib/libcrypto.so (found version "3.6.3")
-- Performing Test OPENSSL_VERSION_SUPPORTED
-- Performing Test OPENSSL_VERSION_SUPPORTED - Success
-- OpenSSL found: 3.6.3
-- Generating embedded license file for target: llama-app
-- Configuring done (1.7s)
-- Generating done (0.1s)
-- Build files have been written to: /mnt/slopper/llama-cpp-arc/llama.cpp/build
[  1%] Building CXX object common/CMakeFiles/llama-common-base.dir/build-info.cpp.o
[  1%] Building C object vendor/hash/CMakeFiles/vendor-hash.dir/sha256/sha256.c.o
[  1%] Building CXX object vendor/hash/CMakeFiles/vendor-hash.dir/sha1/sha1.c.o
[  1%] Building C object ggml/src/CMakeFiles/ggml-base.dir/ggml.c.o
[  1%] Building CXX object vendor/hash/CMakeFiles/vendor-hash.dir/hash.cpp.o
[  1%] Building CXX object tools/ui/CMakeFiles/llama-ui-embed.dir/embed.cpp.o
[  1%] Building C object ggml/src/CMakeFiles/ggml-base.dir/ggml-alloc.c.o
[  1%] Building CXX object vendor/cpp-httplib/CMakeFiles/cpp-httplib.dir/httplib.cpp.o
[  1%] Building CXX object ggml/src/CMakeFiles/ggml-base.dir/ggml.cpp.o
[  1%] Building CXX object ggml/src/CMakeFiles/ggml-base.dir/ggml-backend.cpp.o
[  1%] Building C object vendor/hash/CMakeFiles/vendor-hash.dir/xxhash/xxhash.c.o
[  1%] Creating directories for 'vulkan-shaders-gen'
[  1%] No download step for 'vulkan-shaders-gen'
[  2%] No update step for 'vulkan-shaders-gen'
[  2%] No patch step for 'vulkan-shaders-gen'
[  2%] Performing configure step for 'vulkan-shaders-gen'
-- The C compiler identification is GNU 16.1.1
[  2%] Building CXX object ggml/src/CMakeFiles/ggml-base.dir/ggml-backend-meta.cpp.o
-- The CXX compiler identification is GNU 16.1.1
-- Detecting C compiler ABI info
[  2%] Building CXX object ggml/src/CMakeFiles/ggml-base.dir/ggml-opt.cpp.o
-- Detecting C compiler ABI info - done
[  2%] Building CXX object ggml/src/CMakeFiles/ggml-base.dir/ggml-threading.cpp.o
-- Check for working C compiler: /usr/bin/cc - skipped
-- Detecting C compile features
-- Detecting C compile features - done
-- Detecting CXX compiler ABI info
[  2%] Building C object ggml/src/CMakeFiles/ggml-base.dir/ggml-quants.c.o
-- Detecting CXX compiler ABI info - done
-- Check for working CXX compiler: /usr/bin/c++ - skipped
-- Detecting CXX compile features
-- Detecting CXX compile features - done
-- Performing Test CMAKE_HAVE_LIBC_PTHREAD
[  3%] Building C object ggml/src/CMakeFiles/ggml-base.dir/ggml-turbo-quant.c.o
[  3%] Linking CXX static library libllama-common-base.a
[  3%] Building CXX object ggml/src/CMakeFiles/ggml-base.dir/gguf.cpp.o
-- Performing Test CMAKE_HAVE_LIBC_PTHREAD - Success
-- Found Threads: TRUE
-- Enabling coopmat glslc support
-- Enabling coopmat2 glslc support
-- Enabling dot glslc support
-- Enabling bfloat16 glslc support
-- Enabling E4M3 glslc support
-- Configuring done (0.7s)
-- Generating done (0.0s)
-- Build files have been written to: /mnt/slopper/llama-cpp-arc/llama.cpp/build/ggml/src/ggml-vulkan/vulkan-shaders-gen-prefix/src/vulkan-shaders-gen-build
[  4%] Performing build step for 'vulkan-shaders-gen'
[  4%] Built target llama-common-base
[ 50%] Building CXX object CMakeFiles/vulkan-shaders-gen.dir/vulkan-shaders-gen.cpp.o
[  4%] Linking CXX static library libvendor-hash.a
[  4%] Built target vendor-hash
[  4%] Linking CXX executable llama-ui-embed
[  4%] Built target llama-ui-embed
[  5%] Provisioning UI assets
-- UI: downloading from b1: https://huggingface.co/buckets/ggml-org/llama-ui/resolve/b1/dist.tar.gz
-- UI: download dist.tar.gz from b1 failed: "HTTP response code said error"
-- UI: downloading from latest: https://huggingface.co/buckets/ggml-org/llama-ui/resolve/latest/dist.tar.gz
-- UI: archive verified and extracted
-- UI: HF download succeeded, stamp updated (latest)
-- UI: gzip compression applied (/mnt/slopper/llama-cpp-arc/llama.cpp/build/tools/ui/dist/_gzip)
embed: write output file /mnt/slopper/llama-cpp-arc/llama.cpp/build/tools/ui/ui.h
embed: write output file /mnt/slopper/llama-cpp-arc/llama.cpp/build/tools/ui/ui.cpp
[  5%] Built target llama-ui-assets
[  5%] Building CXX object tools/ui/CMakeFiles/llama-ui.dir/ui.cpp.o
[  5%] Linking CXX static library libllama-ui.a
[  5%] Built target llama-ui
[  5%] Linking CXX shared library ../../bin/libggml-base.so
[  5%] Built target ggml-base
[  5%] Building CXX object ggml/src/CMakeFiles/ggml-cpu.dir/ggml-cpu/iqp.cpp.o
[  5%] Building CXX object ggml/src/CMakeFiles/ggml-cpu.dir/ggml-cpu/repack.cpp.o
[  5%] Building CXX object ggml/src/CMakeFiles/ggml-cpu.dir/ggml-cpu/ggml-cpu.cpp.o
[  5%] Building CXX object ggml/src/CMakeFiles/ggml-cpu.dir/ggml-cpu/traits.cpp.o
[  5%] Building C object ggml/src/CMakeFiles/ggml-cpu.dir/ggml-cpu/ggml-cpu.c.o
[  5%] Building CXX object ggml/src/CMakeFiles/ggml-cpu.dir/ggml-cpu/amx/amx.cpp.o
[  5%] Building CXX object ggml/src/CMakeFiles/ggml-cpu.dir/ggml-cpu/binary-ops.cpp.o
[  5%] Building C object ggml/src/CMakeFiles/ggml-cpu.dir/ggml-cpu/quants.c.o
[  5%] Building CXX object ggml/src/CMakeFiles/ggml-cpu.dir/ggml-cpu/amx/mmq.cpp.o
[  6%] Building CXX object ggml/src/CMakeFiles/ggml-cpu.dir/ggml-cpu/hbm.cpp.o
[  6%] Building CXX object ggml/src/CMakeFiles/ggml-cpu.dir/ggml-cpu/unary-ops.cpp.o
[  7%] Building CXX object ggml/src/CMakeFiles/ggml-cpu.dir/ggml-cpu/vec.cpp.o
[  7%] Building CXX object ggml/src/CMakeFiles/ggml-cpu.dir/ggml-cpu/ops.cpp.o
[  7%] Building CXX object ggml/src/CMakeFiles/ggml-cpu.dir/ggml-cpu/llamafile/sgemm.cpp.o
[  7%] Building C object ggml/src/CMakeFiles/ggml-cpu.dir/ggml-cpu/arch/x86/quants.c.o
[  7%] Building CXX object ggml/src/CMakeFiles/ggml-cpu.dir/ggml-cpu/arch/x86/repack.cpp.o
[100%] Linking CXX executable vulkan-shaders-gen
[100%] Built target vulkan-shaders-gen
[  7%] Performing install step for 'vulkan-shaders-gen'
-- Installing: /mnt/slopper/llama-cpp-arc/llama.cpp/build/Release/./vulkan-shaders-gen
[  7%] Completed 'vulkan-shaders-gen'
[  7%] Built target vulkan-shaders-gen
[  8%] Generate vulkan shaders for argsort.comp
[  8%] Generate vulkan shaders for add.comp
[  8%] Generate vulkan shaders for wkv7.comp
[  8%] Generate vulkan shaders for arange.comp
[  8%] Generate vulkan shaders for add1.comp
[  8%] Generate vulkan shaders for argmax.comp
[  9%] Generate vulkan shaders for acc.comp
[  8%] Generate vulkan shaders for add_id.comp
[  9%] Generate vulkan shaders for argsort_large.comp
[  9%] Generate vulkan shaders for col2im_1d.comp
[  9%] Generate vulkan shaders for concat.comp
[  9%] Generate vulkan shaders for contig_copy.comp
[  9%] Generate vulkan shaders for conv2d_dw.comp
[  9%] Generate vulkan shaders for conv2d_mm.comp
[  9%] Generate vulkan shaders for conv3d_mm.comp
[ 10%] Generate vulkan shaders for conv_transpose_1d.comp
[ 10%] Generate vulkan shaders for copy.comp
[ 10%] Generate vulkan shaders for copy_from_quant.comp
[ 10%] Generate vulkan shaders for copy_to_quant.comp
[ 10%] Generate vulkan shaders for copy_transpose.comp
[ 10%] Generate vulkan shaders for copy_transpose_02.comp
[ 10%] Generate vulkan shaders for count_equal.comp
[ 12%] Generate vulkan shaders for count_experts.comp
[ 12%] Generate vulkan shaders for cross_entropy_loss.comp
[ 12%] Generate vulkan shaders for cross_entropy_loss_back.comp
[ 12%] Generate vulkan shaders for cumsum.comp
[ 12%] Generate vulkan shaders for cumsum_multipass1.comp
[ 12%] Generate vulkan shaders for cumsum_multipass2.comp
[ 12%] Generate vulkan shaders for dequant_f32.comp
[ 13%] Generate vulkan shaders for dequant_iq1_m.comp
[ 13%] Generate vulkan shaders for dequant_iq2_s.comp
[ 13%] Generate vulkan shaders for dequant_iq1_s.comp
[ 13%] Generate vulkan shaders for dequant_iq2_xs.comp
[ 13%] Generate vulkan shaders for dequant_iq2_xxs.comp
[ 13%] Generate vulkan shaders for dequant_iq3_s.comp
[ 13%] Generate vulkan shaders for dequant_iq3_xxs.comp
[ 14%] Generate vulkan shaders for dequant_iq4_nl.comp
[ 14%] Generate vulkan shaders for dequant_iq4_xs.comp
[ 14%] Generate vulkan shaders for dequant_mxfp4.comp
[ 14%] Generate vulkan shaders for dequant_nvfp4.comp
[ 14%] Generate vulkan shaders for dequant_q1_0.comp
[ 14%] Generate vulkan shaders for dequant_q2_0.comp
[ 14%] Generate vulkan shaders for dequant_q2_k.comp
[ 15%] Generate vulkan shaders for dequant_q3_k.comp
[ 15%] Generate vulkan shaders for dequant_q4_0.comp
[ 15%] Generate vulkan shaders for dequant_q4_1.comp
[ 15%] Generate vulkan shaders for dequant_q4_k.comp
[ 15%] Generate vulkan shaders for dequant_q5_0.comp
[ 15%] Generate vulkan shaders for dequant_q5_1.comp
[ 15%] Generate vulkan shaders for dequant_q5_k.comp
[ 16%] Generate vulkan shaders for dequant_q6_k.comp
[ 16%] Generate vulkan shaders for dequant_q8_0.comp
[ 16%] Generate vulkan shaders for dequant_tq2_0.comp
[ 16%] Generate vulkan shaders for dequant_turbo3_0.comp
[ 16%] Generate vulkan shaders for diag.comp
[ 16%] Generate vulkan shaders for diag_mask_inf.comp
[ 16%] Generate vulkan shaders for div.comp
[ 17%] Generate vulkan shaders for fill.comp
[ 17%] Generate vulkan shaders for flash_attn.comp
[ 17%] Generate vulkan shaders for flash_attn_cm1.comp
[ 17%] Generate vulkan shaders for flash_attn_cm2.comp
[ 17%] Generate vulkan shaders for flash_attn_mask_opt.comp
[ 17%] Generate vulkan shaders for flash_attn_split_k_reduce.comp
[ 17%] Generate vulkan shaders for fwht.comp
[ 18%] Generate vulkan shaders for gated_delta_net.comp
[ 18%] Generate vulkan shaders for geglu.comp
[ 18%] Generate vulkan shaders for geglu_erf.comp
[ 18%] Generate vulkan shaders for geglu_quick.comp
[ 18%] Generate vulkan shaders for get_rows.comp
[ 18%] Generate vulkan shaders for get_rows_back.comp
[ 18%] Generate vulkan shaders for get_rows_quant.comp
[ 18%] Generate vulkan shaders header
[ 19%] Generate vulkan shaders for gla.comp
[ 19%] Generate vulkan shaders for group_norm.comp
[ 19%] Generate vulkan shaders for im2col.comp
[ 19%] Generate vulkan shaders for im2col_3d.comp
[ 19%] Generate vulkan shaders for l2_norm.comp
[ 19%] Generate vulkan shaders for lightning_indexer.comp
[ 19%] Generate vulkan shaders for log.comp
[ 20%] Generate vulkan shaders for mul.comp
[ 20%] Generate vulkan shaders for mul_mat_split_k_reduce.comp
[ 20%] Generate vulkan shaders for mul_mat_vec.comp
[ 20%] Generate vulkan shaders for mul_mat_vec_iq1_m.comp
[ 20%] Generate vulkan shaders for mul_mat_vec_iq1_s.comp
[ 20%] Generate vulkan shaders for mul_mat_vec_iq2_s.comp
[ 20%] Generate vulkan shaders for mul_mat_vec_iq2_xs.comp
[ 21%] Generate vulkan shaders for mul_mat_vec_iq2_xxs.comp
[ 21%] Generate vulkan shaders for mul_mat_vec_iq3_s.comp
[ 21%] Generate vulkan shaders for mul_mat_vec_iq3_xxs.comp
[ 21%] Generate vulkan shaders for mul_mat_vec_nc.comp
[ 21%] Generate vulkan shaders for mul_mat_vec_p021.comp
[ 21%] Generate vulkan shaders for mul_mat_vec_q2_k.comp
[ 21%] Generate vulkan shaders for mul_mat_vec_q3_k.comp
[ 23%] Generate vulkan shaders for mul_mat_vec_q4_k.comp
[ 23%] Generate vulkan shaders for mul_mat_vec_q5_k.comp
[ 23%] Generate vulkan shaders for mul_mat_vec_q6_k.comp
[ 23%] Generate vulkan shaders for mul_mat_vec_tq2_0.comp
[ 23%] Generate vulkan shaders for mul_mat_vecq.comp
[ 23%] Generate vulkan shaders for mul_mm.comp
[ 23%] Generate vulkan shaders for mul_mm_cm2.comp
[ 24%] Generate vulkan shaders for mul_mmq.comp
[ 24%] Generate vulkan shaders for multi_add.comp
[ 24%] Generate vulkan shaders for norm.comp
[ 24%] Generate vulkan shaders for opt_step_adamw.comp
[ 24%] Generate vulkan shaders for opt_step_sgd.comp
[ 24%] Generate vulkan shaders for out_prod.comp
[ 24%] Generate vulkan shaders for pad.comp
[ 25%] Generate vulkan shaders for pad_reflect_1d.comp
[ 25%] Generate vulkan shaders for pool1d.comp
[ 25%] Generate vulkan shaders for pool2d.comp
[ 25%] Generate vulkan shaders for quantize_q8_1.comp
[ 25%] Generate vulkan shaders for reglu.comp
[ 25%] Generate vulkan shaders for repeat.comp
[ 25%] Generate vulkan shaders for repeat_back.comp
[ 26%] Generate vulkan shaders for rms_norm.comp
[ 26%] Generate vulkan shaders for rms_norm_back.comp
[ 26%] Generate vulkan shaders for rms_norm_partials.comp
[ 26%] Generate vulkan shaders for roll.comp
[ 26%] Generate vulkan shaders for rope_multi.comp
[ 26%] Generate vulkan shaders for rope_neox.comp
[ 26%] Generate vulkan shaders for rope_norm.comp
[ 27%] Generate vulkan shaders for rope_vision.comp
[ 27%] Generate vulkan shaders for scale.comp
[ 27%] Generate vulkan shaders for silu_back.comp
[ 27%] Generate vulkan shaders for snake.comp
[ 27%] Generate vulkan shaders for soft_max.comp
[ 27%] Generate vulkan shaders for soft_max_back.comp
[ 27%] Generate vulkan shaders for soft_max_large1.comp
[ 28%] Generate vulkan shaders for soft_max_large2.comp
[ 28%] Generate vulkan shaders for soft_max_large3.comp
[ 28%] Generate vulkan shaders for solve_tri.comp
[ 28%] Generate vulkan shaders for ssm_scan.comp
[ 28%] Generate vulkan shaders for ssm_conv.comp
[ 28%] Generate vulkan shaders for sub.comp
[ 28%] Generate vulkan shaders for sum_rows.comp
[ 29%] Generate vulkan shaders for swiglu.comp
[ 29%] Generate vulkan shaders for swiglu_clamp.comp
[ 29%] Generate vulkan shaders for swiglu_oai.comp
[ 29%] Generate vulkan shaders for timestep_embedding.comp
[ 29%] Generate vulkan shaders for topk_argsort.comp
[ 29%] Generate vulkan shaders for topk_moe.comp
[ 29%] Generate vulkan shaders for topk_nary_search.comp
[ 30%] Generate vulkan shaders for topk_radix_select.comp
[ 30%] Generate vulkan shaders for tri.comp
[ 30%] Generate vulkan shaders for turbo_wht.comp
[ 30%] Generate vulkan shaders for unary.comp
[ 30%] Generate vulkan shaders for upscale.comp
[ 30%] Generate vulkan shaders for wkv6.comp
[ 30%] Linking CXX shared library ../../bin/libggml-cpu.so
[ 30%] Built target ggml-cpu
[ 30%] Linking CXX static library libcpp-httplib.a
[ 30%] Built target cpp-httplib
[ 31%] Building CXX object ggml/src/ggml-vulkan/CMakeFiles/ggml-vulkan.dir/add1.comp.cpp.o
[ 31%] Building CXX object ggml/src/ggml-vulkan/CMakeFiles/ggml-vulkan.dir/add_id.comp.cpp.o
[ 31%] Building CXX object ggml/src/ggml-vulkan/CMakeFiles/ggml-vulkan.dir/ggml-vulkan.cpp.o
[ 31%] Building CXX object ggml/src/ggml-vulkan/CMakeFiles/ggml-vulkan.dir/acc.comp.cpp.o
[ 31%] Building CXX object ggml/src/ggml-vulkan/CMakeFiles/ggml-vulkan.dir/arange.comp.cpp.o
[ 31%] Building CXX object ggml/src/ggml-vulkan/CMakeFiles/ggml-vulkan.dir/argmax.comp.cpp.o
[ 32%] Building CXX object ggml/src/ggml-vulkan/CMakeFiles/ggml-vulkan.dir/argsort.comp.cpp.o
[ 32%] Building CXX object ggml/src/ggml-vulkan/CMakeFiles/ggml-vulkan.dir/argsort_large.comp.cpp.o
[ 32%] Building CXX object ggml/src/ggml-vulkan/CMakeFiles/ggml-vulkan.dir/col2im_1d.comp.cpp.o
[ 32%] Building CXX object ggml/src/ggml-vulkan/CMakeFiles/ggml-vulkan.dir/contig_copy.comp.cpp.o
[ 32%] Building CXX object ggml/src/ggml-vulkan/CMakeFiles/ggml-vulkan.dir/add.comp.cpp.o
[ 32%] Building CXX object ggml/src/ggml-vulkan/CMakeFiles/ggml-vulkan.dir/concat.comp.cpp.o
[ 32%] Building CXX object ggml/src/ggml-vulkan/CMakeFiles/ggml-vulkan.dir/conv2d_dw.comp.cpp.o
[ 32%] Building CXX object ggml/src/ggml-vulkan/CMakeFiles/ggml-vulkan.dir/conv2d_mm.comp.cpp.o
[ 34%] Building CXX object ggml/src/ggml-vulkan/CMakeFiles/ggml-vulkan.dir/conv3d_mm.comp.cpp.o
[ 34%] Building CXX object ggml/src/ggml-vulkan/CMakeFiles/ggml-vulkan.dir/copy.comp.cpp.o
[ 34%] Building CXX object ggml/src/ggml-vulkan/CMakeFiles/ggml-vulkan.dir/conv_transpose_1d.comp.cpp.o
[ 34%] Building CXX object ggml/src/ggml-vulkan/CMakeFiles/ggml-vulkan.dir/copy_from_quant.comp.cpp.o
[ 34%] Building CXX object ggml/src/ggml-vulkan/CMakeFiles/ggml-vulkan.dir/copy_to_quant.comp.cpp.o
[ 34%] Building CXX object ggml/src/ggml-vulkan/CMakeFiles/ggml-vulkan.dir/copy_transpose.comp.cpp.o
[ 34%] Building CXX object ggml/src/ggml-vulkan/CMakeFiles/ggml-vulkan.dir/copy_transpose_02.comp.cpp.o
[ 35%] Building CXX object ggml/src/ggml-vulkan/CMakeFiles/ggml-vulkan.dir/count_equal.comp.cpp.o
[ 35%] Building CXX object ggml/src/ggml-vulkan/CMakeFiles/ggml-vulkan.dir/cross_entropy_loss.comp.cpp.o
[ 35%] Building CXX object ggml/src/ggml-vulkan/CMakeFiles/ggml-vulkan.dir/count_experts.comp.cpp.o
[ 35%] Building CXX object ggml/src/ggml-vulkan/CMakeFiles/ggml-vulkan.dir/cross_entropy_loss_back.comp.cpp.o
[ 35%] Building CXX object ggml/src/ggml-vulkan/CMakeFiles/ggml-vulkan.dir/cumsum.comp.cpp.o
[ 35%] Building CXX object ggml/src/ggml-vulkan/CMakeFiles/ggml-vulkan.dir/cumsum_multipass1.comp.cpp.o
[ 35%] Building CXX object ggml/src/ggml-vulkan/CMakeFiles/ggml-vulkan.dir/cumsum_multipass2.comp.cpp.o
[ 36%] Building CXX object ggml/src/ggml-vulkan/CMakeFiles/ggml-vulkan.dir/dequant_f32.comp.cpp.o
[ 36%] Building CXX object ggml/src/ggml-vulkan/CMakeFiles/ggml-vulkan.dir/dequant_iq1_m.comp.cpp.o
[ 36%] Building CXX object ggml/src/ggml-vulkan/CMakeFiles/ggml-vulkan.dir/dequant_iq1_s.comp.cpp.o
[ 36%] Building CXX object ggml/src/ggml-vulkan/CMakeFiles/ggml-vulkan.dir/dequant_iq2_s.comp.cpp.o
[ 36%] Building CXX object ggml/src/ggml-vulkan/CMakeFiles/ggml-vulkan.dir/dequant_iq2_xs.comp.cpp.o
[ 36%] Building CXX object ggml/src/ggml-vulkan/CMakeFiles/ggml-vulkan.dir/dequant_iq2_xxs.comp.cpp.o
[ 36%] Building CXX object ggml/src/ggml-vulkan/CMakeFiles/ggml-vulkan.dir/dequant_iq3_s.comp.cpp.o
[ 36%] Building CXX object ggml/src/ggml-vulkan/CMakeFiles/ggml-vulkan.dir/dequant_iq4_nl.comp.cpp.o
[ 37%] Building CXX object ggml/src/ggml-vulkan/CMakeFiles/ggml-vulkan.dir/dequant_iq3_xxs.comp.cpp.o
[ 37%] Building CXX object ggml/src/ggml-vulkan/CMakeFiles/ggml-vulkan.dir/dequant_iq4_xs.comp.cpp.o
[ 37%] Building CXX object ggml/src/ggml-vulkan/CMakeFiles/ggml-vulkan.dir/dequant_mxfp4.comp.cpp.o
[ 37%] Building CXX object ggml/src/ggml-vulkan/CMakeFiles/ggml-vulkan.dir/dequant_nvfp4.comp.cpp.o
[ 37%] Building CXX object ggml/src/ggml-vulkan/CMakeFiles/ggml-vulkan.dir/dequant_q1_0.comp.cpp.o
[ 37%] Building CXX object ggml/src/ggml-vulkan/CMakeFiles/ggml-vulkan.dir/dequant_q2_0.comp.cpp.o
[ 38%] Building CXX object ggml/src/ggml-vulkan/CMakeFiles/ggml-vulkan.dir/dequant_q2_k.comp.cpp.o
[ 38%] Building CXX object ggml/src/ggml-vulkan/CMakeFiles/ggml-vulkan.dir/dequant_q3_k.comp.cpp.o
[ 38%] Building CXX object ggml/src/ggml-vulkan/CMakeFiles/ggml-vulkan.dir/dequant_q4_0.comp.cpp.o
[ 38%] Building CXX object ggml/src/ggml-vulkan/CMakeFiles/ggml-vulkan.dir/dequant_q4_1.comp.cpp.o
[ 38%] Building CXX object ggml/src/ggml-vulkan/CMakeFiles/ggml-vulkan.dir/dequant_q4_k.comp.cpp.o
[ 38%] Building CXX object ggml/src/ggml-vulkan/CMakeFiles/ggml-vulkan.dir/dequant_q5_0.comp.cpp.o
[ 38%] Building CXX object ggml/src/ggml-vulkan/CMakeFiles/ggml-vulkan.dir/dequant_q5_1.comp.cpp.o
[ 39%] Building CXX object ggml/src/ggml-vulkan/CMakeFiles/ggml-vulkan.dir/dequant_q5_k.comp.cpp.o
[ 39%] Building CXX object ggml/src/ggml-vulkan/CMakeFiles/ggml-vulkan.dir/dequant_q6_k.comp.cpp.o
[ 39%] Building CXX object ggml/src/ggml-vulkan/CMakeFiles/ggml-vulkan.dir/dequant_q8_0.comp.cpp.o
[ 39%] Building CXX object ggml/src/ggml-vulkan/CMakeFiles/ggml-vulkan.dir/dequant_turbo3_0.comp.cpp.o
[ 39%] Building CXX object ggml/src/ggml-vulkan/CMakeFiles/ggml-vulkan.dir/dequant_tq2_0.comp.cpp.o
[ 39%] Building CXX object ggml/src/ggml-vulkan/CMakeFiles/ggml-vulkan.dir/diag.comp.cpp.o
[ 39%] Building CXX object ggml/src/ggml-vulkan/CMakeFiles/ggml-vulkan.dir/diag_mask_inf.comp.cpp.o
[ 40%] Building CXX object ggml/src/ggml-vulkan/CMakeFiles/ggml-vulkan.dir/div.comp.cpp.o
[ 40%] Building CXX object ggml/src/ggml-vulkan/CMakeFiles/ggml-vulkan.dir/fill.comp.cpp.o
[ 40%] Building CXX object ggml/src/ggml-vulkan/CMakeFiles/ggml-vulkan.dir/flash_attn.comp.cpp.o
[ 40%] Building CXX object ggml/src/ggml-vulkan/CMakeFiles/ggml-vulkan.dir/flash_attn_cm1.comp.cpp.o
[ 40%] Building CXX object ggml/src/ggml-vulkan/CMakeFiles/ggml-vulkan.dir/flash_attn_cm2.comp.cpp.o
[ 40%] Building CXX object ggml/src/ggml-vulkan/CMakeFiles/ggml-vulkan.dir/flash_attn_mask_opt.comp.cpp.o
[ 40%] Building CXX object ggml/src/ggml-vulkan/CMakeFiles/ggml-vulkan.dir/flash_attn_split_k_reduce.comp.cpp.o
[ 41%] Building CXX object ggml/src/ggml-vulkan/CMakeFiles/ggml-vulkan.dir/fwht.comp.cpp.o
[ 41%] Building CXX object ggml/src/ggml-vulkan/CMakeFiles/ggml-vulkan.dir/gated_delta_net.comp.cpp.o
[ 41%] Building CXX object ggml/src/ggml-vulkan/CMakeFiles/ggml-vulkan.dir/geglu.comp.cpp.o
[ 41%] Building CXX object ggml/src/ggml-vulkan/CMakeFiles/ggml-vulkan.dir/geglu_erf.comp.cpp.o
[ 41%] Building CXX object ggml/src/ggml-vulkan/CMakeFiles/ggml-vulkan.dir/geglu_quick.comp.cpp.o
[ 41%] Building CXX object ggml/src/ggml-vulkan/CMakeFiles/ggml-vulkan.dir/get_rows.comp.cpp.o
[ 41%] Building CXX object ggml/src/ggml-vulkan/CMakeFiles/ggml-vulkan.dir/get_rows_back.comp.cpp.o
[ 42%] Building CXX object ggml/src/ggml-vulkan/CMakeFiles/ggml-vulkan.dir/get_rows_quant.comp.cpp.o
[ 42%] Building CXX object ggml/src/ggml-vulkan/CMakeFiles/ggml-vulkan.dir/gla.comp.cpp.o
[ 42%] Building CXX object ggml/src/ggml-vulkan/CMakeFiles/ggml-vulkan.dir/group_norm.comp.cpp.o
[ 42%] Building CXX object ggml/src/ggml-vulkan/CMakeFiles/ggml-vulkan.dir/im2col.comp.cpp.o
[ 42%] Building CXX object ggml/src/ggml-vulkan/CMakeFiles/ggml-vulkan.dir/im2col_3d.comp.cpp.o
[ 42%] Building CXX object ggml/src/ggml-vulkan/CMakeFiles/ggml-vulkan.dir/l2_norm.comp.cpp.o
[ 42%] Building CXX object ggml/src/ggml-vulkan/CMakeFiles/ggml-vulkan.dir/lightning_indexer.comp.cpp.o
[ 43%] Building CXX object ggml/src/ggml-vulkan/CMakeFiles/ggml-vulkan.dir/log.comp.cpp.o
[ 43%] Building CXX object ggml/src/ggml-vulkan/CMakeFiles/ggml-vulkan.dir/mul.comp.cpp.o
[ 43%] Building CXX object ggml/src/ggml-vulkan/CMakeFiles/ggml-vulkan.dir/mul_mat_split_k_reduce.comp.cpp.o
[ 43%] Building CXX object ggml/src/ggml-vulkan/CMakeFiles/ggml-vulkan.dir/mul_mat_vec.comp.cpp.o
[ 43%] Building CXX object ggml/src/ggml-vulkan/CMakeFiles/ggml-vulkan.dir/mul_mat_vec_iq1_m.comp.cpp.o
[ 43%] Building CXX object ggml/src/ggml-vulkan/CMakeFiles/ggml-vulkan.dir/mul_mat_vec_iq1_s.comp.cpp.o
[ 43%] Building CXX object ggml/src/ggml-vulkan/CMakeFiles/ggml-vulkan.dir/mul_mat_vec_iq2_s.comp.cpp.o
[ 45%] Building CXX object ggml/src/ggml-vulkan/CMakeFiles/ggml-vulkan.dir/mul_mat_vec_iq2_xs.comp.cpp.o
[ 45%] Building CXX object ggml/src/ggml-vulkan/CMakeFiles/ggml-vulkan.dir/mul_mat_vec_iq2_xxs.comp.cpp.o
[ 45%] Building CXX object ggml/src/ggml-vulkan/CMakeFiles/ggml-vulkan.dir/mul_mat_vec_iq3_s.comp.cpp.o
[ 45%] Building CXX object ggml/src/ggml-vulkan/CMakeFiles/ggml-vulkan.dir/mul_mat_vec_iq3_xxs.comp.cpp.o
[ 45%] Building CXX object ggml/src/ggml-vulkan/CMakeFiles/ggml-vulkan.dir/mul_mat_vec_nc.comp.cpp.o
[ 45%] Building CXX object ggml/src/ggml-vulkan/CMakeFiles/ggml-vulkan.dir/mul_mat_vec_p021.comp.cpp.o
[ 45%] Building CXX object ggml/src/ggml-vulkan/CMakeFiles/ggml-vulkan.dir/mul_mat_vec_q2_k.comp.cpp.o
[ 46%] Building CXX object ggml/src/ggml-vulkan/CMakeFiles/ggml-vulkan.dir/mul_mat_vec_q3_k.comp.cpp.o
[ 46%] Building CXX object ggml/src/ggml-vulkan/CMakeFiles/ggml-vulkan.dir/mul_mat_vec_q4_k.comp.cpp.o
[ 46%] Building CXX object ggml/src/ggml-vulkan/CMakeFiles/ggml-vulkan.dir/mul_mat_vec_q5_k.comp.cpp.o
[ 46%] Building CXX object ggml/src/ggml-vulkan/CMakeFiles/ggml-vulkan.dir/mul_mat_vec_q6_k.comp.cpp.o
[ 46%] Building CXX object ggml/src/ggml-vulkan/CMakeFiles/ggml-vulkan.dir/mul_mat_vec_tq2_0.comp.cpp.o
[ 46%] Building CXX object ggml/src/ggml-vulkan/CMakeFiles/ggml-vulkan.dir/mul_mat_vecq.comp.cpp.o
[ 46%] Building CXX object ggml/src/ggml-vulkan/CMakeFiles/ggml-vulkan.dir/mul_mm.comp.cpp.o
[ 47%] Building CXX object ggml/src/ggml-vulkan/CMakeFiles/ggml-vulkan.dir/mul_mm_cm2.comp.cpp.o
[ 47%] Building CXX object ggml/src/ggml-vulkan/CMakeFiles/ggml-vulkan.dir/mul_mmq.comp.cpp.o
[ 47%] Building CXX object ggml/src/ggml-vulkan/CMakeFiles/ggml-vulkan.dir/multi_add.comp.cpp.o
[ 47%] Building CXX object ggml/src/ggml-vulkan/CMakeFiles/ggml-vulkan.dir/opt_step_adamw.comp.cpp.o
[ 47%] Building CXX object ggml/src/ggml-vulkan/CMakeFiles/ggml-vulkan.dir/norm.comp.cpp.o
[ 47%] Building CXX object ggml/src/ggml-vulkan/CMakeFiles/ggml-vulkan.dir/opt_step_sgd.comp.cpp.o
[ 47%] Building CXX object ggml/src/ggml-vulkan/CMakeFiles/ggml-vulkan.dir/out_prod.comp.cpp.o
[ 48%] Building CXX object ggml/src/ggml-vulkan/CMakeFiles/ggml-vulkan.dir/pad.comp.cpp.o
[ 48%] Building CXX object ggml/src/ggml-vulkan/CMakeFiles/ggml-vulkan.dir/pad_reflect_1d.comp.cpp.o
[ 48%] Building CXX object ggml/src/ggml-vulkan/CMakeFiles/ggml-vulkan.dir/pool1d.comp.cpp.o
[ 48%] Building CXX object ggml/src/ggml-vulkan/CMakeFiles/ggml-vulkan.dir/pool2d.comp.cpp.o
[ 48%] Building CXX object ggml/src/ggml-vulkan/CMakeFiles/ggml-vulkan.dir/quantize_q8_1.comp.cpp.o
[ 48%] Building CXX object ggml/src/ggml-vulkan/CMakeFiles/ggml-vulkan.dir/reglu.comp.cpp.o
[ 48%] Building CXX object ggml/src/ggml-vulkan/CMakeFiles/ggml-vulkan.dir/repeat.comp.cpp.o
[ 49%] Building CXX object ggml/src/ggml-vulkan/CMakeFiles/ggml-vulkan.dir/repeat_back.comp.cpp.o
[ 49%] Building CXX object ggml/src/ggml-vulkan/CMakeFiles/ggml-vulkan.dir/rms_norm.comp.cpp.o
[ 49%] Building CXX object ggml/src/ggml-vulkan/CMakeFiles/ggml-vulkan.dir/rms_norm_back.comp.cpp.o
[ 49%] Building CXX object ggml/src/ggml-vulkan/CMakeFiles/ggml-vulkan.dir/rms_norm_partials.comp.cpp.o
[ 49%] Building CXX object ggml/src/ggml-vulkan/CMakeFiles/ggml-vulkan.dir/roll.comp.cpp.o
[ 49%] Building CXX object ggml/src/ggml-vulkan/CMakeFiles/ggml-vulkan.dir/rope_multi.comp.cpp.o
[ 49%] Building CXX object ggml/src/ggml-vulkan/CMakeFiles/ggml-vulkan.dir/rope_neox.comp.cpp.o
[ 50%] Building CXX object ggml/src/ggml-vulkan/CMakeFiles/ggml-vulkan.dir/rope_norm.comp.cpp.o
[ 50%] Building CXX object ggml/src/ggml-vulkan/CMakeFiles/ggml-vulkan.dir/rope_vision.comp.cpp.o
[ 50%] Building CXX object ggml/src/ggml-vulkan/CMakeFiles/ggml-vulkan.dir/scale.comp.cpp.o
[ 50%] Building CXX object ggml/src/ggml-vulkan/CMakeFiles/ggml-vulkan.dir/silu_back.comp.cpp.o
[ 50%] Building CXX object ggml/src/ggml-vulkan/CMakeFiles/ggml-vulkan.dir/snake.comp.cpp.o
[ 50%] Building CXX object ggml/src/ggml-vulkan/CMakeFiles/ggml-vulkan.dir/soft_max.comp.cpp.o
[ 50%] Building CXX object ggml/src/ggml-vulkan/CMakeFiles/ggml-vulkan.dir/soft_max_back.comp.cpp.o
[ 51%] Building CXX object ggml/src/ggml-vulkan/CMakeFiles/ggml-vulkan.dir/soft_max_large1.comp.cpp.o
[ 51%] Building CXX object ggml/src/ggml-vulkan/CMakeFiles/ggml-vulkan.dir/soft_max_large2.comp.cpp.o
[ 51%] Building CXX object ggml/src/ggml-vulkan/CMakeFiles/ggml-vulkan.dir/soft_max_large3.comp.cpp.o
[ 51%] Building CXX object ggml/src/ggml-vulkan/CMakeFiles/ggml-vulkan.dir/solve_tri.comp.cpp.o
[ 51%] Building CXX object ggml/src/ggml-vulkan/CMakeFiles/ggml-vulkan.dir/ssm_conv.comp.cpp.o
[ 51%] Building CXX object ggml/src/ggml-vulkan/CMakeFiles/ggml-vulkan.dir/sub.comp.cpp.o
[ 51%] Building CXX object ggml/src/ggml-vulkan/CMakeFiles/ggml-vulkan.dir/ssm_scan.comp.cpp.o
[ 52%] Building CXX object ggml/src/ggml-vulkan/CMakeFiles/ggml-vulkan.dir/sum_rows.comp.cpp.o
[ 52%] Building CXX object ggml/src/ggml-vulkan/CMakeFiles/ggml-vulkan.dir/swiglu.comp.cpp.o
[ 52%] Building CXX object ggml/src/ggml-vulkan/CMakeFiles/ggml-vulkan.dir/swiglu_clamp.comp.cpp.o
[ 52%] Building CXX object ggml/src/ggml-vulkan/CMakeFiles/ggml-vulkan.dir/swiglu_oai.comp.cpp.o
[ 52%] Building CXX object ggml/src/ggml-vulkan/CMakeFiles/ggml-vulkan.dir/timestep_embedding.comp.cpp.o
[ 52%] Building CXX object ggml/src/ggml-vulkan/CMakeFiles/ggml-vulkan.dir/topk_argsort.comp.cpp.o
[ 52%] Building CXX object ggml/src/ggml-vulkan/CMakeFiles/ggml-vulkan.dir/topk_moe.comp.cpp.o
[ 53%] Building CXX object ggml/src/ggml-vulkan/CMakeFiles/ggml-vulkan.dir/topk_nary_search.comp.cpp.o
[ 53%] Building CXX object ggml/src/ggml-vulkan/CMakeFiles/ggml-vulkan.dir/topk_radix_select.comp.cpp.o
[ 53%] Building CXX object ggml/src/ggml-vulkan/CMakeFiles/ggml-vulkan.dir/tri.comp.cpp.o
[ 53%] Building CXX object ggml/src/ggml-vulkan/CMakeFiles/ggml-vulkan.dir/unary.comp.cpp.o
[ 53%] Building CXX object ggml/src/ggml-vulkan/CMakeFiles/ggml-vulkan.dir/turbo_wht.comp.cpp.o
[ 53%] Building CXX object ggml/src/ggml-vulkan/CMakeFiles/ggml-vulkan.dir/upscale.comp.cpp.o
[ 53%] Building CXX object ggml/src/ggml-vulkan/CMakeFiles/ggml-vulkan.dir/wkv6.comp.cpp.o
[ 54%] Building CXX object ggml/src/ggml-vulkan/CMakeFiles/ggml-vulkan.dir/wkv7.comp.cpp.o
In file included from /usr/include/c++/16.1.1/algorithm:62,
                 from /usr/include/vulkan/vulkan.hpp:16,
                 from /mnt/slopper/llama-cpp-arc/llama.cpp/ggml/src/ggml-vulkan/ggml-vulkan.cpp:22:
In function ‘_OutIter std::__copy_move_a2(_InIter, _Sent, _OutIter) [with bool _IsMove = false; _InIter = const unsigned int*; _Sent = const unsigned int*; _OutIter = unsigned int*]’,
    inlined from ‘_OI std::__copy_move_a1(_II, _II, _OI) [with bool _IsMove = false; _II = const unsigned int*; _OI = unsigned int*]’ at /usr/include/c++/16.1.1/bits/stl_algobase.h:490:42,
    inlined from ‘_OI std::__copy_move_a(_II, _II, _OI) [with bool _IsMove = false; _II = const unsigned int*; _OI = unsigned int*]’ at /usr/include/c++/16.1.1/bits/stl_algobase.h:498:31,
    inlined from ‘_OI std::copy(_II, _II, _OI) [with _II = const unsigned int*; _OI = unsigned int*]’ at /usr/include/c++/16.1.1/bits/stl_algobase.h:640:7,
    inlined from ‘void std::vector<_Tp, _Alloc>::_M_assign_aux(_ForwardIterator, _ForwardIterator, std::forward_iterator_tag) [with _ForwardIterator = const unsigned int*; _Tp = unsigned int; _Alloc = std::allocator<unsigned int>]’ at /usr/include/c++/16.1.1/bits/vector.tcc:347:19:
/usr/include/c++/16.1.1/bits/stl_algobase.h:424:32: warning: argument 1 null where non-null expected because argument 3 is nonzero [-Wnonnull]
  424 |               __builtin_memmove(_GLIBCXX_TO_ADDR(__result),
      |               ~~~~~~~~~~~~~~~~~^~~~~~~~~~~~~~~~~~~~~~~~~~~~
  425 |                                 _GLIBCXX_TO_ADDR(__first),
      |                                 ~~~~~~~~~~~~~~~~~~~~~~~~~~
  426 |                                 __n * sizeof(*__first));
      |                                 ~~~~~~~~~~~~~~~~~~~~~~~
/usr/include/c++/16.1.1/bits/stl_algobase.h:424:32: note: in a call to built-in function ‘void* __builtin_memmove(void*, const void*, long unsigned int)’
[ 54%] Linking CXX shared library ../../../bin/libggml-vulkan.so
[ 54%] Built target ggml-vulkan
[ 54%] Building CXX object ggml/src/CMakeFiles/ggml.dir/ggml-backend-reg.cpp.o
[ 54%] Building CXX object ggml/src/CMakeFiles/ggml.dir/ggml-backend-dl.cpp.o
[ 54%] Linking CXX shared library ../../bin/libggml.so
[ 54%] Built target ggml
[ 54%] Building CXX object src/CMakeFiles/llama.dir/llama-arch.cpp.o
[ 54%] Building CXX object src/CMakeFiles/llama.dir/llama-adapter.cpp.o
[ 54%] Building CXX object src/CMakeFiles/llama.dir/llama.cpp.o
[ 54%] Building CXX object src/CMakeFiles/llama.dir/llama-batch.cpp.o
[ 54%] Building CXX object src/CMakeFiles/llama.dir/llama-chat.cpp.o
[ 56%] Building CXX object src/CMakeFiles/llama.dir/llama-context.cpp.o
[ 56%] Building CXX object src/CMakeFiles/llama.dir/llama-cparams.cpp.o
[ 56%] Building CXX object src/CMakeFiles/llama.dir/llama-grammar.cpp.o
[ 56%] Building CXX object src/CMakeFiles/llama.dir/llama-hparams.cpp.o
[ 56%] Building CXX object src/CMakeFiles/llama.dir/llama-impl.cpp.o
[ 56%] Building CXX object src/CMakeFiles/llama.dir/llama-io.cpp.o
[ 56%] Building CXX object src/CMakeFiles/llama.dir/llama-graph.cpp.o
[ 57%] Building CXX object src/CMakeFiles/llama.dir/llama-kv-cache.cpp.o
[ 57%] Building CXX object src/CMakeFiles/llama.dir/llama-kv-cache-iswa.cpp.o
[ 57%] Building CXX object src/CMakeFiles/llama.dir/llama-kv-cache-dsa.cpp.o
[ 57%] Building CXX object src/CMakeFiles/llama.dir/llama-kv-cache-dsa-iswa.cpp.o
[ 57%] Building CXX object src/CMakeFiles/llama.dir/llama-kv-cache-msa.cpp.o
[ 57%] Building CXX object src/CMakeFiles/llama.dir/llama-kv-cache-dsv4.cpp.o
[ 58%] Building CXX object src/CMakeFiles/llama.dir/llama-memory.cpp.o
[ 58%] Building CXX object src/CMakeFiles/llama.dir/llama-memory-hybrid.cpp.o
[ 58%] Building CXX object src/CMakeFiles/llama.dir/llama-memory-hybrid-iswa.cpp.o
[ 58%] Building CXX object src/CMakeFiles/llama.dir/llama-memory-hybrid-idx.cpp.o
[ 58%] Building CXX object src/CMakeFiles/llama.dir/llama-memory-recurrent.cpp.o
[ 58%] Building CXX object src/CMakeFiles/llama.dir/llama-mmap.cpp.o
[ 58%] Building CXX object src/CMakeFiles/llama.dir/llama-model-loader.cpp.o
[ 59%] Building CXX object src/CMakeFiles/llama.dir/llama-model-saver.cpp.o
[ 59%] Building CXX object src/CMakeFiles/llama.dir/llama-model.cpp.o
[ 59%] Building CXX object src/CMakeFiles/llama.dir/llama-quant.cpp.o
[ 59%] Building CXX object src/CMakeFiles/llama.dir/llama-sampler.cpp.o
[ 59%] Building CXX object src/CMakeFiles/llama.dir/llama-vocab.cpp.o
[ 59%] Building CXX object src/CMakeFiles/llama.dir/unicode-data.cpp.o
[ 59%] Building CXX object src/CMakeFiles/llama.dir/unicode.cpp.o
[ 60%] Building CXX object src/CMakeFiles/llama.dir/models/afmoe.cpp.o
[ 60%] Building CXX object src/CMakeFiles/llama.dir/models/apertus.cpp.o
[ 60%] Building CXX object src/CMakeFiles/llama.dir/models/arcee.cpp.o
[ 60%] Building CXX object src/CMakeFiles/llama.dir/models/arctic.cpp.o
[ 60%] Building CXX object src/CMakeFiles/llama.dir/models/arwkv7.cpp.o
[ 60%] Building CXX object src/CMakeFiles/llama.dir/models/baichuan.cpp.o
[ 60%] Building CXX object src/CMakeFiles/llama.dir/models/bailingmoe.cpp.o
[ 61%] Building CXX object src/CMakeFiles/llama.dir/models/bailingmoe2.cpp.o
[ 61%] Building CXX object src/CMakeFiles/llama.dir/models/bailingmoe3.cpp.o
[ 61%] Building CXX object src/CMakeFiles/llama.dir/models/bert.cpp.o
[ 61%] Building CXX object src/CMakeFiles/llama.dir/models/bitnet.cpp.o
[ 61%] Building CXX object src/CMakeFiles/llama.dir/models/bloom.cpp.o
[ 61%] Building CXX object src/CMakeFiles/llama.dir/models/chameleon.cpp.o
[ 61%] Building CXX object src/CMakeFiles/llama.dir/models/chatglm.cpp.o
[ 62%] Building CXX object src/CMakeFiles/llama.dir/models/clip.cpp.o
[ 62%] Building CXX object src/CMakeFiles/llama.dir/models/codeshell.cpp.o
[ 62%] Building CXX object src/CMakeFiles/llama.dir/models/cogvlm.cpp.o
[ 62%] Building CXX object src/CMakeFiles/llama.dir/models/cohere2.cpp.o
[ 62%] Building CXX object src/CMakeFiles/llama.dir/models/cohere2moe.cpp.o
[ 62%] Building CXX object src/CMakeFiles/llama.dir/models/command-r.cpp.o
[ 62%] Building CXX object src/CMakeFiles/llama.dir/models/dbrx.cpp.o
[ 63%] Building CXX object src/CMakeFiles/llama.dir/models/deci.cpp.o
[ 63%] Building CXX object src/CMakeFiles/llama.dir/models/deepseek.cpp.o
[ 63%] Building CXX object src/CMakeFiles/llama.dir/models/deepseek2.cpp.o
[ 63%] Building CXX object src/CMakeFiles/llama.dir/models/deepseek2ocr.cpp.o
[ 63%] Building CXX object src/CMakeFiles/llama.dir/models/deepseek32.cpp.o
[ 63%] Building CXX object src/CMakeFiles/llama.dir/models/deepseek4.cpp.o
[ 63%] Building CXX object src/CMakeFiles/llama.dir/models/delta-net-base.cpp.o
[ 64%] Building CXX object src/CMakeFiles/llama.dir/models/dflash.cpp.o
[ 64%] Building CXX object src/CMakeFiles/llama.dir/models/dots1.cpp.o
[ 64%] Building CXX object src/CMakeFiles/llama.dir/models/dots3note.cpp.o
[ 64%] Building CXX object src/CMakeFiles/llama.dir/models/dream.cpp.o
[ 64%] Building CXX object src/CMakeFiles/llama.dir/models/eagle3.cpp.o
[ 64%] Building CXX object src/CMakeFiles/llama.dir/models/ernie4-5-moe.cpp.o
[ 64%] Building CXX object src/CMakeFiles/llama.dir/models/ernie4-5.cpp.o
[ 65%] Building CXX object src/CMakeFiles/llama.dir/models/eurobert.cpp.o
[ 65%] Building CXX object src/CMakeFiles/llama.dir/models/exaone-moe.cpp.o
[ 65%] Building CXX object src/CMakeFiles/llama.dir/models/exaone.cpp.o
[ 65%] Building CXX object src/CMakeFiles/llama.dir/models/exaone4.cpp.o
[ 65%] Building CXX object src/CMakeFiles/llama.dir/models/falcon-h1.cpp.o
[ 65%] Building CXX object src/CMakeFiles/llama.dir/models/falcon.cpp.o
[ 65%] Building CXX object src/CMakeFiles/llama.dir/models/gemma-embedding.cpp.o
[ 67%] Building CXX object src/CMakeFiles/llama.dir/models/gemma.cpp.o
[ 67%] Building CXX object src/CMakeFiles/llama.dir/models/gemma2.cpp.o
[ 67%] Building CXX object src/CMakeFiles/llama.dir/models/gemma3.cpp.o
[ 67%] Building CXX object src/CMakeFiles/llama.dir/models/gemma3n.cpp.o
[ 67%] Building CXX object src/CMakeFiles/llama.dir/models/gemma4-assistant.cpp.o
[ 67%] Building CXX object src/CMakeFiles/llama.dir/models/gemma4.cpp.o
[ 67%] Building CXX object src/CMakeFiles/llama.dir/models/glm-dsa.cpp.o
[ 68%] Building CXX object src/CMakeFiles/llama.dir/models/glm4-moe.cpp.o
[ 68%] Building CXX object src/CMakeFiles/llama.dir/models/glm4.cpp.o
[ 68%] Building CXX object src/CMakeFiles/llama.dir/models/gpt2.cpp.o
[ 68%] Building CXX object src/CMakeFiles/llama.dir/models/gptneox.cpp.o
[ 68%] Building CXX object src/CMakeFiles/llama.dir/models/granite-hybrid.cpp.o
[ 68%] Building CXX object src/CMakeFiles/llama.dir/models/granite-moe.cpp.o
[ 68%] Building CXX object src/CMakeFiles/llama.dir/models/granite-swa.cpp.o
[ 69%] Building CXX object src/CMakeFiles/llama.dir/models/granite-switch.cpp.o
[ 69%] Building CXX object src/CMakeFiles/llama.dir/models/granite.cpp.o
[ 69%] Building CXX object src/CMakeFiles/llama.dir/models/grok.cpp.o
[ 69%] Building CXX object src/CMakeFiles/llama.dir/models/grovemoe.cpp.o
[ 69%] Building CXX object src/CMakeFiles/llama.dir/models/hunyuan-dense.cpp.o
[ 69%] Building CXX object src/CMakeFiles/llama.dir/models/hunyuan-moe.cpp.o
[ 69%] Building CXX object src/CMakeFiles/llama.dir/models/hunyuan-vl.cpp.o
[ 70%] Building CXX object src/CMakeFiles/llama.dir/models/hy-v3.cpp.o
[ 70%] Building CXX object src/CMakeFiles/llama.dir/models/internlm2.cpp.o
[ 70%] Building CXX object src/CMakeFiles/llama.dir/models/jais.cpp.o
[ 70%] Building CXX object src/CMakeFiles/llama.dir/models/jais2.cpp.o
[ 70%] Building CXX object src/CMakeFiles/llama.dir/models/jamba.cpp.o
[ 70%] Building CXX object src/CMakeFiles/llama.dir/models/jina-bert-v2.cpp.o
[ 70%] Building CXX object src/CMakeFiles/llama.dir/models/jina-bert-v3.cpp.o
[ 71%] Building CXX object src/CMakeFiles/llama.dir/models/kimi-k3.cpp.o
[ 71%] Building CXX object src/CMakeFiles/llama.dir/models/kimi-linear.cpp.o
[ 71%] Building CXX object src/CMakeFiles/llama.dir/models/laguna.cpp.o
[ 71%] Building CXX object src/CMakeFiles/llama.dir/models/lfm2.cpp.o
[ 71%] Building CXX object src/CMakeFiles/llama.dir/models/lfm2moe.cpp.o
[ 71%] Building CXX object src/CMakeFiles/llama.dir/models/llada-moe.cpp.o
[ 71%] Building CXX object src/CMakeFiles/llama.dir/models/llada.cpp.o
[ 72%] Building CXX object src/CMakeFiles/llama.dir/models/llama-embed.cpp.o
[ 72%] Building CXX object src/CMakeFiles/llama.dir/models/llama.cpp.o
[ 72%] Building CXX object src/CMakeFiles/llama.dir/models/llama4.cpp.o
[ 72%] Building CXX object src/CMakeFiles/llama.dir/models/maincoder.cpp.o
[ 72%] Building CXX object src/CMakeFiles/llama.dir/models/mamba-base.cpp.o
[ 72%] Building CXX object src/CMakeFiles/llama.dir/models/mamba.cpp.o
[ 72%] Building CXX object src/CMakeFiles/llama.dir/models/mamba2.cpp.o
[ 73%] Building CXX object src/CMakeFiles/llama.dir/models/mellum.cpp.o
[ 73%] Building CXX object src/CMakeFiles/llama.dir/models/mimo2.cpp.o
[ 73%] Building CXX object src/CMakeFiles/llama.dir/models/minicpm.cpp.o
[ 73%] Building CXX object src/CMakeFiles/llama.dir/models/minicpm3.cpp.o
[ 73%] Building CXX object src/CMakeFiles/llama.dir/models/minimax-01.cpp.o
[ 73%] Building CXX object src/CMakeFiles/llama.dir/models/minimax-m2.cpp.o
[ 73%] Building CXX object src/CMakeFiles/llama.dir/models/minimax-m3.cpp.o
[ 74%] Building CXX object src/CMakeFiles/llama.dir/models/mistral3.cpp.o
[ 74%] Building CXX object src/CMakeFiles/llama.dir/models/mistral4.cpp.o
[ 74%] Building CXX object src/CMakeFiles/llama.dir/models/modern-bert.cpp.o
[ 74%] Building CXX object src/CMakeFiles/llama.dir/models/mpt.cpp.o
[ 74%] Building CXX object src/CMakeFiles/llama.dir/models/muse-glimmer.cpp.o
[ 74%] Building CXX object src/CMakeFiles/llama.dir/models/nanbeige.cpp.o
[ 74%] Building CXX object src/CMakeFiles/llama.dir/models/nemotron.cpp.o
[ 74%] Building CXX object src/CMakeFiles/llama.dir/models/nemotron-h-moe.cpp.o
[ 74%] Building CXX object src/CMakeFiles/llama.dir/models/neo-bert.cpp.o
[ 75%] Building CXX object src/CMakeFiles/llama.dir/models/nemotron-h.cpp.o
[ 75%] Building CXX object src/CMakeFiles/llama.dir/models/nomic-bert-moe.cpp.o
[ 75%] Building CXX object src/CMakeFiles/llama.dir/models/nomic-bert.cpp.o
[ 75%] Building CXX object src/CMakeFiles/llama.dir/models/olmo.cpp.o
[ 75%] Building CXX object src/CMakeFiles/llama.dir/models/olmo2.cpp.o
[ 76%] Building CXX object src/CMakeFiles/llama.dir/models/olmoe.cpp.o
[ 76%] Building CXX object src/CMakeFiles/llama.dir/models/openai-moe.cpp.o
[ 76%] Building CXX object src/CMakeFiles/llama.dir/models/openelm.cpp.o
[ 76%] Building CXX object src/CMakeFiles/llama.dir/models/orion.cpp.o
[ 76%] Building CXX object src/CMakeFiles/llama.dir/models/paddleocr.cpp.o
[ 76%] Building CXX object src/CMakeFiles/llama.dir/models/pangu-embed.cpp.o
[ 76%] Building CXX object src/CMakeFiles/llama.dir/models/phi2.cpp.o
[ 78%] Building CXX object src/CMakeFiles/llama.dir/models/phimoe.cpp.o
[ 78%] Building CXX object src/CMakeFiles/llama.dir/models/phi3.cpp.o
[ 78%] Building CXX object src/CMakeFiles/llama.dir/models/plamo.cpp.o
[ 78%] Building CXX object src/CMakeFiles/llama.dir/models/plamo2.cpp.o
[ 78%] Building CXX object src/CMakeFiles/llama.dir/models/plamo3.cpp.o
[ 78%] Building CXX object src/CMakeFiles/llama.dir/models/plm.cpp.o
[ 78%] Building CXX object src/CMakeFiles/llama.dir/models/pockettts.cpp.o
[ 79%] Building CXX object src/CMakeFiles/llama.dir/models/qwen.cpp.o
[ 79%] Building CXX object src/CMakeFiles/llama.dir/models/qwen2.cpp.o
[ 79%] Building CXX object src/CMakeFiles/llama.dir/models/qwen2moe.cpp.o
[ 79%] Building CXX object src/CMakeFiles/llama.dir/models/qwen2vl.cpp.o
[ 79%] Building CXX object src/CMakeFiles/llama.dir/models/qwen35.cpp.o
[ 79%] Building CXX object src/CMakeFiles/llama.dir/models/qwen3.cpp.o
[ 79%] Building CXX object src/CMakeFiles/llama.dir/models/qwen35moe.cpp.o
[ 80%] Building CXX object src/CMakeFiles/llama.dir/models/qwen3moe.cpp.o
[ 80%] Building CXX object src/CMakeFiles/llama.dir/models/qwen3next.cpp.o
[ 80%] Building CXX object src/CMakeFiles/llama.dir/models/qwen3tts.cpp.o
[ 80%] Building CXX object src/CMakeFiles/llama.dir/models/qwen3vl.cpp.o
[ 80%] Building CXX object src/CMakeFiles/llama.dir/models/qwen3vlmoe.cpp.o
[ 80%] Building CXX object src/CMakeFiles/llama.dir/models/qwen4exp.cpp.o
[ 80%] Building CXX object src/CMakeFiles/llama.dir/models/refact.cpp.o
[ 81%] Building CXX object src/CMakeFiles/llama.dir/models/rnd1.cpp.o
[ 81%] Building CXX object src/CMakeFiles/llama.dir/models/rwkv6-base.cpp.o
[ 81%] Building CXX object src/CMakeFiles/llama.dir/models/rwkv6.cpp.o
[ 81%] Building CXX object src/CMakeFiles/llama.dir/models/rwkv6qwen2.cpp.o
[ 81%] Building CXX object src/CMakeFiles/llama.dir/models/rwkv7-base.cpp.o
[ 81%] Building CXX object src/CMakeFiles/llama.dir/models/rwkv7.cpp.o
[ 81%] Building CXX object src/CMakeFiles/llama.dir/models/seed-oss.cpp.o
[ 82%] Building CXX object src/CMakeFiles/llama.dir/models/smallthinker.cpp.o
[ 82%] Building CXX object src/CMakeFiles/llama.dir/models/smollm3.cpp.o
[ 82%] Building CXX object src/CMakeFiles/llama.dir/models/stablelm.cpp.o
[ 82%] Building CXX object src/CMakeFiles/llama.dir/models/starcoder.cpp.o
[ 82%] Building CXX object src/CMakeFiles/llama.dir/models/starcoder2.cpp.o
[ 82%] Building CXX object src/CMakeFiles/llama.dir/models/step35.cpp.o
[ 82%] Building CXX object src/CMakeFiles/llama.dir/models/t5.cpp.o
[ 83%] Building CXX object src/CMakeFiles/llama.dir/models/t5encoder.cpp.o
[ 83%] Building CXX object src/CMakeFiles/llama.dir/models/talkie.cpp.o
[ 83%] Building CXX object src/CMakeFiles/llama.dir/models/wavtokenizer-dec.cpp.o
[ 83%] Building CXX object src/CMakeFiles/llama.dir/models/xverse.cpp.o
[ 83%] Linking CXX shared library ../bin/libllama.so
[ 83%] Built target llama
[ 83%] Building CXX object common/CMakeFiles/llama-common.dir/chat-diff-analyzer.cpp.o
[ 83%] Building CXX object tools/mtmd/CMakeFiles/mtmd.dir/mtmd-helper.cpp.o
[ 83%] Building CXX object common/CMakeFiles/llama-common.dir/arg.cpp.o
[ 83%] Building CXX object tools/mtmd/CMakeFiles/mtmd.dir/mtmd-image.cpp.o
[ 83%] Building CXX object common/CMakeFiles/llama-common.dir/chat-auto-parser-generator.cpp.o
[ 83%] Building CXX object common/CMakeFiles/llama-common.dir/chat-peg-parser.cpp.o
[ 83%] Building CXX object tools/mtmd/CMakeFiles/mtmd.dir/mtmd-audio.cpp.o
[ 83%] Building CXX object common/CMakeFiles/llama-common.dir/common.cpp.o
[ 83%] Building CXX object common/CMakeFiles/llama-common.dir/chat-auto-parser-helpers.cpp.o
[ 84%] Building CXX object tools/mtmd/CMakeFiles/mtmd.dir/mtmd.cpp.o
[ 84%] Building CXX object tools/mtmd/CMakeFiles/mtmd.dir/mtmd-helper-gen.cpp.o
[ 85%] Building CXX object common/CMakeFiles/llama-common.dir/chat.cpp.o
[ 85%] Building CXX object common/CMakeFiles/llama-common.dir/console.cpp.o
[ 85%] Building CXX object tools/mtmd/CMakeFiles/mtmd.dir/clip.cpp.o
[ 85%] Building CXX object common/CMakeFiles/llama-common.dir/debug.cpp.o
[ 85%] Building CXX object tools/mtmd/CMakeFiles/mtmd.dir/models/cogvlm.cpp.o
In file included from /mnt/slopper/llama-cpp-arc/llama.cpp/tools/mtmd/clip.cpp:4:
/mnt/slopper/llama-cpp-arc/llama.cpp/tools/mtmd/clip-graph.h:12:62: warning: bitwise operation between different enumeration types ‘ggml_scale_mode’ and ‘ggml_scale_flag’ is deprecated [-Wdeprecated-enum-enum-conversion]
   12 | #define DEFAULT_INTERPOLATION_MODE (GGML_SCALE_MODE_BILINEAR | GGML_SCALE_FLAG_ANTIALIAS)
      |                                     ~~~~~~~~~~~~~~~~~~~~~~~~~^~~~~~~~~~~~~~~~~~~~~~~~~~~
/mnt/slopper/llama-cpp-arc/llama.cpp/tools/mtmd/clip-graph.h:84:76: note: in expansion of macro ‘DEFAULT_INTERPOLATION_MODE’
   84 |     ggml_tensor * resize_position_embeddings(uint32_t interpolation_mode = DEFAULT_INTERPOLATION_MODE);
      |                                                                            ^~~~~~~~~~~~~~~~~~~~~~~~~~
In file included from /mnt/slopper/llama-cpp-arc/llama.cpp/tools/mtmd/models/models.h:3,
                 from /mnt/slopper/llama-cpp-arc/llama.cpp/tools/mtmd/models/cogvlm.cpp:1:
/mnt/slopper/llama-cpp-arc/llama.cpp/tools/mtmd/models/../clip-graph.h:12:62: warning: bitwise operation between different enumeration types ‘ggml_scale_mode’ and ‘ggml_scale_flag’ is deprecated [-Wdeprecated-enum-enum-conversion]
   12 | #define DEFAULT_INTERPOLATION_MODE (GGML_SCALE_MODE_BILINEAR | GGML_SCALE_FLAG_ANTIALIAS)
      |                                     ~~~~~~~~~~~~~~~~~~~~~~~~~^~~~~~~~~~~~~~~~~~~~~~~~~~~
/mnt/slopper/llama-cpp-arc/llama.cpp/tools/mtmd/models/../clip-graph.h:84:76: note: in expansion of macro ‘DEFAULT_INTERPOLATION_MODE’
   84 |     ggml_tensor * resize_position_embeddings(uint32_t interpolation_mode = DEFAULT_INTERPOLATION_MODE);
      |                                                                            ^~~~~~~~~~~~~~~~~~~~~~~~~~
[ 85%] Building CXX object common/CMakeFiles/llama-common.dir/download.cpp.o
[ 85%] Building CXX object tools/mtmd/CMakeFiles/mtmd.dir/models/conformer.cpp.o
[ 85%] Building CXX object tools/mtmd/CMakeFiles/mtmd.dir/models/deepseek4v.cpp.o
[ 85%] Building CXX object common/CMakeFiles/llama-common.dir/fit.cpp.o
[ 85%] Building CXX object tools/mtmd/CMakeFiles/mtmd.dir/models/dots3note.cpp.o
In file included from /mnt/slopper/llama-cpp-arc/llama.cpp/tools/mtmd/models/models.h:3,
                 from /mnt/slopper/llama-cpp-arc/llama.cpp/tools/mtmd/models/deepseek4v.cpp:1:
/mnt/slopper/llama-cpp-arc/llama.cpp/tools/mtmd/models/../clip-graph.h:12:62: warning: bitwise operation between different enumeration types ‘ggml_scale_mode’ and ‘ggml_scale_flag’ is deprecated [-Wdeprecated-enum-enum-conversion]
   12 | #define DEFAULT_INTERPOLATION_MODE (GGML_SCALE_MODE_BILINEAR | GGML_SCALE_FLAG_ANTIALIAS)
      |                                     ~~~~~~~~~~~~~~~~~~~~~~~~~^~~~~~~~~~~~~~~~~~~~~~~~~~~
/mnt/slopper/llama-cpp-arc/llama.cpp/tools/mtmd/models/../clip-graph.h:84:76: note: in expansion of macro ‘DEFAULT_INTERPOLATION_MODE’
   84 |     ggml_tensor * resize_position_embeddings(uint32_t interpolation_mode = DEFAULT_INTERPOLATION_MODE);
      |                                                                            ^~~~~~~~~~~~~~~~~~~~~~~~~~
In file included from /mnt/slopper/llama-cpp-arc/llama.cpp/tools/mtmd/models/models.h:3,
                 from /mnt/slopper/llama-cpp-arc/llama.cpp/tools/mtmd/models/conformer.cpp:1:
/mnt/slopper/llama-cpp-arc/llama.cpp/tools/mtmd/models/../clip-graph.h:12:62: warning: bitwise operation between different enumeration types ‘ggml_scale_mode’ and ‘ggml_scale_flag’ is deprecated [-Wdeprecated-enum-enum-conversion]
   12 | #define DEFAULT_INTERPOLATION_MODE (GGML_SCALE_MODE_BILINEAR | GGML_SCALE_FLAG_ANTIALIAS)
      |                                     ~~~~~~~~~~~~~~~~~~~~~~~~~^~~~~~~~~~~~~~~~~~~~~~~~~~~
/mnt/slopper/llama-cpp-arc/llama.cpp/tools/mtmd/models/../clip-graph.h:84:76: note: in expansion of macro ‘DEFAULT_INTERPOLATION_MODE’
   84 |     ggml_tensor * resize_position_embeddings(uint32_t interpolation_mode = DEFAULT_INTERPOLATION_MODE);
      |                                                                            ^~~~~~~~~~~~~~~~~~~~~~~~~~
[ 85%] Building CXX object tools/mtmd/CMakeFiles/mtmd.dir/models/dotsocr.cpp.o
[ 85%] Building CXX object common/CMakeFiles/llama-common.dir/hf-cache.cpp.o
In file included from /mnt/slopper/llama-cpp-arc/llama.cpp/tools/mtmd/models/models.h:3,
                 from /mnt/slopper/llama-cpp-arc/llama.cpp/tools/mtmd/models/dots3note.cpp:1:
/mnt/slopper/llama-cpp-arc/llama.cpp/tools/mtmd/models/../clip-graph.h:12:62: warning: bitwise operation between different enumeration types ‘ggml_scale_mode’ and ‘ggml_scale_flag’ is deprecated [-Wdeprecated-enum-enum-conversion]
   12 | #define DEFAULT_INTERPOLATION_MODE (GGML_SCALE_MODE_BILINEAR | GGML_SCALE_FLAG_ANTIALIAS)
      |                                     ~~~~~~~~~~~~~~~~~~~~~~~~~^~~~~~~~~~~~~~~~~~~~~~~~~~~
/mnt/slopper/llama-cpp-arc/llama.cpp/tools/mtmd/models/../clip-graph.h:84:76: note: in expansion of macro ‘DEFAULT_INTERPOLATION_MODE’
   84 |     ggml_tensor * resize_position_embeddings(uint32_t interpolation_mode = DEFAULT_INTERPOLATION_MODE);
      |                                                                            ^~~~~~~~~~~~~~~~~~~~~~~~~~
[ 86%] Building CXX object common/CMakeFiles/llama-common.dir/imatrix-loader.cpp.o
In file included from /mnt/slopper/llama-cpp-arc/llama.cpp/tools/mtmd/models/models.h:3,
                 from /mnt/slopper/llama-cpp-arc/llama.cpp/tools/mtmd/models/dotsocr.cpp:1:
/mnt/slopper/llama-cpp-arc/llama.cpp/tools/mtmd/models/../clip-graph.h:12:62: warning: bitwise operation between different enumeration types ‘ggml_scale_mode’ and ‘ggml_scale_flag’ is deprecated [-Wdeprecated-enum-enum-conversion]
   12 | #define DEFAULT_INTERPOLATION_MODE (GGML_SCALE_MODE_BILINEAR | GGML_SCALE_FLAG_ANTIALIAS)
      |                                     ~~~~~~~~~~~~~~~~~~~~~~~~~^~~~~~~~~~~~~~~~~~~~~~~~~~~
/mnt/slopper/llama-cpp-arc/llama.cpp/tools/mtmd/models/../clip-graph.h:84:76: note: in expansion of macro ‘DEFAULT_INTERPOLATION_MODE’
   84 |     ggml_tensor * resize_position_embeddings(uint32_t interpolation_mode = DEFAULT_INTERPOLATION_MODE);
      |                                                                            ^~~~~~~~~~~~~~~~~~~~~~~~~~
[ 87%] Building CXX object tools/mtmd/CMakeFiles/mtmd.dir/models/exaone4_5.cpp.o
[ 87%] Building CXX object tools/mtmd/CMakeFiles/mtmd.dir/models/gemma4a.cpp.o
[ 87%] Building CXX object common/CMakeFiles/llama-common.dir/json-schema-to-grammar.cpp.o
[ 87%] Building CXX object common/CMakeFiles/llama-common.dir/json.cpp.o
In file included from /mnt/slopper/llama-cpp-arc/llama.cpp/tools/mtmd/models/models.h:3,
                 from /mnt/slopper/llama-cpp-arc/llama.cpp/tools/mtmd/models/gemma4a.cpp:8:
/mnt/slopper/llama-cpp-arc/llama.cpp/tools/mtmd/models/../clip-graph.h:12:62: warning: bitwise operation between different enumeration types ‘ggml_scale_mode’ and ‘ggml_scale_flag’ is deprecated [-Wdeprecated-enum-enum-conversion]
   12 | #define DEFAULT_INTERPOLATION_MODE (GGML_SCALE_MODE_BILINEAR | GGML_SCALE_FLAG_ANTIALIAS)
      |                                     ~~~~~~~~~~~~~~~~~~~~~~~~~^~~~~~~~~~~~~~~~~~~~~~~~~~~
/mnt/slopper/llama-cpp-arc/llama.cpp/tools/mtmd/models/../clip-graph.h:84:76: note: in expansion of macro ‘DEFAULT_INTERPOLATION_MODE’
   84 |     ggml_tensor * resize_position_embeddings(uint32_t interpolation_mode = DEFAULT_INTERPOLATION_MODE);
      |                                                                            ^~~~~~~~~~~~~~~~~~~~~~~~~~
In file included from /mnt/slopper/llama-cpp-arc/llama.cpp/tools/mtmd/models/models.h:3,
                 from /mnt/slopper/llama-cpp-arc/llama.cpp/tools/mtmd/models/exaone4_5.cpp:2:
/mnt/slopper/llama-cpp-arc/llama.cpp/tools/mtmd/models/../clip-graph.h:12:62: warning: bitwise operation between different enumeration types ‘ggml_scale_mode’ and ‘ggml_scale_flag’ is deprecated [-Wdeprecated-enum-enum-conversion]
   12 | #define DEFAULT_INTERPOLATION_MODE (GGML_SCALE_MODE_BILINEAR | GGML_SCALE_FLAG_ANTIALIAS)
      |                                     ~~~~~~~~~~~~~~~~~~~~~~~~~^~~~~~~~~~~~~~~~~~~~~~~~~~~
/mnt/slopper/llama-cpp-arc/llama.cpp/tools/mtmd/models/../clip-graph.h:84:76: note: in expansion of macro ‘DEFAULT_INTERPOLATION_MODE’
   84 |     ggml_tensor * resize_position_embeddings(uint32_t interpolation_mode = DEFAULT_INTERPOLATION_MODE);
      |                                                                            ^~~~~~~~~~~~~~~~~~~~~~~~~~
[ 87%] Building CXX object tools/mtmd/CMakeFiles/mtmd.dir/models/gemma4v.cpp.o
[ 87%] Building CXX object common/CMakeFiles/llama-common.dir/llguidance.cpp.o
[ 87%] Building CXX object tools/mtmd/CMakeFiles/mtmd.dir/models/gemma4ua.cpp.o
[ 87%] Building CXX object common/CMakeFiles/llama-common.dir/log.cpp.o
In file included from /mnt/slopper/llama-cpp-arc/llama.cpp/tools/mtmd/models/models.h:3,
                 from /mnt/slopper/llama-cpp-arc/llama.cpp/tools/mtmd/models/gemma4ua.cpp:1:
/mnt/slopper/llama-cpp-arc/llama.cpp/tools/mtmd/models/../clip-graph.h:12:62: warning: bitwise operation between different enumeration types ‘ggml_scale_mode’ and ‘ggml_scale_flag’ is deprecated [-Wdeprecated-enum-enum-conversion]
   12 | #define DEFAULT_INTERPOLATION_MODE (GGML_SCALE_MODE_BILINEAR | GGML_SCALE_FLAG_ANTIALIAS)
      |                                     ~~~~~~~~~~~~~~~~~~~~~~~~~^~~~~~~~~~~~~~~~~~~~~~~~~~~
/mnt/slopper/llama-cpp-arc/llama.cpp/tools/mtmd/models/../clip-graph.h:84:76: note: in expansion of macro ‘DEFAULT_INTERPOLATION_MODE’
   84 |     ggml_tensor * resize_position_embeddings(uint32_t interpolation_mode = DEFAULT_INTERPOLATION_MODE);
      |                                                                            ^~~~~~~~~~~~~~~~~~~~~~~~~~
In file included from /mnt/slopper/llama-cpp-arc/llama.cpp/tools/mtmd/models/models.h:3,
                 from /mnt/slopper/llama-cpp-arc/llama.cpp/tools/mtmd/models/gemma4v.cpp:1:
/mnt/slopper/llama-cpp-arc/llama.cpp/tools/mtmd/models/../clip-graph.h:12:62: warning: bitwise operation between different enumeration types ‘ggml_scale_mode’ and ‘ggml_scale_flag’ is deprecated [-Wdeprecated-enum-enum-conversion]
   12 | #define DEFAULT_INTERPOLATION_MODE (GGML_SCALE_MODE_BILINEAR | GGML_SCALE_FLAG_ANTIALIAS)
      |                                     ~~~~~~~~~~~~~~~~~~~~~~~~~^~~~~~~~~~~~~~~~~~~~~~~~~~~
/mnt/slopper/llama-cpp-arc/llama.cpp/tools/mtmd/models/../clip-graph.h:84:76: note: in expansion of macro ‘DEFAULT_INTERPOLATION_MODE’
   84 |     ggml_tensor * resize_position_embeddings(uint32_t interpolation_mode = DEFAULT_INTERPOLATION_MODE);
      |                                                                            ^~~~~~~~~~~~~~~~~~~~~~~~~~
[ 87%] Building CXX object tools/mtmd/CMakeFiles/mtmd.dir/models/gemma4uv.cpp.o
[ 87%] Building CXX object common/CMakeFiles/llama-common.dir/ngram-cache.cpp.o
[ 87%] Building CXX object common/CMakeFiles/llama-common.dir/ngram-map.cpp.o
In file included from /mnt/slopper/llama-cpp-arc/llama.cpp/tools/mtmd/models/models.h:3,
                 from /mnt/slopper/llama-cpp-arc/llama.cpp/tools/mtmd/models/gemma4uv.cpp:1:
/mnt/slopper/llama-cpp-arc/llama.cpp/tools/mtmd/models/../clip-graph.h:12:62: warning: bitwise operation between different enumeration types ‘ggml_scale_mode’ and ‘ggml_scale_flag’ is deprecated [-Wdeprecated-enum-enum-conversion]
   12 | #define DEFAULT_INTERPOLATION_MODE (GGML_SCALE_MODE_BILINEAR | GGML_SCALE_FLAG_ANTIALIAS)
      |                                     ~~~~~~~~~~~~~~~~~~~~~~~~~^~~~~~~~~~~~~~~~~~~~~~~~~~~
/mnt/slopper/llama-cpp-arc/llama.cpp/tools/mtmd/models/../clip-graph.h:84:76: note: in expansion of macro ‘DEFAULT_INTERPOLATION_MODE’
   84 |     ggml_tensor * resize_position_embeddings(uint32_t interpolation_mode = DEFAULT_INTERPOLATION_MODE);
      |                                                                            ^~~~~~~~~~~~~~~~~~~~~~~~~~
[ 87%] Building CXX object tools/mtmd/CMakeFiles/mtmd.dir/models/glm4v.cpp.o
[ 89%] Building CXX object common/CMakeFiles/llama-common.dir/ngram-mod.cpp.o
[ 89%] Building CXX object common/CMakeFiles/llama-common.dir/peg-parser.cpp.o
[ 89%] Building CXX object common/CMakeFiles/llama-common.dir/preset.cpp.o
In file included from /mnt/slopper/llama-cpp-arc/llama.cpp/tools/mtmd/models/models.h:3,
                 from /mnt/slopper/llama-cpp-arc/llama.cpp/tools/mtmd/models/glm4v.cpp:1:
/mnt/slopper/llama-cpp-arc/llama.cpp/tools/mtmd/models/../clip-graph.h:12:62: warning: bitwise operation between different enumeration types ‘ggml_scale_mode’ and ‘ggml_scale_flag’ is deprecated [-Wdeprecated-enum-enum-conversion]
   12 | #define DEFAULT_INTERPOLATION_MODE (GGML_SCALE_MODE_BILINEAR | GGML_SCALE_FLAG_ANTIALIAS)
      |                                     ~~~~~~~~~~~~~~~~~~~~~~~~~^~~~~~~~~~~~~~~~~~~~~~~~~~~
/mnt/slopper/llama-cpp-arc/llama.cpp/tools/mtmd/models/../clip-graph.h:84:76: note: in expansion of macro ‘DEFAULT_INTERPOLATION_MODE’
   84 |     ggml_tensor * resize_position_embeddings(uint32_t interpolation_mode = DEFAULT_INTERPOLATION_MODE);
      |                                                                            ^~~~~~~~~~~~~~~~~~~~~~~~~~
[ 89%] Building CXX object common/CMakeFiles/llama-common.dir/reasoning-budget.cpp.o
[ 89%] Building CXX object tools/mtmd/CMakeFiles/mtmd.dir/models/granite-speech.cpp.o
[ 90%] Building CXX object tools/mtmd/CMakeFiles/mtmd.dir/models/granite4-vision.cpp.o
In file included from /mnt/slopper/llama-cpp-arc/llama.cpp/tools/mtmd/models/models.h:3,
                 from /mnt/slopper/llama-cpp-arc/llama.cpp/tools/mtmd/models/granite-speech.cpp:1:
/mnt/slopper/llama-cpp-arc/llama.cpp/tools/mtmd/models/../clip-graph.h:12:62: warning: bitwise operation between different enumeration types ‘ggml_scale_mode’ and ‘ggml_scale_flag’ is deprecated [-Wdeprecated-enum-enum-conversion]
   12 | #define DEFAULT_INTERPOLATION_MODE (GGML_SCALE_MODE_BILINEAR | GGML_SCALE_FLAG_ANTIALIAS)
      |                                     ~~~~~~~~~~~~~~~~~~~~~~~~~^~~~~~~~~~~~~~~~~~~~~~~~~~~
/mnt/slopper/llama-cpp-arc/llama.cpp/tools/mtmd/models/../clip-graph.h:84:76: note: in expansion of macro ‘DEFAULT_INTERPOLATION_MODE’
   84 |     ggml_tensor * resize_position_embeddings(uint32_t interpolation_mode = DEFAULT_INTERPOLATION_MODE);
      |                                                                            ^~~~~~~~~~~~~~~~~~~~~~~~~~
In file included from /mnt/slopper/llama-cpp-arc/llama.cpp/tools/mtmd/models/models.h:3,
                 from /mnt/slopper/llama-cpp-arc/llama.cpp/tools/mtmd/models/granite4-vision.cpp:1:
/mnt/slopper/llama-cpp-arc/llama.cpp/tools/mtmd/models/../clip-graph.h:12:62: warning: bitwise operation between different enumeration types ‘ggml_scale_mode’ and ‘ggml_scale_flag’ is deprecated [-Wdeprecated-enum-enum-conversion]
   12 | #define DEFAULT_INTERPOLATION_MODE (GGML_SCALE_MODE_BILINEAR | GGML_SCALE_FLAG_ANTIALIAS)
      |                                     ~~~~~~~~~~~~~~~~~~~~~~~~~^~~~~~~~~~~~~~~~~~~~~~~~~~~
/mnt/slopper/llama-cpp-arc/llama.cpp/tools/mtmd/models/../clip-graph.h:84:76: note: in expansion of macro ‘DEFAULT_INTERPOLATION_MODE’
   84 |     ggml_tensor * resize_position_embeddings(uint32_t interpolation_mode = DEFAULT_INTERPOLATION_MODE);
      |                                                                            ^~~~~~~~~~~~~~~~~~~~~~~~~~
[ 90%] Building CXX object common/CMakeFiles/llama-common.dir/sampling.cpp.o
[ 90%] Building CXX object tools/mtmd/CMakeFiles/mtmd.dir/models/hunyuanvl.cpp.o
[ 90%] Building CXX object common/CMakeFiles/llama-common.dir/speculative.cpp.o
[ 90%] Building CXX object common/CMakeFiles/llama-common.dir/subproc.cpp.o
[ 91%] Building CXX object common/CMakeFiles/llama-common.dir/trie.cpp.o
[ 91%] Building CXX object common/CMakeFiles/llama-common.dir/unicode.cpp.o
In file included from /mnt/slopper/llama-cpp-arc/llama.cpp/tools/mtmd/models/models.h:3,
                 from /mnt/slopper/llama-cpp-arc/llama.cpp/tools/mtmd/models/hunyuanvl.cpp:1:
/mnt/slopper/llama-cpp-arc/llama.cpp/tools/mtmd/models/../clip-graph.h:12:62: warning: bitwise operation between different enumeration types ‘ggml_scale_mode’ and ‘ggml_scale_flag’ is deprecated [-Wdeprecated-enum-enum-conversion]
   12 | #define DEFAULT_INTERPOLATION_MODE (GGML_SCALE_MODE_BILINEAR | GGML_SCALE_FLAG_ANTIALIAS)
      |                                     ~~~~~~~~~~~~~~~~~~~~~~~~~^~~~~~~~~~~~~~~~~~~~~~~~~~~
/mnt/slopper/llama-cpp-arc/llama.cpp/tools/mtmd/models/../clip-graph.h:84:76: note: in expansion of macro ‘DEFAULT_INTERPOLATION_MODE’
   84 |     ggml_tensor * resize_position_embeddings(uint32_t interpolation_mode = DEFAULT_INTERPOLATION_MODE);
      |                                                                            ^~~~~~~~~~~~~~~~~~~~~~~~~~
[ 91%] Building CXX object common/CMakeFiles/llama-common.dir/jinja/lexer.cpp.o
[ 91%] Building CXX object tools/mtmd/CMakeFiles/mtmd.dir/models/internvl.cpp.o
[ 91%] Building CXX object tools/mtmd/CMakeFiles/mtmd.dir/models/kimivl.cpp.o
[ 91%] Building CXX object common/CMakeFiles/llama-common.dir/jinja/parser.cpp.o
[ 91%] Building CXX object common/CMakeFiles/llama-common.dir/jinja/runtime.cpp.o
[ 91%] Building CXX object tools/mtmd/CMakeFiles/mtmd.dir/models/kimik25.cpp.o
In file included from /mnt/slopper/llama-cpp-arc/llama.cpp/tools/mtmd/models/models.h:3,
                 from /mnt/slopper/llama-cpp-arc/llama.cpp/tools/mtmd/models/internvl.cpp:1:
/mnt/slopper/llama-cpp-arc/llama.cpp/tools/mtmd/models/../clip-graph.h:12:62: warning: bitwise operation between different enumeration types ‘ggml_scale_mode’ and ‘ggml_scale_flag’ is deprecated [-Wdeprecated-enum-enum-conversion]
   12 | #define DEFAULT_INTERPOLATION_MODE (GGML_SCALE_MODE_BILINEAR | GGML_SCALE_FLAG_ANTIALIAS)
      |                                     ~~~~~~~~~~~~~~~~~~~~~~~~~^~~~~~~~~~~~~~~~~~~~~~~~~~~
/mnt/slopper/llama-cpp-arc/llama.cpp/tools/mtmd/models/../clip-graph.h:84:76: note: in expansion of macro ‘DEFAULT_INTERPOLATION_MODE’
   84 |     ggml_tensor * resize_position_embeddings(uint32_t interpolation_mode = DEFAULT_INTERPOLATION_MODE);
      |                                                                            ^~~~~~~~~~~~~~~~~~~~~~~~~~
In file included from /mnt/slopper/llama-cpp-arc/llama.cpp/tools/mtmd/models/models.h:3,
                 from /mnt/slopper/llama-cpp-arc/llama.cpp/tools/mtmd/models/kimivl.cpp:1:
/mnt/slopper/llama-cpp-arc/llama.cpp/tools/mtmd/models/../clip-graph.h:12:62: warning: bitwise operation between different enumeration types ‘ggml_scale_mode’ and ‘ggml_scale_flag’ is deprecated [-Wdeprecated-enum-enum-conversion]
   12 | #define DEFAULT_INTERPOLATION_MODE (GGML_SCALE_MODE_BILINEAR | GGML_SCALE_FLAG_ANTIALIAS)
      |                                     ~~~~~~~~~~~~~~~~~~~~~~~~~^~~~~~~~~~~~~~~~~~~~~~~~~~~
/mnt/slopper/llama-cpp-arc/llama.cpp/tools/mtmd/models/../clip-graph.h:84:76: note: in expansion of macro ‘DEFAULT_INTERPOLATION_MODE’
   84 |     ggml_tensor * resize_position_embeddings(uint32_t interpolation_mode = DEFAULT_INTERPOLATION_MODE);
      |                                                                            ^~~~~~~~~~~~~~~~~~~~~~~~~~
[ 91%] Building CXX object tools/mtmd/CMakeFiles/mtmd.dir/models/nemotron-v2-vl.cpp.o
[ 91%] Building CXX object tools/mtmd/CMakeFiles/mtmd.dir/models/muse-glimmer.cpp.o
In file included from /mnt/slopper/llama-cpp-arc/llama.cpp/tools/mtmd/models/models.h:3,
                 from /mnt/slopper/llama-cpp-arc/llama.cpp/tools/mtmd/models/kimik25.cpp:1:
/mnt/slopper/llama-cpp-arc/llama.cpp/tools/mtmd/models/../clip-graph.h:12:62: warning: bitwise operation between different enumeration types ‘ggml_scale_mode’ and ‘ggml_scale_flag’ is deprecated [-Wdeprecated-enum-enum-conversion]
   12 | #define DEFAULT_INTERPOLATION_MODE (GGML_SCALE_MODE_BILINEAR | GGML_SCALE_FLAG_ANTIALIAS)
      |                                     ~~~~~~~~~~~~~~~~~~~~~~~~~^~~~~~~~~~~~~~~~~~~~~~~~~~~
/mnt/slopper/llama-cpp-arc/llama.cpp/tools/mtmd/models/../clip-graph.h:84:76: note: in expansion of macro ‘DEFAULT_INTERPOLATION_MODE’
   84 |     ggml_tensor * resize_position_embeddings(uint32_t interpolation_mode = DEFAULT_INTERPOLATION_MODE);
      |                                                                            ^~~~~~~~~~~~~~~~~~~~~~~~~~
[ 91%] Building CXX object common/CMakeFiles/llama-common.dir/jinja/value.cpp.o
[ 92%] Building CXX object tools/mtmd/CMakeFiles/mtmd.dir/models/llama4.cpp.o
[ 92%] Building CXX object common/CMakeFiles/llama-common.dir/jinja/string.cpp.o
[ 92%] Building CXX object tools/mtmd/CMakeFiles/mtmd.dir/models/llava.cpp.o
[ 93%] Building CXX object common/CMakeFiles/llama-common.dir/jinja/caps.cpp.o
In file included from /mnt/slopper/llama-cpp-arc/llama.cpp/tools/mtmd/models/models.h:3,
                 from /mnt/slopper/llama-cpp-arc/llama.cpp/tools/mtmd/models/nemotron-v2-vl.cpp:1:
/mnt/slopper/llama-cpp-arc/llama.cpp/tools/mtmd/models/../clip-graph.h:12:62: warning: bitwise operation between different enumeration types ‘ggml_scale_mode’ and ‘ggml_scale_flag’ is deprecated [-Wdeprecated-enum-enum-conversion]
   12 | #define DEFAULT_INTERPOLATION_MODE (GGML_SCALE_MODE_BILINEAR | GGML_SCALE_FLAG_ANTIALIAS)
      |                                     ~~~~~~~~~~~~~~~~~~~~~~~~~^~~~~~~~~~~~~~~~~~~~~~~~~~~
/mnt/slopper/llama-cpp-arc/llama.cpp/tools/mtmd/models/../clip-graph.h:84:76: note: in expansion of macro ‘DEFAULT_INTERPOLATION_MODE’
   84 |     ggml_tensor * resize_position_embeddings(uint32_t interpolation_mode = DEFAULT_INTERPOLATION_MODE);
      |                                                                            ^~~~~~~~~~~~~~~~~~~~~~~~~~
In file included from /mnt/slopper/llama-cpp-arc/llama.cpp/tools/mtmd/models/models.h:3,
                 from /mnt/slopper/llama-cpp-arc/llama.cpp/tools/mtmd/models/muse-glimmer.cpp:1:
/mnt/slopper/llama-cpp-arc/llama.cpp/tools/mtmd/models/../clip-graph.h:12:62: warning: bitwise operation between different enumeration types ‘ggml_scale_mode’ and ‘ggml_scale_flag’ is deprecated [-Wdeprecated-enum-enum-conversion]
   12 | #define DEFAULT_INTERPOLATION_MODE (GGML_SCALE_MODE_BILINEAR | GGML_SCALE_FLAG_ANTIALIAS)
      |                                     ~~~~~~~~~~~~~~~~~~~~~~~~~^~~~~~~~~~~~~~~~~~~~~~~~~~~
/mnt/slopper/llama-cpp-arc/llama.cpp/tools/mtmd/models/../clip-graph.h:84:76: note: in expansion of macro ‘DEFAULT_INTERPOLATION_MODE’
   84 |     ggml_tensor * resize_position_embeddings(uint32_t interpolation_mode = DEFAULT_INTERPOLATION_MODE);
      |                                                                            ^~~~~~~~~~~~~~~~~~~~~~~~~~
[ 93%] Building CXX object tools/mtmd/CMakeFiles/mtmd.dir/models/minicpmv.cpp.o
[ 93%] Building CXX object tools/mtmd/CMakeFiles/mtmd.dir/models/paddleocr.cpp.o
[ 93%] Building CXX object tools/mtmd/CMakeFiles/mtmd.dir/models/pixtral.cpp.o
In file included from /mnt/slopper/llama-cpp-arc/llama.cpp/tools/mtmd/models/models.h:3,
                 from /mnt/slopper/llama-cpp-arc/llama.cpp/tools/mtmd/models/llama4.cpp:1:
/mnt/slopper/llama-cpp-arc/llama.cpp/tools/mtmd/models/../clip-graph.h:12:62: warning: bitwise operation between different enumeration types ‘ggml_scale_mode’ and ‘ggml_scale_flag’ is deprecated [-Wdeprecated-enum-enum-conversion]
   12 | #define DEFAULT_INTERPOLATION_MODE (GGML_SCALE_MODE_BILINEAR | GGML_SCALE_FLAG_ANTIALIAS)
      |                                     ~~~~~~~~~~~~~~~~~~~~~~~~~^~~~~~~~~~~~~~~~~~~~~~~~~~~
/mnt/slopper/llama-cpp-arc/llama.cpp/tools/mtmd/models/../clip-graph.h:84:76: note: in expansion of macro ‘DEFAULT_INTERPOLATION_MODE’
   84 |     ggml_tensor * resize_position_embeddings(uint32_t interpolation_mode = DEFAULT_INTERPOLATION_MODE);
      |                                                                            ^~~~~~~~~~~~~~~~~~~~~~~~~~
In file included from /mnt/slopper/llama-cpp-arc/llama.cpp/tools/mtmd/models/models.h:3,
                 from /mnt/slopper/llama-cpp-arc/llama.cpp/tools/mtmd/models/minicpmv.cpp:1:
/mnt/slopper/llama-cpp-arc/llama.cpp/tools/mtmd/models/../clip-graph.h:12:62: warning: bitwise operation between different enumeration types ‘ggml_scale_mode’ and ‘ggml_scale_flag’ is deprecated [-Wdeprecated-enum-enum-conversion]
   12 | #define DEFAULT_INTERPOLATION_MODE (GGML_SCALE_MODE_BILINEAR | GGML_SCALE_FLAG_ANTIALIAS)
      |                                     ~~~~~~~~~~~~~~~~~~~~~~~~~^~~~~~~~~~~~~~~~~~~~~~~~~~~
/mnt/slopper/llama-cpp-arc/llama.cpp/tools/mtmd/models/../clip-graph.h:84:76: note: in expansion of macro ‘DEFAULT_INTERPOLATION_MODE’
   84 |     ggml_tensor * resize_position_embeddings(uint32_t interpolation_mode = DEFAULT_INTERPOLATION_MODE);
      |                                                                            ^~~~~~~~~~~~~~~~~~~~~~~~~~
In file included from /mnt/slopper/llama-cpp-arc/llama.cpp/tools/mtmd/models/models.h:3,
                 from /mnt/slopper/llama-cpp-arc/llama.cpp/tools/mtmd/models/llava.cpp:1:
/mnt/slopper/llama-cpp-arc/llama.cpp/tools/mtmd/models/../clip-graph.h:12:62: warning: bitwise operation between different enumeration types ‘ggml_scale_mode’ and ‘ggml_scale_flag’ is deprecated [-Wdeprecated-enum-enum-conversion]
   12 | #define DEFAULT_INTERPOLATION_MODE (GGML_SCALE_MODE_BILINEAR | GGML_SCALE_FLAG_ANTIALIAS)
      |                                     ~~~~~~~~~~~~~~~~~~~~~~~~~^~~~~~~~~~~~~~~~~~~~~~~~~~~
/mnt/slopper/llama-cpp-arc/llama.cpp/tools/mtmd/models/../clip-graph.h:84:76: note: in expansion of macro ‘DEFAULT_INTERPOLATION_MODE’
   84 |     ggml_tensor * resize_position_embeddings(uint32_t interpolation_mode = DEFAULT_INTERPOLATION_MODE);
      |                                                                            ^~~~~~~~~~~~~~~~~~~~~~~~~~
[ 93%] Building CXX object tools/mtmd/CMakeFiles/mtmd.dir/models/qwen2vl.cpp.o
[ 93%] Building CXX object tools/mtmd/CMakeFiles/mtmd.dir/models/minimax-m3.cpp.o
In file included from /mnt/slopper/llama-cpp-arc/llama.cpp/tools/mtmd/models/models.h:3,
                 from /mnt/slopper/llama-cpp-arc/llama.cpp/tools/mtmd/models/paddleocr.cpp:1:
/mnt/slopper/llama-cpp-arc/llama.cpp/tools/mtmd/models/../clip-graph.h:12:62: warning: bitwise operation between different enumeration types ‘ggml_scale_mode’ and ‘ggml_scale_flag’ is deprecated [-Wdeprecated-enum-enum-conversion]
   12 | #define DEFAULT_INTERPOLATION_MODE (GGML_SCALE_MODE_BILINEAR | GGML_SCALE_FLAG_ANTIALIAS)
      |                                     ~~~~~~~~~~~~~~~~~~~~~~~~~^~~~~~~~~~~~~~~~~~~~~~~~~~~
/mnt/slopper/llama-cpp-arc/llama.cpp/tools/mtmd/models/../clip-graph.h:84:76: note: in expansion of macro ‘DEFAULT_INTERPOLATION_MODE’
   84 |     ggml_tensor * resize_position_embeddings(uint32_t interpolation_mode = DEFAULT_INTERPOLATION_MODE);
      |                                                                            ^~~~~~~~~~~~~~~~~~~~~~~~~~
In file included from /mnt/slopper/llama-cpp-arc/llama.cpp/tools/mtmd/models/models.h:3,
                 from /mnt/slopper/llama-cpp-arc/llama.cpp/tools/mtmd/models/pixtral.cpp:1:
/mnt/slopper/llama-cpp-arc/llama.cpp/tools/mtmd/models/../clip-graph.h:12:62: warning: bitwise operation between different enumeration types ‘ggml_scale_mode’ and ‘ggml_scale_flag’ is deprecated [-Wdeprecated-enum-enum-conversion]
   12 | #define DEFAULT_INTERPOLATION_MODE (GGML_SCALE_MODE_BILINEAR | GGML_SCALE_FLAG_ANTIALIAS)
      |                                     ~~~~~~~~~~~~~~~~~~~~~~~~~^~~~~~~~~~~~~~~~~~~~~~~~~~~
/mnt/slopper/llama-cpp-arc/llama.cpp/tools/mtmd/models/../clip-graph.h:84:76: note: in expansion of macro ‘DEFAULT_INTERPOLATION_MODE’
   84 |     ggml_tensor * resize_position_embeddings(uint32_t interpolation_mode = DEFAULT_INTERPOLATION_MODE);
      |                                                                            ^~~~~~~~~~~~~~~~~~~~~~~~~~
[ 94%] Building CXX object tools/mtmd/CMakeFiles/mtmd.dir/models/qwen3vl.cpp.o
[ 94%] Building CXX object tools/mtmd/CMakeFiles/mtmd.dir/models/mimovl.cpp.o
[ 94%] Building CXX object tools/mtmd/CMakeFiles/mtmd.dir/models/qwen3a.cpp.o
[ 94%] Building CXX object tools/mtmd/CMakeFiles/mtmd.dir/models/mimo-audio.cpp.o
[ 94%] Building CXX object tools/mtmd/CMakeFiles/mtmd.dir/models/qwen3tts-spkenc.cpp.o
[ 94%] Building CXX object tools/mtmd/CMakeFiles/mtmd.dir/models/qwen3tts-gen.cpp.o
In file included from /mnt/slopper/llama-cpp-arc/llama.cpp/tools/mtmd/models/models.h:3,
                 from /mnt/slopper/llama-cpp-arc/llama.cpp/tools/mtmd/models/qwen2vl.cpp:1:
/mnt/slopper/llama-cpp-arc/llama.cpp/tools/mtmd/models/../clip-graph.h:12:62: warning: bitwise operation between different enumeration types ‘ggml_scale_mode’ and ‘ggml_scale_flag’ is deprecated [-Wdeprecated-enum-enum-conversion]
   12 | #define DEFAULT_INTERPOLATION_MODE (GGML_SCALE_MODE_BILINEAR | GGML_SCALE_FLAG_ANTIALIAS)
      |                                     ~~~~~~~~~~~~~~~~~~~~~~~~~^~~~~~~~~~~~~~~~~~~~~~~~~~~
/mnt/slopper/llama-cpp-arc/llama.cpp/tools/mtmd/models/../clip-graph.h:84:76: note: in expansion of macro ‘DEFAULT_INTERPOLATION_MODE’
   84 |     ggml_tensor * resize_position_embeddings(uint32_t interpolation_mode = DEFAULT_INTERPOLATION_MODE);
      |                                                                            ^~~~~~~~~~~~~~~~~~~~~~~~~~
In file included from /mnt/slopper/llama-cpp-arc/llama.cpp/tools/mtmd/models/models.h:3,
                 from /mnt/slopper/llama-cpp-arc/llama.cpp/tools/mtmd/models/minimax-m3.cpp:1:
/mnt/slopper/llama-cpp-arc/llama.cpp/tools/mtmd/models/../clip-graph.h:12:62: warning: bitwise operation between different enumeration types ‘ggml_scale_mode’ and ‘ggml_scale_flag’ is deprecated [-Wdeprecated-enum-enum-conversion]
   12 | #define DEFAULT_INTERPOLATION_MODE (GGML_SCALE_MODE_BILINEAR | GGML_SCALE_FLAG_ANTIALIAS)
      |                                     ~~~~~~~~~~~~~~~~~~~~~~~~~^~~~~~~~~~~~~~~~~~~~~~~~~~~
/mnt/slopper/llama-cpp-arc/llama.cpp/tools/mtmd/models/../clip-graph.h:84:76: note: in expansion of macro ‘DEFAULT_INTERPOLATION_MODE’
   84 |     ggml_tensor * resize_position_embeddings(uint32_t interpolation_mode = DEFAULT_INTERPOLATION_MODE);
      |                                                                            ^~~~~~~~~~~~~~~~~~~~~~~~~~
In file included from /mnt/slopper/llama-cpp-arc/llama.cpp/tools/mtmd/models/models.h:3,
                 from /mnt/slopper/llama-cpp-arc/llama.cpp/tools/mtmd/models/qwen3vl.cpp:1:
/mnt/slopper/llama-cpp-arc/llama.cpp/tools/mtmd/models/../clip-graph.h:12:62: warning: bitwise operation between different enumeration types ‘ggml_scale_mode’ and ‘ggml_scale_flag’ is deprecated [-Wdeprecated-enum-enum-conversion]
   12 | #define DEFAULT_INTERPOLATION_MODE (GGML_SCALE_MODE_BILINEAR | GGML_SCALE_FLAG_ANTIALIAS)
      |                                     ~~~~~~~~~~~~~~~~~~~~~~~~~^~~~~~~~~~~~~~~~~~~~~~~~~~~
/mnt/slopper/llama-cpp-arc/llama.cpp/tools/mtmd/models/../clip-graph.h:84:76: note: in expansion of macro ‘DEFAULT_INTERPOLATION_MODE’
   84 |     ggml_tensor * resize_position_embeddings(uint32_t interpolation_mode = DEFAULT_INTERPOLATION_MODE);
      |                                                                            ^~~~~~~~~~~~~~~~~~~~~~~~~~
In file included from /mnt/slopper/llama-cpp-arc/llama.cpp/tools/mtmd/models/models.h:3,
                 from /mnt/slopper/llama-cpp-arc/llama.cpp/tools/mtmd/models/mimovl.cpp:1:
/mnt/slopper/llama-cpp-arc/llama.cpp/tools/mtmd/models/../clip-graph.h:12:62: warning: bitwise operation between different enumeration types ‘ggml_scale_mode’ and ‘ggml_scale_flag’ is deprecated [-Wdeprecated-enum-enum-conversion]
   12 | #define DEFAULT_INTERPOLATION_MODE (GGML_SCALE_MODE_BILINEAR | GGML_SCALE_FLAG_ANTIALIAS)
      |                                     ~~~~~~~~~~~~~~~~~~~~~~~~~^~~~~~~~~~~~~~~~~~~~~~~~~~~
/mnt/slopper/llama-cpp-arc/llama.cpp/tools/mtmd/models/../clip-graph.h:84:76: note: in expansion of macro ‘DEFAULT_INTERPOLATION_MODE’
   84 |     ggml_tensor * resize_position_embeddings(uint32_t interpolation_mode = DEFAULT_INTERPOLATION_MODE);
      |                                                                            ^~~~~~~~~~~~~~~~~~~~~~~~~~
/mnt/slopper/llama-cpp-arc/llama.cpp/tools/mtmd/models/qwen3vl.cpp: In member function ‘virtual ggml_cgraph* clip_graph_qwen3vl::build()’:
/mnt/slopper/llama-cpp-arc/llama.cpp/tools/mtmd/models/qwen3vl.cpp:40:90: warning: bitwise operation between different enumeration types ‘ggml_scale_mode’ and ‘ggml_scale_flag’ is deprecated [-Wdeprecated-enum-enum-conversion]
   40 |     ggml_tensor * learned_pos_embd = resize_position_embeddings(GGML_SCALE_MODE_BILINEAR | GGML_SCALE_FLAG_ALIGN_CORNERS);
      |                                                                 ~~~~~~~~~~~~~~~~~~~~~~~~~^~~~~~~~~~~~~~~~~~~~~~~~~~~~~~~
In file included from /mnt/slopper/llama-cpp-arc/llama.cpp/tools/mtmd/models/models.h:3,
                 from /mnt/slopper/llama-cpp-arc/llama.cpp/tools/mtmd/models/mimo-audio.cpp:1:
/mnt/slopper/llama-cpp-arc/llama.cpp/tools/mtmd/models/../clip-graph.h:12:62: warning: bitwise operation between different enumeration types ‘ggml_scale_mode’ and ‘ggml_scale_flag’ is deprecated [-Wdeprecated-enum-enum-conversion]
   12 | #define DEFAULT_INTERPOLATION_MODE (GGML_SCALE_MODE_BILINEAR | GGML_SCALE_FLAG_ANTIALIAS)
      |                                     ~~~~~~~~~~~~~~~~~~~~~~~~~^~~~~~~~~~~~~~~~~~~~~~~~~~~
/mnt/slopper/llama-cpp-arc/llama.cpp/tools/mtmd/models/../clip-graph.h:84:76: note: in expansion of macro ‘DEFAULT_INTERPOLATION_MODE’
   84 |     ggml_tensor * resize_position_embeddings(uint32_t interpolation_mode = DEFAULT_INTERPOLATION_MODE);
      |                                                                            ^~~~~~~~~~~~~~~~~~~~~~~~~~
In file included from /mnt/slopper/llama-cpp-arc/llama.cpp/tools/mtmd/models/models.h:3,
                 from /mnt/slopper/llama-cpp-arc/llama.cpp/tools/mtmd/models/qwen3a.cpp:1:
/mnt/slopper/llama-cpp-arc/llama.cpp/tools/mtmd/models/../clip-graph.h:12:62: warning: bitwise operation between different enumeration types ‘ggml_scale_mode’ and ‘ggml_scale_flag’ is deprecated [-Wdeprecated-enum-enum-conversion]
   12 | #define DEFAULT_INTERPOLATION_MODE (GGML_SCALE_MODE_BILINEAR | GGML_SCALE_FLAG_ANTIALIAS)
      |                                     ~~~~~~~~~~~~~~~~~~~~~~~~~^~~~~~~~~~~~~~~~~~~~~~~~~~~
/mnt/slopper/llama-cpp-arc/llama.cpp/tools/mtmd/models/../clip-graph.h:84:76: note: in expansion of macro ‘DEFAULT_INTERPOLATION_MODE’
   84 |     ggml_tensor * resize_position_embeddings(uint32_t interpolation_mode = DEFAULT_INTERPOLATION_MODE);
      |                                                                            ^~~~~~~~~~~~~~~~~~~~~~~~~~
[ 94%] Building CXX object tools/mtmd/CMakeFiles/mtmd.dir/models/pockettts-seanet.cpp.o
[ 95%] Building CXX object tools/mtmd/CMakeFiles/mtmd.dir/models/pockettts-spkenc.cpp.o
[ 95%] Building CXX object tools/mtmd/CMakeFiles/mtmd.dir/models/pockettts-gen.cpp.o
[ 95%] Building CXX object tools/mtmd/CMakeFiles/mtmd.dir/models/step3vl.cpp.o
[ 95%] Building CXX object tools/mtmd/CMakeFiles/mtmd.dir/models/siglip.cpp.o
[ 95%] Building CXX object tools/mtmd/CMakeFiles/mtmd.dir/models/whisper-enc.cpp.o
[ 95%] Building CXX object tools/mtmd/CMakeFiles/mtmd.dir/models/deepseekocr.cpp.o
In file included from /mnt/slopper/llama-cpp-arc/llama.cpp/tools/mtmd/models/models.h:3,
                 from /mnt/slopper/llama-cpp-arc/llama.cpp/tools/mtmd/models/qwen3tts-gen.cpp:1:
/mnt/slopper/llama-cpp-arc/llama.cpp/tools/mtmd/models/../clip-graph.h:12:62: warning: bitwise operation between different enumeration types ‘ggml_scale_mode’ and ‘ggml_scale_flag’ is deprecated [-Wdeprecated-enum-enum-conversion]
   12 | #define DEFAULT_INTERPOLATION_MODE (GGML_SCALE_MODE_BILINEAR | GGML_SCALE_FLAG_ANTIALIAS)
      |                                     ~~~~~~~~~~~~~~~~~~~~~~~~~^~~~~~~~~~~~~~~~~~~~~~~~~~~
/mnt/slopper/llama-cpp-arc/llama.cpp/tools/mtmd/models/../clip-graph.h:84:76: note: in expansion of macro ‘DEFAULT_INTERPOLATION_MODE’
   84 |     ggml_tensor * resize_position_embeddings(uint32_t interpolation_mode = DEFAULT_INTERPOLATION_MODE);
      |                                                                            ^~~~~~~~~~~~~~~~~~~~~~~~~~
In file included from /mnt/slopper/llama-cpp-arc/llama.cpp/tools/mtmd/models/models.h:3,
                 from /mnt/slopper/llama-cpp-arc/llama.cpp/tools/mtmd/models/qwen3tts-spkenc.cpp:1:
/mnt/slopper/llama-cpp-arc/llama.cpp/tools/mtmd/models/../clip-graph.h:12:62: warning: bitwise operation between different enumeration types ‘ggml_scale_mode’ and ‘ggml_scale_flag’ is deprecated [-Wdeprecated-enum-enum-conversion]
   12 | #define DEFAULT_INTERPOLATION_MODE (GGML_SCALE_MODE_BILINEAR | GGML_SCALE_FLAG_ANTIALIAS)
      |                                     ~~~~~~~~~~~~~~~~~~~~~~~~~^~~~~~~~~~~~~~~~~~~~~~~~~~~
/mnt/slopper/llama-cpp-arc/llama.cpp/tools/mtmd/models/../clip-graph.h:84:76: note: in expansion of macro ‘DEFAULT_INTERPOLATION_MODE’
   84 |     ggml_tensor * resize_position_embeddings(uint32_t interpolation_mode = DEFAULT_INTERPOLATION_MODE);
      |                                                                            ^~~~~~~~~~~~~~~~~~~~~~~~~~
In file included from /mnt/slopper/llama-cpp-arc/llama.cpp/tools/mtmd/models/models.h:3,
                 from /mnt/slopper/llama-cpp-arc/llama.cpp/tools/mtmd/models/step3vl.cpp:1:
/mnt/slopper/llama-cpp-arc/llama.cpp/tools/mtmd/models/../clip-graph.h:12:62: warning: bitwise operation between different enumeration types ‘ggml_scale_mode’ and ‘ggml_scale_flag’ is deprecated [-Wdeprecated-enum-enum-conversion]
   12 | #define DEFAULT_INTERPOLATION_MODE (GGML_SCALE_MODE_BILINEAR | GGML_SCALE_FLAG_ANTIALIAS)
      |                                     ~~~~~~~~~~~~~~~~~~~~~~~~~^~~~~~~~~~~~~~~~~~~~~~~~~~~
/mnt/slopper/llama-cpp-arc/llama.cpp/tools/mtmd/models/../clip-graph.h:84:76: note: in expansion of macro ‘DEFAULT_INTERPOLATION_MODE’
   84 |     ggml_tensor * resize_position_embeddings(uint32_t interpolation_mode = DEFAULT_INTERPOLATION_MODE);
      |                                                                            ^~~~~~~~~~~~~~~~~~~~~~~~~~
In file included from /mnt/slopper/llama-cpp-arc/llama.cpp/tools/mtmd/models/models.h:3,
                 from /mnt/slopper/llama-cpp-arc/llama.cpp/tools/mtmd/models/pockettts-spkenc.cpp:1:
/mnt/slopper/llama-cpp-arc/llama.cpp/tools/mtmd/models/../clip-graph.h:12:62: warning: bitwise operation between different enumeration types ‘ggml_scale_mode’ and ‘ggml_scale_flag’ is deprecated [-Wdeprecated-enum-enum-conversion]
   12 | #define DEFAULT_INTERPOLATION_MODE (GGML_SCALE_MODE_BILINEAR | GGML_SCALE_FLAG_ANTIALIAS)
      |                                     ~~~~~~~~~~~~~~~~~~~~~~~~~^~~~~~~~~~~~~~~~~~~~~~~~~~~
/mnt/slopper/llama-cpp-arc/llama.cpp/tools/mtmd/models/../clip-graph.h:84:76: note: in expansion of macro ‘DEFAULT_INTERPOLATION_MODE’
   84 |     ggml_tensor * resize_position_embeddings(uint32_t interpolation_mode = DEFAULT_INTERPOLATION_MODE);
      |                                                                            ^~~~~~~~~~~~~~~~~~~~~~~~~~
In file included from /mnt/slopper/llama-cpp-arc/llama.cpp/tools/mtmd/models/models.h:3,
                 from /mnt/slopper/llama-cpp-arc/llama.cpp/tools/mtmd/models/pockettts-gen.cpp:1:
/mnt/slopper/llama-cpp-arc/llama.cpp/tools/mtmd/models/../clip-graph.h:12:62: warning: bitwise operation between different enumeration types ‘ggml_scale_mode’ and ‘ggml_scale_flag’ is deprecated [-Wdeprecated-enum-enum-conversion]
   12 | #define DEFAULT_INTERPOLATION_MODE (GGML_SCALE_MODE_BILINEAR | GGML_SCALE_FLAG_ANTIALIAS)
      |                                     ~~~~~~~~~~~~~~~~~~~~~~~~~^~~~~~~~~~~~~~~~~~~~~~~~~~~
/mnt/slopper/llama-cpp-arc/llama.cpp/tools/mtmd/models/../clip-graph.h:84:76: note: in expansion of macro ‘DEFAULT_INTERPOLATION_MODE’
   84 |     ggml_tensor * resize_position_embeddings(uint32_t interpolation_mode = DEFAULT_INTERPOLATION_MODE);
      |                                                                            ^~~~~~~~~~~~~~~~~~~~~~~~~~
[ 95%] Building CXX object tools/mtmd/CMakeFiles/mtmd.dir/models/deepseekocr2.cpp.o
In file included from /mnt/slopper/llama-cpp-arc/llama.cpp/tools/mtmd/models/models.h:3,
                 from /mnt/slopper/llama-cpp-arc/llama.cpp/tools/mtmd/models/whisper-enc.cpp:1:
/mnt/slopper/llama-cpp-arc/llama.cpp/tools/mtmd/models/../clip-graph.h:12:62: warning: bitwise operation between different enumeration types ‘ggml_scale_mode’ and ‘ggml_scale_flag’ is deprecated [-Wdeprecated-enum-enum-conversion]
   12 | #define DEFAULT_INTERPOLATION_MODE (GGML_SCALE_MODE_BILINEAR | GGML_SCALE_FLAG_ANTIALIAS)
      |                                     ~~~~~~~~~~~~~~~~~~~~~~~~~^~~~~~~~~~~~~~~~~~~~~~~~~~~
/mnt/slopper/llama-cpp-arc/llama.cpp/tools/mtmd/models/../clip-graph.h:84:76: note: in expansion of macro ‘DEFAULT_INTERPOLATION_MODE’
   84 |     ggml_tensor * resize_position_embeddings(uint32_t interpolation_mode = DEFAULT_INTERPOLATION_MODE);
      |                                                                            ^~~~~~~~~~~~~~~~~~~~~~~~~~
In file included from /mnt/slopper/llama-cpp-arc/llama.cpp/tools/mtmd/models/models.h:3,
                 from /mnt/slopper/llama-cpp-arc/llama.cpp/tools/mtmd/models/siglip.cpp:1:
/mnt/slopper/llama-cpp-arc/llama.cpp/tools/mtmd/models/../clip-graph.h:12:62: warning: bitwise operation between different enumeration types ‘ggml_scale_mode’ and ‘ggml_scale_flag’ is deprecated [-Wdeprecated-enum-enum-conversion]
   12 | #define DEFAULT_INTERPOLATION_MODE (GGML_SCALE_MODE_BILINEAR | GGML_SCALE_FLAG_ANTIALIAS)
      |                                     ~~~~~~~~~~~~~~~~~~~~~~~~~^~~~~~~~~~~~~~~~~~~~~~~~~~~
/mnt/slopper/llama-cpp-arc/llama.cpp/tools/mtmd/models/../clip-graph.h:84:76: note: in expansion of macro ‘DEFAULT_INTERPOLATION_MODE’
   84 |     ggml_tensor * resize_position_embeddings(uint32_t interpolation_mode = DEFAULT_INTERPOLATION_MODE);
      |                                                                            ^~~~~~~~~~~~~~~~~~~~~~~~~~
In file included from /mnt/slopper/llama-cpp-arc/llama.cpp/tools/mtmd/models/models.h:3,
                 from /mnt/slopper/llama-cpp-arc/llama.cpp/tools/mtmd/models/deepseekocr.cpp:1:
/mnt/slopper/llama-cpp-arc/llama.cpp/tools/mtmd/models/../clip-graph.h:12:62: warning: bitwise operation between different enumeration types ‘ggml_scale_mode’ and ‘ggml_scale_flag’ is deprecated [-Wdeprecated-enum-enum-conversion]
   12 | #define DEFAULT_INTERPOLATION_MODE (GGML_SCALE_MODE_BILINEAR | GGML_SCALE_FLAG_ANTIALIAS)
      |                                     ~~~~~~~~~~~~~~~~~~~~~~~~~^~~~~~~~~~~~~~~~~~~~~~~~~~~
/mnt/slopper/llama-cpp-arc/llama.cpp/tools/mtmd/models/../clip-graph.h:84:76: note: in expansion of macro ‘DEFAULT_INTERPOLATION_MODE’
   84 |     ggml_tensor * resize_position_embeddings(uint32_t interpolation_mode = DEFAULT_INTERPOLATION_MODE);
      |                                                                            ^~~~~~~~~~~~~~~~~~~~~~~~~~
[ 96%] Building CXX object tools/mtmd/CMakeFiles/mtmd.dir/models/mobilenetv5.cpp.o
In file included from /mnt/slopper/llama-cpp-arc/llama.cpp/tools/mtmd/models/models.h:3,
                 from /mnt/slopper/llama-cpp-arc/llama.cpp/tools/mtmd/models/pockettts-seanet.cpp:1:
/mnt/slopper/llama-cpp-arc/llama.cpp/tools/mtmd/models/../clip-graph.h:12:62: warning: bitwise operation between different enumeration types ‘ggml_scale_mode’ and ‘ggml_scale_flag’ is deprecated [-Wdeprecated-enum-enum-conversion]
   12 | #define DEFAULT_INTERPOLATION_MODE (GGML_SCALE_MODE_BILINEAR | GGML_SCALE_FLAG_ANTIALIAS)
      |                                     ~~~~~~~~~~~~~~~~~~~~~~~~~^~~~~~~~~~~~~~~~~~~~~~~~~~~
/mnt/slopper/llama-cpp-arc/llama.cpp/tools/mtmd/models/../clip-graph.h:84:76: note: in expansion of macro ‘DEFAULT_INTERPOLATION_MODE’
   84 |     ggml_tensor * resize_position_embeddings(uint32_t interpolation_mode = DEFAULT_INTERPOLATION_MODE);
      |                                                                            ^~~~~~~~~~~~~~~~~~~~~~~~~~
[ 96%] Building CXX object tools/mtmd/CMakeFiles/mtmd.dir/models/youtuvl.cpp.o
[ 96%] Building CXX object tools/mtmd/CMakeFiles/mtmd.dir/models/yasa2.cpp.o
[ 96%] Building CXX object tools/mtmd/CMakeFiles/mtmd.dir/models/parakeet.cpp.o
In file included from /mnt/slopper/llama-cpp-arc/llama.cpp/tools/mtmd/models/models.h:3,
                 from /mnt/slopper/llama-cpp-arc/llama.cpp/tools/mtmd/models/mobilenetv5.cpp:1:
/mnt/slopper/llama-cpp-arc/llama.cpp/tools/mtmd/models/../clip-graph.h:12:62: warning: bitwise operation between different enumeration types ‘ggml_scale_mode’ and ‘ggml_scale_flag’ is deprecated [-Wdeprecated-enum-enum-conversion]
   12 | #define DEFAULT_INTERPOLATION_MODE (GGML_SCALE_MODE_BILINEAR | GGML_SCALE_FLAG_ANTIALIAS)
      |                                     ~~~~~~~~~~~~~~~~~~~~~~~~~^~~~~~~~~~~~~~~~~~~~~~~~~~~
/mnt/slopper/llama-cpp-arc/llama.cpp/tools/mtmd/models/../clip-graph.h:84:76: note: in expansion of macro ‘DEFAULT_INTERPOLATION_MODE’
   84 |     ggml_tensor * resize_position_embeddings(uint32_t interpolation_mode = DEFAULT_INTERPOLATION_MODE);
      |                                                                            ^~~~~~~~~~~~~~~~~~~~~~~~~~
In file included from /mnt/slopper/llama-cpp-arc/llama.cpp/tools/mtmd/models/models.h:3,
                 from /mnt/slopper/llama-cpp-arc/llama.cpp/tools/mtmd/models/yasa2.cpp:4:
/mnt/slopper/llama-cpp-arc/llama.cpp/tools/mtmd/models/../clip-graph.h:12:62: warning: bitwise operation between different enumeration types ‘ggml_scale_mode’ and ‘ggml_scale_flag’ is deprecated [-Wdeprecated-enum-enum-conversion]
   12 | #define DEFAULT_INTERPOLATION_MODE (GGML_SCALE_MODE_BILINEAR | GGML_SCALE_FLAG_ANTIALIAS)
      |                                     ~~~~~~~~~~~~~~~~~~~~~~~~~^~~~~~~~~~~~~~~~~~~~~~~~~~~
/mnt/slopper/llama-cpp-arc/llama.cpp/tools/mtmd/models/../clip-graph.h:84:76: note: in expansion of macro ‘DEFAULT_INTERPOLATION_MODE’
   84 |     ggml_tensor * resize_position_embeddings(uint32_t interpolation_mode = DEFAULT_INTERPOLATION_MODE);
      |                                                                            ^~~~~~~~~~~~~~~~~~~~~~~~~~
In file included from /mnt/slopper/llama-cpp-arc/llama.cpp/tools/mtmd/models/models.h:3,
                 from /mnt/slopper/llama-cpp-arc/llama.cpp/tools/mtmd/models/deepseekocr2.cpp:1:
/mnt/slopper/llama-cpp-arc/llama.cpp/tools/mtmd/models/../clip-graph.h:12:62: warning: bitwise operation between different enumeration types ‘ggml_scale_mode’ and ‘ggml_scale_flag’ is deprecated [-Wdeprecated-enum-enum-conversion]
   12 | #define DEFAULT_INTERPOLATION_MODE (GGML_SCALE_MODE_BILINEAR | GGML_SCALE_FLAG_ANTIALIAS)
      |                                     ~~~~~~~~~~~~~~~~~~~~~~~~~^~~~~~~~~~~~~~~~~~~~~~~~~~~
/mnt/slopper/llama-cpp-arc/llama.cpp/tools/mtmd/models/../clip-graph.h:84:76: note: in expansion of macro ‘DEFAULT_INTERPOLATION_MODE’
   84 |     ggml_tensor * resize_position_embeddings(uint32_t interpolation_mode = DEFAULT_INTERPOLATION_MODE);
      |                                                                            ^~~~~~~~~~~~~~~~~~~~~~~~~~
In file included from /mnt/slopper/llama-cpp-arc/llama.cpp/tools/mtmd/models/models.h:3,
                 from /mnt/slopper/llama-cpp-arc/llama.cpp/tools/mtmd/models/youtuvl.cpp:1:
/mnt/slopper/llama-cpp-arc/llama.cpp/tools/mtmd/models/../clip-graph.h:12:62: warning: bitwise operation between different enumeration types ‘ggml_scale_mode’ and ‘ggml_scale_flag’ is deprecated [-Wdeprecated-enum-enum-conversion]
   12 | #define DEFAULT_INTERPOLATION_MODE (GGML_SCALE_MODE_BILINEAR | GGML_SCALE_FLAG_ANTIALIAS)
      |                                     ~~~~~~~~~~~~~~~~~~~~~~~~~^~~~~~~~~~~~~~~~~~~~~~~~~~~
/mnt/slopper/llama-cpp-arc/llama.cpp/tools/mtmd/models/../clip-graph.h:84:76: note: in expansion of macro ‘DEFAULT_INTERPOLATION_MODE’
   84 |     ggml_tensor * resize_position_embeddings(uint32_t interpolation_mode = DEFAULT_INTERPOLATION_MODE);
      |                                                                            ^~~~~~~~~~~~~~~~~~~~~~~~~~
In file included from /mnt/slopper/llama-cpp-arc/llama.cpp/tools/mtmd/models/models.h:3,
                 from /mnt/slopper/llama-cpp-arc/llama.cpp/tools/mtmd/models/parakeet.cpp:1:
/mnt/slopper/llama-cpp-arc/llama.cpp/tools/mtmd/models/../clip-graph.h:12:62: warning: bitwise operation between different enumeration types ‘ggml_scale_mode’ and ‘ggml_scale_flag’ is deprecated [-Wdeprecated-enum-enum-conversion]
   12 | #define DEFAULT_INTERPOLATION_MODE (GGML_SCALE_MODE_BILINEAR | GGML_SCALE_FLAG_ANTIALIAS)
      |                                     ~~~~~~~~~~~~~~~~~~~~~~~~~^~~~~~~~~~~~~~~~~~~~~~~~~~~
/mnt/slopper/llama-cpp-arc/llama.cpp/tools/mtmd/models/../clip-graph.h:84:76: note: in expansion of macro ‘DEFAULT_INTERPOLATION_MODE’
   84 |     ggml_tensor * resize_position_embeddings(uint32_t interpolation_mode = DEFAULT_INTERPOLATION_MODE);
      |                                                                            ^~~~~~~~~~~~~~~~~~~~~~~~~~
[ 96%] Linking CXX shared library ../../bin/libmtmd.so
[ 96%] Linking CXX shared library ../bin/libllama-common.so
[ 96%] Built target mtmd
[ 96%] Built target llama-common
[ 96%] Building CXX object tools/server/CMakeFiles/server-context.dir/server-chat.cpp.o
[ 96%] Building CXX object tools/server/CMakeFiles/server-context.dir/server-context.cpp.o
[ 96%] Building CXX object tools/server/CMakeFiles/server-context.dir/server-stream.cpp.o
[ 97%] Building CXX object tools/server/CMakeFiles/server-context.dir/server-task.cpp.o
[ 97%] Building CXX object tools/server/CMakeFiles/server-context.dir/server-queue.cpp.o
[ 97%] Building CXX object tools/server/CMakeFiles/server-context.dir/server-common.cpp.o
[ 97%] Building CXX object tools/server/CMakeFiles/server-context.dir/server-mcp.cpp.o
[ 97%] Building CXX object tools/server/CMakeFiles/server-context.dir/server-tools.cpp.o
[ 97%] Building CXX object tools/server/CMakeFiles/server-context.dir/server-schema.cpp.o
/mnt/slopper/llama-cpp-arc/llama.cpp/tools/server/server-tools.cpp: In function ‘std::filesystem::__cxx11::path path_from_utf8(const std::string&)’:
/mnt/slopper/llama-cpp-arc/llama.cpp/tools/server/server-tools.cpp:102:22: warning: ‘std::filesystem::__cxx11::path std::filesystem::__cxx11::u8path(const _Source&) [with _Source = std::__cxx11::basic_string<char>; _Require = path; _CharT = char]’ is deprecated: use 'path((const char8_t*)&*source)' instead [-Wdeprecated-declarations]
  102 |     return fs::u8path(s);
      |            ~~~~~~~~~~^~~
In file included from /usr/include/c++/16.1.1/filesystem:55,
                 from /mnt/slopper/llama-cpp-arc/llama.cpp/tools/server/server-tools.cpp:6:
/usr/include/c++/16.1.1/bits/fs_path.h:847:5: note: declared here
  847 |     u8path(const _Source& __source)
      |     ^~~~~~
[ 98%] Linking CXX static library libserver-context.a
[ 98%] Built target server-context
[ 98%] Building CXX object tools/server/CMakeFiles/llama-server-impl.dir/server-http.cpp.o
[ 98%] Building CXX object tools/server/CMakeFiles/llama-server-impl.dir/server-models.cpp.o
[ 98%] Building CXX object tools/server/CMakeFiles/llama-server-impl.dir/server.cpp.o
[100%] Linking CXX shared library ../../bin/libllama-server-impl.so
[100%] Built target llama-server-impl
[100%] Building CXX object tools/server/CMakeFiles/llama-server.dir/main.cpp.o
[100%] Linking CXX executable ../../bin/llama-server
[100%] Built target llama-server
-- llama.cpp version: 0.3.0-dev
CMAKE_BUILD_TYPE=Release
-- Warning: ccache not found - consider installing it for faster compilation or disable this warning with GGML_CCACHE=OFF
-- CMAKE_SYSTEM_PROCESSOR: x86_64
-- GGML_SYSTEM_ARCH: x86
-- Including CPU backend
-- x86 detected
-- Adding CPU backend variant ggml-cpu: -march=native 
-- Vulkan found
-- GL_KHR_cooperative_matrix supported by glslc
-- GL_NV_cooperative_matrix2 supported by glslc
-- GL_NV_cooperative_matrix_decode_vector not supported by glslc
-- GL_EXT_integer_dot_product supported by glslc
-- GL_EXT_bfloat16 supported by glslc
-- GL_EXT_float_e2m1 not supported by glslc
-- GL_EXT_float_e4m3 supported by glslc
-- Including Vulkan backend
-- ggml version: 0.22.0
-- ggml commit:  27c54b4-dirty
-- OpenSSL found: 3.6.3
-- Generating embedded license file for target: llama-app
-- Configuring done (5.6s)
-- Generating done (101.3s)
-- Build files have been written to: /mnt/slopper/llama-cpp-arc/llama.cpp/build
[  0%] Built target llama-common-base
[  1%] Built target llama-ui-embed
[  1%] Performing build step for 'vulkan-shaders-gen'
[  1%] Built target vendor-hash
[  1%] Built target cpp-httplib
[  3%] Built target ggml-base
[  4%] Provisioning UI assets
-- UI: downloading from b1: https://huggingface.co/buckets/ggml-org/llama-ui/resolve/b1/dist.tar.gz
[  6%] Built target ggml-cpu
[100%] Built target vulkan-shaders-gen
[  6%] Performing install step for 'vulkan-shaders-gen'
-- Up-to-date: /mnt/slopper/llama-cpp-arc/llama.cpp/build/Release/./vulkan-shaders-gen
[  6%] Completed 'vulkan-shaders-gen'
[  7%] Built target vulkan-shaders-gen
[ 54%] Built target ggml-vulkan
[ 54%] Built target ggml
-- UI: download dist.tar.gz from b1 failed: "HTTP response code said error"
-- UI: downloading from latest: https://huggingface.co/buckets/ggml-org/llama-ui/resolve/latest/dist.tar.gz
[ 82%] Built target llama
[ 88%] Built target llama-common
[ 95%] Built target mtmd
[ 97%] Built target server-context
-- UI: archive verified and extracted
-- UI: HF download succeeded, stamp updated (latest)
-- UI: gzip compression applied (/mnt/slopper/llama-cpp-arc/llama.cpp/build/tools/ui/dist/_gzip)
[ 97%] Built target llama-ui-assets
[ 97%] Built target llama-ui
[ 98%] Built target llama-server-impl
[100%] Building CXX object tools/cli/CMakeFiles/llama-cli-impl.dir/cli.cpp.o
[100%] Building CXX object tools/cli/CMakeFiles/llama-cli-impl.dir/cli-client.cpp.o
[100%] Building CXX object tools/cli/CMakeFiles/llama-cli-impl.dir/cli-context.cpp.o
[100%] Linking CXX shared library ../../bin/libllama-cli-impl.so
[100%] Built target llama-cli-impl
[100%] Building CXX object tools/cli/CMakeFiles/llama-cli.dir/main.cpp.o
[100%] Linking CXX executable ../../bin/llama-cli
[100%] Built target llama-cli
[  0%] Built target llama-common-base
[  1%] Performing build step for 'vulkan-shaders-gen'
[  1%] Built target cpp-httplib
[  3%] Built target ggml-base
[  6%] Built target ggml-cpu
[100%] Built target vulkan-shaders-gen
[  6%] Performing install step for 'vulkan-shaders-gen'
-- Up-to-date: /mnt/slopper/llama-cpp-arc/llama.cpp/build/Release/./vulkan-shaders-gen
[  6%] Completed 'vulkan-shaders-gen'
[  7%] Built target vulkan-shaders-gen
[ 60%] Built target ggml-vulkan
[ 60%] Built target ggml
[ 92%] Built target llama
[ 98%] Built target llama-common
[ 98%] Building CXX object tools/llama-bench/CMakeFiles/llama-bench-impl.dir/llama-bench.cpp.o
[ 98%] Linking CXX shared library ../../bin/libllama-bench-impl.so
[ 98%] Built target llama-bench-impl
[ 98%] Building CXX object tools/llama-bench/CMakeFiles/llama-bench.dir/main.cpp.o
[100%] Linking CXX executable ../../bin/llama-bench
[100%] Built target llama-bench
[  1%] Performing build step for 'vulkan-shaders-gen'
[  1%] Built target llama-common-base
[  1%] Built target cpp-httplib
[  3%] Built target ggml-base
[  6%] Built target ggml-cpu
[100%] Built target vulkan-shaders-gen
[  6%] Performing install step for 'vulkan-shaders-gen'
-- Up-to-date: /mnt/slopper/llama-cpp-arc/llama.cpp/build/Release/./vulkan-shaders-gen
[  6%] Completed 'vulkan-shaders-gen'
[  7%] Built target vulkan-shaders-gen
[ 61%] Built target ggml-vulkan
[ 61%] Built target ggml
[ 93%] Built target llama
[100%] Built target llama-common
[100%] Building CXX object tools/moe-trace/CMakeFiles/llama-moe-trace.dir/moe-trace.cpp.o
/mnt/slopper/llama-cpp-arc/llama.cpp/tools/moe-trace/moe-trace.cpp:12:1: warning: multi-line comment [-Wcomment]
   12 | //   MOE_TRACE_OUT=trace.csv llama-moe-trace -m model.gguf -ngl 99 -ncmoe 26 -fa on \
      | ^
[100%] Linking CXX executable ../../bin/llama-moe-trace
[100%] Built target llama-moe-trace
== built:
build/bin/llama-bench
build/bin/llama-cli
build/bin/llama-moe-trace
build/bin/llama-server
BUILD EXIT: 0
