-52,0,95,138,147,98,316,501,99,270,353,401
-51,0,46,160,505,330,79,54,226,32,265,402
-50,0,434,360,308,386,367,370,37,503,61,328
-49,0,451,440,349,92,93,52,360,134,64,113
-48,0,62,401,176,291,175,93,415,98,0,7
-47,0,46,160,505,330,117,402,148,70,208,324
-46,0,139,360,471,93,134,328,67,349,164,403
-45,0,354,507,254,322,7,33,326,105,161,462
-44,0,352,507,30,350,254,432,105,398,341,471
-43,0,49,247,254,7,349,92,93,134,360,67
-42,0,398,7,326,103,93,254,495,64,133,350
-41,0,264,305,312,265,321,362,36,209,430,76
-40,0,46,330,160,505,149,201,70,324,203,148
-39,0,360,289,392,19,66,272,93,338,376,201
-38,0,95,139,360,400,93,349,66,403,426,479
-37,0,105,73,7,129,93,254,349,64,134,495
-36,0,36,264,401,175,98,312,96,209,316,470
-35,0,370,308,434,232,27,61,367,91,105,16
-34,0,251,109,168,319,205,371,475,431,148,192
-33,0,36,291,23,401,470,93,316,264,62,98
-32,0,451,67,95,349,93,403,134,49,348,394
-31,0,326,167,7,481,308,93,254,198,120,134
-30,0,4,180,274,228,200,126,251,356,475,156
-29,0,508,52,328,367,27,119,253,432,134,443
-28,0,105,254,27,481,441,451,508,120,161,479
-27,0,200,180,4,274,126,156,275,356,251,475
-26,0,224,485,305,200,178,208,379,44,203,218
-25,0,46,160,203,505,330,44,195,148,117,324
-24,0,360,289,93,187,19,272,392,376,338,466
-23,0,24,360,425,15,37,120,328,105,302,247
-22,0,302,349,451,7,102,73,93,105,254,403
-21,0,251,168,319,205,109,371,475,431,412,148
-20,0,485,392,458,416,320,34,346,44,384,470
-19,0,9,446,10,425,93,0,196,211,134,414
-18,0,495,188,79,234,485,123,381,278,286,282
-17,0,362,267,190,186,430,265,209,101,218,301
-16,0,62,401,270,98,198,10,93,176,0,290
-15,0,173,473,392,358,19,272,234,150,93,34
-14,0,471,359,358,481,349,150,134,93,233,120
-13,0,264,305,312,321,362,430,36,265,209,76
-12,0,46,160,330,149,2,201,219,203,505,70
-11,0,360,223,399,37,80,103,15,340,280,354
-10,0,103,238,247,89,27,106,399,197,184,196
-9,0,354,102,33,507,322,89,30,280,462,80
-8,0,376,507,30,10,175,197,350,0,358,187
-7,0,97,508,93,134,451,92,328,360,492,400
-6,0,224,305,178,208,379,265,218,200,148,475
-5,0,167,62,401,198,176,211,203,93,98,0
-4,0,32,160,278,130,71,330,170,409,148,46
-3,0,369,479,0,270,497,95,139,134,293,93
-2,0,16,105,197,481,322,350,242,132,497,254
-1,0,251,168,319,205,371,109,475,412,431,262
-52,1,157,320,19,225,86,60,165,131,58,128
-51,1,320,71,483,157,19,447,58,304,112,410
-50,1,320,58,48,197,319,405,413,233,324,496
-49,1,197,179,48,58,320,405,413,381,467,279
-48,1,5,197,76,293,320,410,238,302,262,48
-47,1,71,112,197,447,251,483,410,320,427,471
-46,1,319,405,179,197,58,352,413,263,169,93
-45,1,458,326,119,210,467,499,169,352,401,381
-44,1,119,326,458,352,210,263,169,381,467,45
-43,1,279,426,458,119,352,169,179,498,342,93
-42,1,179,169,119,210,197,381,352,342,93,481
-41,1,5,76,3,189,423,316,230,410,164,402
-40,1,71,427,112,59,251,285,483,9,87,410
-39,1,237,244,483,405,197,285,320,251,482,58
-38,1,197,48,179,135,491,285,405,143,483,381
-37,1,179,197,381,48,491,285,119,135,405,143
-36,1,5,3,423,76,316,410,189,320,226,164
-35,1,324,20,482,358,413,504,48,4,319,467
-34,1,440,57,383,423,125,320,442,446,389,475
-33,1,128,320,293,304,157,225,34,197,60,62
-32,1,4,197,504,319,320,285,413,324,58,237
-31,1,197,119,342,224,179,169,263,78,491,413
-30,1,108,451,394,368,0,176,391,423,475,230
-29,1,456,197,319,324,413,4,68,6,53,169
-28,1,197,179,456,6,413,319,324,53,263,58
-27,1,108,176,451,391,368,477,0,230,456,221
-26,1,108,80,477,176,242,456,230,191,331,207
-25,1,71,427,162,456,80,112,483,320,9,410
-24,1,237,405,483,197,244,162,320,58,403,456
-23,1,179,48,381,197,135,413,405,324,319,143
-22,1,179,279,381,48,491,197,119,135,263,285
-21,1,57,440,125,383,320,423,442,88,475,446
-20,1,434,128,320,242,123,209,383,174,60,442
-19,1,304,293,34,320,197,162,481,62,366,240
-18,1,437,471,447,261,304,483,434,320,58,509
-17,1,402,189,316,477,203,211,29,410,3,164
-16,1,293,134,34,197,240,304,410,302,366,238
-15,1,264,237,483,251,244,4,410,447,482,71
-14,1,305,197,263,179,413,274,334,78,491,264
-13,1,76,5,3,189,316,423,61,402,230,262
-12,1,71,112,59,427,251,285,482,9,237,87
-11,1,405,324,42,197,413,91,179,163,352,285
-10,1,50,413,405,163,324,179,352,42,143,169
-9,1,326,458,163,279,324,401,169,499,267,473
-8,1,458,499,326,169,279,237,197,244,210,405
-7,1,179,263,352,197,413,135,405,267,143,285
-6,1,477,108,176,242,423,331,207,76,151,277
-5,1,162,304,293,320,34,62,366,240,383,456
-4,1,471,215,427,447,112,410,320,53,483,414
-3,1,491,16,243,465,156,197,410,58,212,454
-2,1,491,156,410,243,481,212,224,16,326,58
-1,1,57,440,383,125,320,423,442,475,88,505
-52,2,75,12,209,185,257,403,263,87,388,286
-51,2,185,257,403,370,75,10,211,84,209,263
-50,2,370,417,394,69,22,84,403,445,100,75
-49,2,370,394,417,69,28,84,403,338,83,117
-48,2,370,470,84,439,105,249,338,20,339,185
-47,2,142,84,370,10,338,101,226,185,83,20
-46,2,28,96,417,370,265,317,445,83,351,76
-45,2,410,96,64,267,505,375,86,76,213,417
-44,2,410,96,83,302,64,86,55,375,124,505
-43,2,443,83,86,206,88,96,484,213,8,265
-42,2,96,317,410,88,28,252,370,57,418,417
-41,2,84,370,454,307,249,20,257,338,359,339
-40,2,10,370,307,84,406,20,142,454,83,101
-39,2,210,36,370,406,215,251,84,83,481,180
-38,2,370,134,319,28,417,406,211,351,96,138
-37,2,28,370,417,134,394,406,96,351,69,117
-36,2,20,370,84,493,454,249,257,359,294,338
-35,2,394,445,505,417,69,370,145,190,22,258
-34,2,370,84,257,496,339,511,211,107,403,134
-33,2,200,286,315,439,370,310,20,84,257,211
-32,2,417,402,370,394,127,42,69,273,28,351
-31,2,394,417,370,190,28,364,256,406,69,402
-30,2,200,370,236,452,257,391,112,346,84,235
-29,2,417,28,134,351,394,445,42,370,211,69
-28,2,394,417,351,256,370,28,273,190,364,145
-27,2,268,370,257,200,452,236,84,112,211,235
-26,2,268,162,452,50,370,257,112,200,363,84
-25,2,363,10,370,101,50,162,268,257,84,483
-24,2,370,36,211,363,210,273,483,215,251,449
-23,2,134,370,445,28,351,230,211,417,179,364
-22,2,351,449,370,211,134,28,364,76,179,173
-21,2,257,370,84,511,496,211,37,403,207,137
-20,2,286,50,257,321,304,370,84,87,399,162
-19,2,370,418,360,439,315,316,252,134,310,263
-18,2,457,494,370,135,316,84,257,315,393,101
-17,2,105,472,198,370,20,84,257,249,310,339
-16,2,105,470,370,439,339,418,20,263,134,451
-15,2,215,251,503,370,481,210,339,142,10,101
-14,2,180,92,431,28,127,76,96,273,251,145
-13,2,307,20,359,454,339,253,249,370,303,84
-12,2,10,307,20,359,370,454,253,101,339,414
-11,2,45,181,260,149,480,86,64,417,230,394
-10,2,258,45,96,260,230,417,88,86,64,273
-9,2,181,42,45,86,252,141,492,82,410,96
-8,2,433,430,252,238,96,316,79,341,418,164
-7,2,96,273,394,28,256,417,180,69,351,445
-6,2,452,50,391,162,370,257,84,339,112,37
-5,2,315,211,418,360,257,439,370,470,50,263
-4,2,483,211,370,250,257,494,380,101,142,500
-3,2,370,479,168,8,196,313,481,211,74,503
-2,2,481,479,370,211,168,430,503,196,483,319
-1,2,370,257,84,211,511,496,37,207,338,403
-52,3,405,205,253,470,394,403,88,190,310,469
-51,3,405,249,237,265,205,253,228,335,403,235
-50,3,78,14,310,235,24,280,405,200,253,228
-49,3,78,14,310,24,331,235,280,374,253,228
-48,3,78,24,235,331,14,310,405,465,253,168
-47,3,78,24,331,14,216,405,374,310,235,200
-46,3,78,24,69,376,200,45,374,289,396,68
-45,3,376,78,340,374,103,45,306,69,391,437
-44,3,376,340,45,78,68,103,69,306,374,242
-43,3,340,376,69,78,191,374,289,437,103,391
-42,3,78,376,374,69,340,200,68,24,103,66
-41,3,78,235,310,237,331,374,465,24,14,405
-40,3,216,78,510,374,235,376,340,24,465,237
-39,3,78,235,24,391,374,162,444,310,45,220
-38,3,78,482,24,14,280,374,331,310,200,235
-37,3,482,78,24,14,374,280,200,331,235,363
-36,3,235,450,310,482,78,24,237,465,14,405
-35,3,482,24,78,280,14,62,200,96,331,493
-34,3,235,78,293,310,24,482,405,14,335,196
-33,3,24,235,405,310,416,331,237,465,200,228
-32,3,24,78,14,331,129,200,482,280,503,391
-31,3,24,78,331,14,280,96,482,200,493,503
-30,3,381,235,237,310,402,29,405,331,465,24
-29,3,331,24,482,78,280,14,96,200,493,310
-28,3,331,24,14,78,280,482,503,493,200,447
-27,3,381,310,235,405,465,331,237,403,24,88
-26,3,381,405,29,465,199,403,253,310,235,237
-25,3,216,235,510,24,331,416,310,228,405,78
-24,3,235,24,310,379,482,78,200,470,405,228
-23,3,331,24,235,78,217,62,482,220,310,200
-22,3,331,235,217,78,379,24,62,247,200,482
-21,3,237,235,293,335,408,249,196,182,331,78
-20,3,29,237,459,405,293,249,235,335,465,403
-19,3,78,235,24,90,310,237,62,331,228,405
-18,3,235,35,310,52,331,405,78,24,237,379
-17,3,90,235,310,237,379,265,78,175,403,405
-16,3,78,444,235,416,24,310,168,331,450,64
-15,3,78,216,24,416,397,444,310,374,62,200
-14,3,376,69,78,24,280,200,96,340,391,482
-13,3,416,444,391,78,374,310,283,235,489,503
-12,3,216,510,416,78,310,235,331,482,24,200
-11,3,24,78,376,200,391,69,96,444,70,482
-10,3,78,24,96,200,280,391,444,374,51,376
-9,3,444,78,340,201,103,240,391,376,176,200
-8,3,444,391,96,24,78,200,45,103,411,340
-7,3,78,200,24,280,391,96,444,482,58,376
-6,3,29,381,405,465,237,293,253,235,199,310
-5,3,235,237,293,403,310,405,78,331,379,249
-4,3,216,357,403,354,465,235,293,405,237,331
-3,3,235,444,450,78,503,310,379,90,289,340
-2,3,235,450,444,78,331,310,403,503,237,405
-1,3,237,293,235,331,310,196,408,78,335,249
-52,4,309,252,110,168,488,299,308,432,166,290
-51,4,252,309,110,488,417,495,299,325,168,410
-50,4,309,252,488,432,325,110,289,424,496,316
-49,4,309,424,432,488,252,316,289,110,167,469
-48,4,488,252,110,308,424,102,339,309,267,316
-47,4,252,488,309,496,417,102,110,495,325,506
-46,4,309,412,424,240,272,295,116,64,91,337
-45,4,12,323,9,315,272,113,424,240,456,412
-44,4,12,9,323,424,272,315,240,422,113,172
-43,4,9,12,172,149,424,266,240,272,315,309
-42,4,9,149,12,424,412,197,323,266,272,430
-41,4,488,252,192,110,102,267,325,469,257,161
-40,4,192,417,488,12,323,252,495,110,9,102
-39,4,9,316,424,115,149,358,12,323,488,216
-38,4,90,488,424,432,185,9,12,323,309,430
-37,4,90,432,424,488,316,430,272,240,9,105
-36,4,488,252,267,110,102,90,161,325,257,371
-35,4,90,424,432,334,289,309,105,316,430,488
-34,4,252,496,488,325,90,506,110,346,294,357
-33,4,488,252,110,102,308,432,424,192,316,168
-32,4,424,316,90,338,488,458,432,167,289,9
-31,4,316,167,424,289,432,458,334,90,430,337
-30,4,252,488,110,102,34,223,506,257,325,68
-29,4,424,289,316,90,257,167,432,323,430,64
-28,4,289,316,424,432,90,167,257,412,430,105
-27,4,252,488,110,34,102,223,506,325,68,257
-26,4,296,252,110,488,102,34,507,428,192,130
-25,4,417,495,488,110,316,252,102,296,424,192
-24,4,488,424,316,110,358,432,252,299,90,338
-23,4,432,424,65,257,299,316,293,90,488,334
-22,4,299,488,432,257,65,316,424,293,110,105
-21,4,252,488,496,506,346,325,357,294,68,257
-20,4,488,324,252,296,102,110,168,257,68,198
-19,4,488,308,316,424,110,432,102,65,90,334
-18,4,488,128,191,431,110,252,102,316,168,329
-17,4,488,110,405,102,152,252,310,74,308,316
-16,4,402,316,110,339,488,287,102,308,424,90
-15,4,316,314,424,495,488,90,110,412,323,432
-14,4,9,412,197,424,323,12,422,214,111,266
-13,4,192,161,267,110,102,252,175,310,507,405
-12,4,417,495,110,192,488,252,102,316,359,458
-11,4,12,9,433,412,323,316,197,424,266,436
-10,4,424,458,412,436,197,316,430,9,351,62
-9,4,436,9,12,197,424,149,323,216,118,458
-8,4,436,424,149,9,197,323,430,12,312,458
-7,4,458,424,412,197,436,430,289,323,9,422
-6,4,252,296,102,488,110,34,507,428,506,114
-5,4,488,308,316,110,252,432,168,424,257,287
-4,4,110,488,245,252,102,196,329,309,440,296
-3,4,308,110,436,316,323,424,287,488,9,149
-2,4,110,308,455,316,488,287,493,436,149,102
-1,4,252,488,496,506,357,346,294,325,110,73
-52,5,220,236,280,71,487,420,26,205,425,483
-51,5,280,373,220,236,205,71,487,258,120,273
-50,5,280,220,202,191,449,236,492,85,26,147
-49,5,280,449,220,202,191,492,293,452,71,111
-48,5,280,119,202,350,131,191,449,458,415,354
-47,5,373,354,202,280,273,258,236,350,449,220
-46,5,387,222,165,7,293,28,212,16,39,232
-45,5,212,347,497,234,464,387,232,293,194,342
-44,5,212,347,497,234,232,293,387,464,130,194
-43,5,212,464,293,232,347,194,234,342,419,382
-42,5,212,464,293,347,382,234,387,194,449,232
-41,5,26,354,47,424,146,331,350,54,280,236
-40,5,331,373,258,212,424,26,350,354,449,293
-39,5,286,283,191,161,449,280,158,293,505,107
-38,5,449,280,191,286,464,293,187,505,117,94
-37,5,449,280,191,159,286,293,358,245,296,390
-36,5,424,26,54,146,245,280,47,354,350,202
-35,5,449,280,202,492,111,293,419,216,94,245
-34,5,236,26,294,74,56,468,68,354,110,98
-33,5,26,280,400,131,424,236,354,449,485,286
-32,5,449,280,147,492,191,111,202,94,506,102
-31,5,147,449,280,21,492,111,36,102,506,419
-30,5,26,374,153,247,37,80,312,93,354,47
-29,5,449,506,280,94,293,492,222,147,202,102
-28,5,449,21,280,36,492,506,293,94,147,419
-27,5,501,247,26,37,354,374,153,312,449,236
-26,5,26,37,501,416,475,153,27,354,47,312
-25,5,280,373,26,258,449,416,354,273,350,94
-24,5,283,26,280,187,158,286,161,449,71,373
-23,5,449,452,280,71,328,506,492,216,187,202
-22,5,358,328,506,492,71,132,280,102,452,449
-21,5,26,236,294,74,56,68,354,468,110,98
-20,5,26,339,257,236,71,416,354,280,11,340
-19,5,191,449,280,131,286,220,158,487,26,293
-18,5,399,273,280,26,331,286,449,191,215,350
-17,5,54,26,280,158,415,286,487,354,350,449
-16,5,286,415,280,131,449,245,350,158,143,400
-15,5,284,270,233,449,158,273,286,346,373,280
-14,5,212,464,347,419,293,232,28,382,234,36
-13,5,47,26,54,146,331,424,350,63,354,37
-12,5,26,373,424,258,331,146,354,280,449,350
-11,5,212,382,464,293,347,32,232,234,477,342
-10,5,293,464,382,449,212,347,173,216,85,419
-9,5,382,497,293,347,212,234,286,139,464,32
-8,5,139,497,382,293,464,212,234,107,347,327
-7,5,293,492,382,147,449,186,390,422,94,364
-6,5,26,47,416,153,475,27,312,37,63,354
-5,5,26,90,131,354,275,415,5,416,158,280
-4,5,26,456,273,96,350,354,258,483,90,415
-3,5,286,52,317,483,136,350,79,505,187,158
-2,5,21,317,286,52,350,79,483,36,136,143
-1,5,26,236,74,294,68,354,56,468,110,98
-52,6,33,223,283,179,335,63,112,329,383,159
-51,6,33,198,383,476,223,335,283,136,210,396
-50,6,33,210,169,476,286,280,223,80,136,121
-49,6,33,210,286,407,26,170,296,138,431,280
-48,6,3,129,383,80,42,175,210,33,447,264
-47,6,476,33,80,354,210,383,382,395,407,198
-46,6,121,286,139,472,298,37,384,395,249,290
-45,6,423,103,37,95,251,267,249,325,399,380
-44,6,423,95,393,384,325,178,103,37,251,286
-43,6,37,121,249,103,139,388,202,286,353,267
-42,6,37,103,286,296,170,455,423,139,395,95
-41,6,118,3,210,149,80,132,87,175,286,224
-40,6,476,3,132,189,354,37,103,80,198,95
-39,6,354,476,210,372,80,44,132,37,95,27
-38,6,24,210,121,279,102,431,80,286,33,245
-37,6,24,210,95,296,170,431,286,407,455,33
-36,6,210,3,118,87,224,80,324,132,24,147
-35,6,210,169,238,286,457,116,51,395,387,37
-34,6,210,435,259,118,310,68,352,292,111,185
-33,6,80,179,42,132,73,210,52,383,234,142
-32,6,121,286,212,210,174,387,353,267,33,116
-31,6,210,286,174,387,296,170,102,136,279,423
-30,6,288,140,210,496,208,176,149,118,292,349
-29,6,121,210,49,286,457,415,431,392,133,295
-28,6,210,392,286,395,415,30,280,457,431,387
-27,6,288,496,140,210,208,349,80,176,118,149
-26,6,288,208,140,349,496,180,176,253,80,210
-25,6,476,189,210,354,198,80,286,208,280,33
-24,6,210,476,354,80,372,33,234,44,286,335
-23,6,431,210,24,286,457,395,464,169,279,415
-22,6,431,455,24,170,59,296,210,335,457,138
-21,6,435,68,118,259,292,210,335,237,185,33
-20,6,272,80,179,14,309,234,33,280,210,52
-19,6,210,80,73,42,33,148,183,286,234,280
-18,6,210,74,80,136,183,33,148,486,337,383
-17,6,338,210,444,80,42,471,33,183,280,142
-16,6,129,42,471,210,383,132,80,113,142,73
-15,6,354,210,248,27,80,132,44,476,255,387
-14,6,248,139,174,384,472,37,298,286,103,138
-13,6,248,118,3,496,132,87,224,161,149,174
-12,6,476,189,132,354,210,80,324,387,496,3
-11,6,95,37,120,39,103,169,325,299,372,7
-10,6,286,37,39,95,299,325,103,387,169,395
-9,6,423,95,37,103,325,455,49,282,115,120
-8,6,37,95,423,45,325,103,7,455,170,286
-7,6,95,286,387,296,90,37,455,24,26,121
-6,6,118,288,149,180,140,292,111,349,263,208
-5,6,210,73,279,180,80,42,113,129,417,142
-4,6,452,6,80,50,210,166,258,279,136,33
-3,6,347,49,358,121,258,480,254,210,80,234
-2,6,347,423,358,258,214,138,44,136,210,234
-1,6,68,496,237,168,435,259,185,292,118,397
-52,7,346,303,26,41,432,357,8,108,219,458
-51,7,346,231,303,26,219,8,108,329,170,438
-50,7,303,152,148,346,368,142,26,329,193,411
-49,7,303,368,235,250,314,346,226,26,148,355
-48,7,282,72,26,303,226,15,429,128,334,86
-47,7,231,303,170,368,226,26,15,179,148,282
-46,7,368,306,29,401,37,35,78,286,431,377
-45,7,78,395,83,401,508,37,29,252,82,324
-44,7,78,401,37,324,297,314,71,121,225,431
-43,7,401,508,423,78,324,367,431,418,395,253
-42,7,401,78,368,37,306,314,143,148,41,431
-41,7,128,72,166,26,303,259,368,282,449,226
-40,7,170,231,26,72,226,259,15,133,128,491
-39,7,206,324,353,423,15,412,26,0,154,228
-38,7,15,26,368,142,228,160,118,154,148,324
-37,7,235,26,15,142,368,314,148,219,183,101
-36,7,128,282,259,26,449,72,166,305,44,267
-35,7,368,188,152,148,424,304,448,142,179,296
-34,7,303,33,26,302,316,242,139,351,368,142
-33,7,26,282,128,357,256,303,86,72,154,44
-32,7,368,348,226,147,15,156,142,26,395,61
-31,7,368,116,348,142,15,101,226,61,392,40
-30,7,410,65,26,155,167,123,15,496,94,166
-29,7,508,142,338,171,368,392,304,226,101,61
-28,7,116,171,142,338,190,101,368,61,392,314
-27,7,26,113,410,135,171,123,155,142,65,316
-26,7,410,123,113,171,26,155,258,308,496,166
-25,7,231,170,323,26,226,142,183,15,437,118
-24,7,206,324,353,26,142,154,228,0,118,108
-23,7,142,304,338,101,392,15,70,183,118,368
-22,7,338,235,142,44,101,314,26,117,118,108
-21,7,26,33,302,316,139,242,303,458,142,8
-20,7,357,95,181,365,26,174,223,303,220,492
-19,7,143,41,26,15,219,303,154,142,326,427
-18,7,437,176,175,26,426,154,142,295,303,41
-17,7,267,164,26,166,449,41,72,258,15,128
-16,7,282,15,326,258,86,317,267,429,26,128
-15,7,390,195,274,206,15,0,324,26,466,154
-14,7,116,37,62,250,314,306,195,235,401,408
-13,7,128,166,259,44,195,72,26,449,29,305
-12,7,170,231,26,259,424,44,226,323,128,15
-11,7,294,78,395,121,508,403,70,37,285,62
-10,7,78,304,368,71,37,188,285,462,226,296
-9,7,78,83,395,367,252,37,401,143,508,324
-8,7,71,324,423,78,37,228,143,412,363,285
-7,7,37,314,147,226,40,304,368,244,250,306
-6,7,65,123,166,410,26,424,496,469,155,308
-5,7,118,26,101,323,245,142,357,132,282,154
-4,7,26,437,268,154,118,170,334,269,142,245
-3,7,461,326,363,413,200,269,187,26,401,334
-2,7,461,116,200,326,413,363,26,269,187,15
-1,7,26,302,33,139,316,242,191,458,351,177
-52,8,456,308,175,325,439,370,11,181,422,477
-51,8,439,11,175,456,370,477,325,308,244,422
-50,8,370,11,439,325,163,422,175,204,148,477
-49,8,163,370,11,325,307,439,204,477,148,231
-48,8,163,370,32,325,177,148,11,439,307,161
-47,8,370,163,439,11,148,325,161,488,307,88
-46,8,66,88,320,508,36,163,186,370,55,290
-45,8,199,186,88,92,217,112,429,161,440,507
-44,8,199,112,92,355,217,88,429,440,216,225
-43,8,217,199,186,355,88,370,507,290,112,381
-42,8,217,370,199,88,508,186,355,163,204,381
-41,8,370,163,325,32,126,11,161,88,204,186
-40,8,370,177,186,163,307,112,148,507,161,317
-39,8,370,307,317,148,177,163,186,11,242,468
-38,8,370,317,307,325,11,163,148,197,207,186
-37,8,370,317,307,207,148,11,477,325,86,163
-36,8,32,177,126,317,242,169,370,207,307,325
-35,8,11,163,370,204,148,488,422,197,477,14
-34,8,370,325,11,163,356,151,477,197,422,295
-33,8,11,151,322,482,239,325,191,370,470,148
-32,8,110,370,163,11,155,148,197,295,312,457
-31,8,482,163,317,155,370,204,295,110,199,489
-30,8,442,482,30,11,155,370,378,126,317,151
-29,8,163,477,110,370,197,30,268,155,11,204
-28,8,277,482,155,163,477,317,30,268,295,186
-27,8,442,11,370,295,30,482,155,163,477,378
-26,8,442,111,378,482,126,317,432,155,11,433
-25,8,163,59,370,442,307,252,111,197,155,151
-24,8,477,59,307,155,11,370,101,148,482,325
-23,8,155,477,370,11,217,307,317,367,482,295
-22,8,381,477,307,317,155,482,101,367,11,295
-21,8,477,11,155,370,482,356,325,244,283,295
-20,8,11,151,87,370,357,325,477,111,205,442
-19,8,11,370,151,61,325,482,59,104,477,148
-18,8,505,163,370,161,61,295,325,146,151,148
-17,8,151,61,59,370,325,482,230,32,104,11
-16,8,173,370,461,186,419,163,295,325,161,11
-15,8,186,86,419,370,163,427,197,239,4,295
-14,8,50,258,86,427,4,112,92,199,186,429
-13,8,186,86,126,419,32,489,427,270,163,370
-12,8,126,242,32,357,307,186,163,360,177,353
-11,8,216,507,186,50,307,249,370,112,288,331
-10,8,199,50,489,216,186,331,370,290,197,204
-9,8,217,381,507,186,216,459,264,50,305,298
-8,8,381,186,217,507,459,249,370,216,305,112
-7,8,217,431,489,204,290,307,216,370,163,6
-6,8,186,126,111,370,325,442,163,154,205,489
-5,8,59,126,357,11,151,155,482,496,111,477
-4,8,155,210,11,148,370,161,151,496,59,3
-3,8,210,11,468,155,437,496,292,201,148,283
-2,8,210,155,496,11,468,170,283,437,370,292
-1,8,155,496,11,325,356,370,283,210,244,304
-52,9,68,154,360,506,462,376,111,321,368,142
-51,9,360,68,462,111,154,506,301,376,130,511
-50,9,462,68,506,14,511,90,360,183,154,410
-49,9,90,511,462,141,14,68,115,55,506,154
-48,9,462,141,360,68,90,511,506,14,154,259
-47,9,511,462,68,141,32,289,90,109,259,205
-46,9,372,317,511,456,267,127,255,246,109,121
-45,9,126,274,109,511,499,263,44,70,211,466
-44,9,274,499,211,263,373,137,408,266,17,466
-43,9,263,511,466,420,317,200,499,44,11,163
-42,9,263,511,70,466,420,109,499,195,44,200
-41,9,511,462,68,14,360,506,109,180,420,304
-40,9,263,195,511,499,420,211,69,44,70,410
-39,9,420,511,14,141,399,337,506,462,195,263
-38,9,511,141,86,14,49,154,420,360,504,55
-37,9,141,14,511,49,90,462,154,420,302,206
-36,9,141,14,506,68,462,90,473,154,49,380
-35,9,141,90,55,109,511,183,10,289,462,14
-34,9,141,68,462,90,360,14,154,506,511,111
-33,9,360,90,141,14,462,154,506,68,111,214
-32,9,432,260,141,511,90,69,14,426,10,55
-31,9,432,90,141,426,10,183,14,260,511,55
-30,9,14,141,90,360,154,462,301,506,432,68
-29,9,141,511,90,180,14,426,69,432,260,10
-28,9,141,90,14,426,432,10,511,8,301,180
-27,9,141,14,68,90,360,462,154,511,506,432
-26,9,301,360,14,462,141,90,45,154,506,8
-25,9,141,90,14,511,360,8,206,63,180,462
-24,9,141,360,14,90,154,511,82,395,301,206
-23,9,141,14,511,90,129,82,154,473,360,259
-22,9,141,82,115,90,129,301,398,382,511,130
-21,9,141,360,462,111,68,90,301,14,154,129
-20,9,360,111,141,462,90,68,48,154,506,14
-19,9,269,77,90,14,141,360,462,301,506,473
-18,9,90,14,141,511,462,506,360,289,49,209
-17,9,269,14,462,90,360,154,301,141,506,473
-16,9,269,14,300,141,49,420,462,320,90,363
-15,9,511,242,69,262,14,320,260,471,410,44
-14,9,211,499,242,460,263,267,70,317,262,410
-13,9,242,211,410,262,337,260,511,246,69,460
-12,9,14,462,69,180,269,320,410,260,432,506
-11,9,211,263,420,410,332,373,169,499,267,70
-10,9,211,410,263,69,499,44,420,267,127,403
-9,9,211,263,420,410,499,267,373,44,195,332
-8,9,211,195,499,420,263,410,373,332,44,213
-7,9,211,410,69,267,127,246,260,44,511,499
-6,9,410,211,420,69,462,432,14,511,269,506
-5,9,360,141,14,111,462,129,77,154,506,395
-4,9,14,0,420,299,462,360,429,506,320,141
-3,9,299,420,363,471,213,9,94,457,313,49
-2,9,299,420,363,14,471,313,462,9,307,49
-1,9,360,462,111,141,68,299,14,154,506,313
-52,10,325,461,107,322,203,495,508,299,296,229
-51,10,325,461,203,299,296,495,107,279,508,488
-50,10,325,299,203,461,279,152,381,280,366,296
-49,10,299,279,60,203,78,280,381,461,296,325
-48,10,299,279,490,203,461,296,381,60,253,280
-47,10,299,325,461,381,279,203,490,238,390,119
-46,10,178,299,381,152,325,374,453,461,44,293
-45,10,187,143,381,234,299,152,217,351,453,374
-44,10,187,234,143,381,351,307,217,374,152,405
-43,10,381,44,307,453,374,217,236,78,363,299
-42,10,78,381,299,374,60,346,234,487,279,217
-41,10,299,362,203,60,279,381,274,238,280,393
-40,10,381,60,362,363,44,299,238,427,217,137
-39,10,87,137,31,402,494,299,60,381,223,1
-38,10,279,299,381,487,280,60,1,488,178,408
-37,10,279,78,60,1,487,299,408,280,381,137
-36,10,362,1,265,279,299,60,446,280,137,203
-35,10,381,91,282,279,299,236,203,374,109,366
-34,10,299,279,203,60,381,296,238,280,424,488
-33,10,299,203,349,490,279,296,381,106,280,3
-32,10,178,212,236,279,381,282,374,299,6,92
-31,10,236,282,212,279,78,381,143,374,267,405
-30,10,279,441,381,299,296,203,48,488,212,51
-29,10,236,326,26,212,279,282,381,374,178,292
-28,10,26,326,279,236,282,212,381,114,405,78
-27,10,279,299,381,26,203,488,280,296,238,212
-26,10,279,26,370,441,381,296,203,48,51,488
-25,10,180,279,60,381,280,26,490,488,299,160
-24,10,87,494,180,60,31,279,381,26,92,488
-23,10,236,279,487,405,381,202,408,60,280,506
-22,10,78,291,60,17,279,487,408,12,381,92
-21,10,279,26,370,296,60,326,203,381,299,129
-20,10,299,370,279,203,265,381,296,349,215,48
-19,10,98,279,84,490,381,299,296,215,494,456
-18,10,308,102,501,280,279,381,299,238,60,203
-17,10,98,279,84,490,102,410,381,299,296,488
-16,10,409,490,3,494,253,279,381,84,425,362
-15,10,409,317,494,425,381,279,31,8,253,212
-14,10,293,234,44,374,307,6,217,381,317,298
-13,10,317,425,381,8,279,234,29,293,84,362
-12,10,362,409,279,381,265,402,84,60,238,299
-11,10,234,389,152,343,381,87,60,427,217,402
-10,10,234,282,143,87,369,381,217,374,152,236
-9,10,187,234,87,346,152,408,381,282,217,343
-8,10,87,187,291,234,381,78,60,363,290,217
-7,10,487,282,78,381,60,234,437,91,212,346
-6,10,402,279,282,91,409,29,381,60,1,234
-5,10,1,180,265,279,490,362,296,381,98,488
-4,10,279,507,502,296,92,456,488,381,1,23
-3,10,507,279,301,494,502,236,456,55,153,86
-2,10,279,301,507,153,296,456,494,86,502,55
-1,10,279,424,507,296,1,203,488,92,86,301
-52,11,273,397,163,132,508,108,261,104,430,361
-51,11,273,163,165,90,397,261,492,185,508,511
-50,11,90,273,261,397,163,311,477,434,253,231
-49,11,90,434,261,397,273,495,384,311,492,231
-48,11,90,397,261,163,495,273,492,89,268,311
-47,11,90,492,311,89,7,397,211,268,261,163
-46,11,211,13,87,90,375,311,36,220,360,386
-45,11,220,392,311,211,383,90,33,492,36,13
-44,11,392,220,311,86,33,383,386,176,105,36
-43,11,386,220,392,311,86,177,383,211,223,452
-42,11,392,311,86,13,211,33,220,177,90,386
-41,11,90,311,163,397,33,261,273,211,422,89
-40,11,220,383,13,311,193,33,14,432,89,377
-39,11,90,53,153,89,312,311,36,397,390,178
-38,11,409,384,90,311,78,434,178,408,385,279
-37,11,409,90,384,178,78,297,258,311,385,397
-36,11,90,397,261,409,273,258,163,477,231,78
-35,11,434,90,231,215,384,409,178,492,397,311
-34,11,90,163,397,273,231,84,434,409,261,311
-33,11,90,163,273,422,261,397,84,477,188,371
-32,11,409,385,178,89,384,90,311,434,78,231
-31,11,409,231,178,434,331,370,385,78,465,90
-30,11,90,243,409,287,422,126,261,397,231,3
-29,11,409,434,384,78,89,370,311,502,120,331
-28,11,409,502,78,370,434,178,331,120,90,231
-27,11,90,397,409,422,311,163,434,446,477,84
-26,11,243,90,287,3,409,422,126,477,402,261
-25,11,409,90,384,339,178,477,78,89,13,446
-24,11,90,78,409,287,53,446,126,339,477,422
-23,11,78,409,434,370,23,492,328,231,384,90
-22,11,78,331,409,318,23,328,90,231,120,370
-21,11,90,78,397,258,273,422,126,477,23,163
-20,11,90,397,163,261,495,243,273,477,422,84
-19,11,409,90,446,397,258,495,178,78,311,477
-18,11,178,409,90,397,251,434,416,231,258,63
-17,11,90,495,446,397,288,409,258,78,477,311
-16,11,409,178,148,110,325,231,446,168,90,77
-15,11,168,178,409,474,311,131,220,77,231,187
-14,11,220,139,233,114,452,168,131,432,312,375
-13,11,168,220,193,14,139,311,187,131,352,432
-12,11,409,90,397,178,311,477,231,13,33,168
-11,11,220,392,33,193,311,360,426,176,377,13
-10,11,220,392,311,352,2,432,295,105,239,13
-9,11,220,311,392,33,2,383,432,193,295,90
-8,11,220,153,311,383,56,312,432,392,193,33
-7,11,220,352,311,434,13,392,239,384,432,178
-6,11,33,311,178,220,3,90,231,397,13,243
-5,11,78,258,90,103,422,477,340,366,243,446
-4,11,258,446,127,90,390,409,172,33,366,9
-3,11,390,496,258,446,153,460,235,71,33,81
-2,11,258,496,390,78,446,366,127,460,398,9
-1,11,258,366,78,90,103,397,126,127,422,446
-52,12,28,251,139,433,307,48,18,297,386,435
-51,12,251,288,433,139,351,48,63,297,277,386
-50,12,139,189,288,436,433,327,180,302,63,2
-49,12,139,91,127,75,288,136,352,24,345,440
-48,12,139,288,63,307,198,303,502,276,290,84
-47,12,288,139,351,463,63,356,448,228,491,290
-46,12,352,139,1,288,161,345,51,440,356,45
-45,12,139,352,216,189,161,288,145,45,151,141
-44,12,139,216,151,51,165,46,189,161,338,45
-43,12,139,51,161,233,420,338,45,151,2,356
-42,12,161,139,51,136,338,2,356,288,130,408
-41,12,17,63,139,288,138,264,267,502,289,356
-40,12,138,463,351,17,502,139,84,338,151,457
-39,12,138,399,419,139,93,404,63,351,155,288
-38,12,138,161,139,48,32,356,404,440,288,2
-37,12,138,75,139,48,32,165,161,136,288,91
-36,12,139,267,138,63,198,400,288,284,17,290
-35,12,189,2,139,24,36,216,288,356,281,494
-34,12,139,63,288,290,246,264,37,433,220,251
-33,12,502,251,63,139,198,303,288,298,264,290
-32,12,189,139,352,6,440,2,127,24,356,130
-31,12,189,6,216,51,408,2,161,136,24,32
-30,12,78,432,63,288,139,264,363,101,410,298
-29,12,48,32,2,6,51,189,161,3,24,347
-28,12,51,6,408,32,2,48,456,189,347,216
-27,12,63,139,288,264,432,306,290,78,298,101
-26,12,306,432,206,378,78,305,138,298,139,135
-25,12,463,351,502,206,139,264,63,298,84,138
-24,12,419,399,48,404,298,139,155,264,6,63
-23,12,32,48,18,189,161,185,24,288,325,2
-22,12,127,6,136,48,75,343,18,91,32,345
-21,12,63,139,301,246,290,264,220,288,37,287
-20,12,340,493,63,206,460,139,290,251,87,288
-19,12,498,303,139,288,251,120,48,63,252,264
-18,12,7,139,22,438,63,326,264,48,288,221
-17,12,63,139,400,267,33,288,312,264,290,298
-16,12,50,198,379,303,307,502,139,84,258,288
-15,12,93,351,165,155,84,288,139,419,343,232
-14,12,345,511,190,127,352,408,6,151,1,233
-13,12,17,138,267,432,139,288,84,284,63,278
-12,12,138,463,63,17,351,139,288,502,340,448
-11,12,352,138,229,232,145,139,327,162,46,45
-10,12,165,440,352,216,189,494,46,161,2,356
-9,12,229,120,165,139,145,136,356,275,498,46
-8,12,161,50,136,498,120,240,399,84,232,165
-7,12,440,3,347,165,232,24,6,161,84,91
-6,12,63,138,78,87,340,432,206,378,284,288
-5,12,303,299,48,139,63,286,251,223,264,340
-4,12,248,409,406,63,144,139,463,299,264,448
-3,12,360,269,498,50,60,75,165,497,209,448
-2,12,408,269,360,60,50,165,75,498,144,288
-1,12,63,246,301,287,290,37,139,228,288,459
-52,13,293,68,400,466,387,294,268,224,50,262
-51,13,387,50,463,35,148,385,286,293,224,273
-50,13,387,290,35,148,286,250,453,330,7,91
-49,13,35,290,387,330,367,411,463,286,7,442
-48,13,387,35,148,286,290,463,411,273,385,330
-47,13,387,290,148,35,411,50,442,250,302,91
-46,13,290,29,148,153,387,330,203,7,187,411
-45,13,290,485,250,387,203,330,16,148,187,153
-44,13,290,187,485,40,250,203,64,330,197,148
-43,13,290,365,64,203,250,187,330,167,387,153
-42,13,250,290,64,40,203,387,148,365,302,411
-41,13,387,148,385,290,250,463,302,35,411,286
-40,13,76,202,303,82,203,411,460,290,134,330
-39,13,81,387,265,76,35,302,411,250,330,306
-38,13,457,35,76,286,119,290,463,387,302,71
-37,13,457,35,76,71,119,384,463,286,385,411
-36,13,387,76,463,303,35,302,330,290,411,148
-35,13,76,321,302,2,250,472,290,7,411,453
-34,13,387,463,385,148,290,181,273,457,330,35
-33,13,35,387,257,463,385,181,286,411,250,202
-32,13,457,330,76,35,175,367,202,7,302,290
-31,13,457,460,76,175,167,455,321,419,7,45
-30,13,455,181,157,463,457,76,339,35,211,411
-29,13,457,175,460,248,339,304,167,45,362,71
-28,13,457,304,460,175,211,465,76,455,248,181
-27,13,387,302,463,385,181,250,290,265,457,411
-26,13,455,157,181,76,463,339,35,306,381,7
-25,13,339,35,248,202,60,348,457,463,34,181
-24,13,248,181,35,339,457,76,71,463,211,29
-23,13,457,248,175,35,187,442,286,45,465,304
-22,13,248,457,463,71,35,76,241,367,45,100
-21,13,457,304,385,463,181,119,128,35,71,220
-20,13,387,463,35,128,286,181,385,329,273,283
-19,13,463,35,283,302,116,261,503,457,7,359
-18,13,137,113,290,463,35,387,421,302,330,411
-17,13,463,261,302,35,387,7,283,359,456,119
-16,13,359,35,463,7,302,261,316,411,119,147
-15,13,460,17,483,9,384,359,81,7,486,79
-14,13,384,51,71,483,187,460,127,246,290,17
-13,13,384,483,17,7,460,71,330,79,106,203
-12,13,7,463,359,302,483,303,385,265,387,72
-11,13,76,460,45,118,81,17,7,330,105,29
-10,13,187,76,45,100,197,81,460,29,106,203
-9,13,290,45,154,483,330,460,457,253,197,203
-8,13,76,482,64,367,460,29,45,187,197,455
-7,13,64,45,460,416,384,246,100,241,367,167
-6,13,76,7,302,118,45,128,385,370,330,329
-5,13,283,35,116,42,381,463,232,398,7,76
-4,13,42,137,35,463,348,302,7,239,311,147
-3,13,35,487,311,106,7,137,463,266,124,302
-2,13,311,35,463,119,302,487,7,385,71,124
-1,13,385,381,128,463,412,195,119,311,329,302
-52,14,398,138,495,7,40,180,117,136,168,137
-51,14,212,506,14,138,117,137,335,231,398,441
-50,14,441,14,95,439,274,231,335,377,398,269
-49,14,441,14,274,231,269,377,470,95,150,212
-48,14,441,14,212,274,470,231,269,486,377,95
-47,14,14,441,212,231,269,274,470,95,154,377
-46,14,280,441,238,311,324,173,95,56,387,99
-45,14,391,341,84,56,95,377,324,300,470,115
-44,14,300,341,391,171,1,115,462,85,56,498
-43,14,391,171,56,300,341,85,46,311,95,215
-42,14,341,56,300,95,377,391,324,1,387,441
-41,14,441,212,470,14,269,377,138,274,160,486
-40,14,391,354,351,171,428,115,190,470,56,68
-39,14,354,351,70,441,231,470,292,6,212,56
-38,14,470,441,274,377,99,187,105,269,461,231
-37,14,441,274,470,377,105,401,269,231,461,243
-36,14,212,441,14,460,321,160,273,335,461,138
-35,14,441,95,377,300,341,274,470,269,187,1
-34,14,441,14,212,160,377,470,274,461,154,269
-33,14,212,160,441,14,354,486,461,455,321,138
-32,14,441,260,311,377,95,274,231,187,280,470
-31,14,260,441,187,300,1,341,377,95,142,274
-30,14,441,260,65,160,377,212,321,14,274,231
-29,14,441,260,105,377,274,154,99,187,470,411
-28,14,441,187,260,300,1,411,99,377,6,105
-27,14,14,441,212,138,377,80,117,335,506,439
-26,14,65,321,368,160,448,497,411,278,461,288
-25,14,441,351,354,274,250,470,377,6,269,451
-24,14,351,354,292,461,321,70,6,250,105,280
-23,14,377,105,150,385,370,441,187,1,14,95
-22,14,105,461,150,370,396,276,154,305,441,6
-21,14,105,160,461,383,396,175,212,14,150,90
-20,14,212,90,138,14,92,160,461,335,154,368
-19,14,345,441,56,6,321,104,154,470,451,474
-18,14,441,105,268,470,377,461,269,160,274,154
-17,14,345,321,160,470,212,104,486,231,154,441
-16,14,192,441,451,302,56,345,70,37,130,269
-15,14,283,320,292,68,192,93,56,46,354,451
-14,14,239,46,93,320,404,443,384,377,391,414
-13,14,320,404,93,239,46,292,68,260,384,238
-12,14,212,345,103,96,56,160,154,374,441,321
-11,14,56,115,280,191,85,391,387,354,46,404
-10,14,115,280,300,404,320,85,206,1,341,387
-9,14,115,85,391,46,320,191,404,56,171,502
-8,14,115,85,5,171,48,437,109,191,292,153
-7,14,404,320,115,46,324,85,311,93,238,441
-6,14,56,323,320,74,115,404,388,90,441,324
-5,14,345,160,103,321,212,486,94,90,231,175
-4,14,56,130,441,44,470,451,320,115,212,109
-3,14,293,283,258,183,277,130,37,450,451,160
-2,14,160,258,293,94,283,429,485,396,6,451
-1,14,160,383,323,345,74,90,94,92,486,188
-52,15,283,174,103,38,342,188,156,215,330,199
-51,15,494,346,193,199,156,318,6,302,289,347
-50,15,193,318,156,494,100,289,487,199,491,405
-49,15,487,193,494,352,343,119,491,13,459,392
-48,15,193,494,487,491,119,506,199,280,318,245
-47,15,193,494,318,61,506,119,459,346,199,288
-46,15,311,383,76,43,211,79,209,494,110,245
-45,15,30,65,76,352,241,481,143,187,245,494
-44,15,187,65,43,15,135,245,308,503,275,295
-43,15,30,65,143,76,281,241,481,494,402,79
-42,15,30,245,352,65,241,281,143,481,76,511
-41,15,193,494,487,491,61,352,459,199,119,136
-40,15,65,30,187,481,275,241,352,146,245,195
-39,15,193,494,510,487,280,352,245,241,459,495
-38,15,510,459,487,193,30,241,119,508,352,495
-37,15,510,487,119,459,193,491,495,30,39,206
-36,15,193,494,61,491,510,119,156,487,426,199
-35,15,510,487,119,193,491,459,13,30,352,495
-34,15,193,491,494,510,61,487,119,459,156,318
-33,15,193,494,491,61,6,156,199,487,346,506
-32,15,487,352,193,98,30,119,74,39,510,459
-31,15,98,487,392,193,358,119,352,39,13,343
-30,15,193,487,491,119,13,352,392,494,98,61
-29,15,193,487,352,119,392,32,358,293,30,39
-28,15,32,487,193,119,392,352,358,491,98,343
-27,15,193,494,199,426,61,289,136,318,156,491
-26,15,193,119,487,491,32,506,392,61,39,352
-25,15,487,193,352,510,30,459,119,491,241,495
-24,15,193,510,61,119,491,346,487,459,494,426
-23,15,491,193,61,13,32,119,487,365,30,494
-22,15,491,32,193,61,13,119,487,105,365,346
-21,15,193,491,32,61,487,37,346,119,494,13
-20,15,193,494,491,61,156,136,199,426,22,6
-19,15,193,508,119,487,491,61,396,459,352,343
-18,15,193,487,352,245,459,119,39,491,508,293
-17,15,193,508,494,119,491,396,459,61,487,510
-16,15,487,352,245,30,193,508,293,39,119,81
-15,15,30,241,65,143,352,81,76,245,31,402
-14,15,30,402,76,65,31,228,64,143,281,241
-13,15,64,175,266,228,245,65,30,402,459,352
-12,15,193,487,459,245,352,119,510,508,392,501
-11,15,275,15,187,245,30,65,352,135,98,81
-10,15,245,275,98,352,380,30,39,162,297,15
-9,15,275,65,245,187,162,15,494,30,98,192
-8,15,65,352,98,245,162,275,30,39,508,380
-7,15,98,245,228,64,275,352,65,162,30,397
-6,15,245,352,98,65,275,297,30,495,392,81
-5,15,193,22,494,61,37,459,6,508,346,491
-4,15,245,352,98,30,65,508,275,15,392,39
-3,15,508,245,65,352,98,296,129,30,193,66
-2,15,193,508,296,352,51,39,119,325,129,169
-1,15,193,66,129,169,508,58,306,459,51,119
-52,16,228,243,487,429,272,132,142,74,58,392
-51,16,429,74,228,58,243,272,278,480,23,391
-50,16,228,201,260,429,243,272,487,479,74,282
-49,16,260,282,201,228,505,243,429,245,191,74
-48,16,201,429,260,74,228,243,140,282,272,505
-47,16,201,260,228,74,140,272,429,191,505,243
-46,16,260,61,191,263,28,228,482,168,505,322
-45,16,260,153,123,191,43,135,32,294,204,501
-44,16,153,123,260,43,204,226,501,42,94,439
-43,16,123,153,260,501,398,309,324,226,195,18
-42,16,260,123,153,191,409,135,482,322,345,294
-41,16,429,201,260,74,243,391,58,191,140,505
-40,16,153,123,501,260,18,226,195,43,70,94
-39,16,260,153,482,505,429,74,191,123,201,245
-38,16,260,409,450,201,245,282,191,505,500,482
-37,16,260,409,201,282,450,500,245,424,505,433
-36,16,429,201,74,260,140,243,500,505,228,58
-35,16,409,260,245,201,391,505,181,282,500,429
-34,16,429,201,243,500,140,74,228,260,58,479
-33,16,429,201,243,74,140,260,500,58,272,391
-32,16,260,196,505,245,409,476,282,391,191,428
-31,16,260,245,282,409,476,505,391,196,143,181
-30,16,260,201,505,245,282,429,500,391,74,424
-29,16,260,282,391,409,480,245,196,344,505,191
-28,16,260,282,245,409,394,505,393,480,143,201
-27,16,429,243,74,201,58,26,140,479,391,272
-26,16,260,505,201,245,500,393,282,424,391,62
-25,16,260,201,505,245,196,409,282,191,500,482
-24,16,500,201,62,260,505,245,74,429,140,282
-23,16,260,465,505,169,181,500,409,110,394,201
-22,16,424,282,465,394,110,500,260,370,62,245
-21,16,282,201,429,62,260,110,480,243,424,74
-20,16,429,201,243,74,140,26,62,500,191,92
-19,16,505,500,201,147,225,429,260,482,432,74
-18,16,260,201,505,429,482,245,391,282,191,500
-17,16,429,90,201,500,92,74,243,505,147,225
-16,16,505,245,482,260,90,143,225,196,470,204
-15,16,153,123,127,294,470,398,171,204,260,322
-14,16,127,153,123,260,409,398,428,294,309,261
-13,16,171,470,127,428,90,482,294,467,207,153
-12,16,90,429,225,482,245,505,201,260,500,74
-11,16,153,294,123,322,348,482,378,43,345,204
-10,16,260,171,153,294,348,123,378,322,482,45
-9,16,153,123,294,378,127,348,398,345,43,501
-8,16,260,171,153,123,348,482,294,378,17,175
-7,16,171,294,260,127,222,153,348,378,482,419
-6,16,482,171,294,101,260,153,245,45,476,470
-5,16,333,201,62,500,429,91,74,120,432,505
-4,16,153,482,260,294,348,123,171,17,470,322
-3,16,482,175,225,153,324,306,351,260,261,197
-2,16,482,225,351,227,174,91,84,306,505,368
-1,16,225,91,333,90,429,201,62,500,174,482
-52,17,486,136,209,510,363,105,160,469,84,243
-51,17,467,160,305,486,499,363,105,209,136,365
-50,17,486,136,469,105,363,365,187,160,499,504
-49,17,187,469,325,105,363,160,398,259,486,365
-48,17,365,467,499,105,187,160,363,469,422,413
-47,17,365,499,136,105,160,467,469,259,363,305
-46,17,259,187,469,398,91,463,105,304,177,442
-45,17,259,463,398,303,469,215,90,187,91,177
-44,17,463,215,90,457,16,187,303,98,54,284
-43,17,463,54,284,303,215,98,238,259,187,469
-42,17,259,463,187,215,91,177,398,469,457,90
-41,17,365,363,105,160,467,469,187,499,372,209
-40,17,284,459,54,357,238,98,215,463,69,418
-39,17,284,187,410,442,160,365,105,363,306,499
-38,17,410,147,187,452,508,469,109,325,105,214
-37,17,187,325,410,452,371,442,469,207,159,105
-36,17,105,469,467,365,499,160,363,410,187,372
-35,17,331,457,437,325,398,187,469,259,442,105
-34,17,365,469,105,467,187,363,499,372,209,172
-33,17,467,363,105,160,499,365,469,372,422,462
-32,17,190,211,432,398,410,266,259,363,452,469
-31,17,266,410,207,394,112,407,306,211,285,235
-30,17,410,266,246,363,499,467,422,372,469,285
-29,17,80,144,398,259,365,410,235,266,340,190
-28,17,266,410,394,285,207,112,442,371,187,235
-27,17,363,105,365,160,469,389,467,209,305,50
-26,17,246,410,462,306,363,285,266,365,467,270
-25,17,462,259,363,410,187,340,442,105,91,160
-24,17,285,410,462,296,187,452,306,505,378,363
-23,17,285,325,187,147,127,410,480,365,378,71
-22,17,187,285,410,325,147,306,234,378,480,442
-21,17,172,285,270,118,499,187,469,410,372,70
-20,17,160,467,365,363,105,469,499,372,324,484
-19,17,141,151,410,147,214,160,469,442,105,452
-18,17,187,105,349,469,499,259,160,102,442,365
-17,17,160,469,141,410,105,363,261,113,106,140
-16,17,306,156,237,410,218,214,284,469,215,442
-15,17,0,401,303,16,284,346,215,222,193,442
-14,17,303,282,346,193,0,401,449,455,406,403
-13,17,401,284,0,346,118,442,16,222,303,144
-12,17,306,160,172,142,237,363,187,469,442,105
-11,17,215,284,303,463,346,116,459,449,361,401
-10,17,463,284,459,346,215,361,485,245,394,303
-9,17,303,346,284,449,459,463,382,201,215,116
-8,17,284,463,222,394,283,215,238,187,69,174
-7,17,346,284,459,187,303,442,394,0,190,245
-6,17,118,284,270,394,215,17,187,172,469,70
-5,17,378,147,68,410,462,285,422,499,469,372
-4,17,284,303,0,401,442,485,223,394,379,218
-3,17,284,147,379,81,364,338,410,240,34,218
-2,17,147,410,364,81,378,207,160,240,68,379
-1,17,172,70,118,324,372,499,430,160,422,386
-52,18,449,46,19,185,201,246,35,194,124,496
-51,18,246,19,213,185,264,496,501,194,46,310
-50,18,201,401,19,278,264,213,119,501,442,185
-49,18,170,501,408,201,213,494,194,394,117,19
-48,18,501,201,19,246,108,194,284,168,122,249
-47,18,108,501,434,213,201,358,194,19,284,246
-46,18,154,487,235,201,459,29,173,408,280,111
-45,18,440,403,418,379,201,280,408,111,506,353
-44,18,418,280,487,440,379,408,403,366,201,437
-43,18,403,154,408,418,201,467,266,280,252,82
-42,18,408,506,394,418,106,201,280,501,379,437
-41,18,501,19,201,249,178,194,81,43,264,284
-40,18,501,434,213,122,81,249,467,108,194,246
-39,18,213,244,283,19,501,500,481,459,220,34
-38,18,501,19,394,170,213,408,106,25,154,34
-37,18,394,170,501,408,506,216,19,437,117,213
-36,18,501,19,81,227,43,249,201,194,178,183
-35,18,442,7,501,418,47,408,402,111,238,201
-34,18,501,264,503,483,201,19,510,127,385,475
-33,18,246,306,501,19,194,168,62,444,108,308
-32,18,154,501,403,207,266,69,19,235,280,13
-31,18,394,408,418,501,506,170,379,19,437,82
-30,18,501,132,336,103,164,194,485,178,19,435
-29,18,119,403,501,128,228,170,484,494,252,394
-28,18,394,408,132,170,402,501,418,486,280,25
-27,18,501,264,19,194,119,132,347,201,435,336
-26,18,501,435,164,19,63,485,194,336,178,36
-25,18,501,434,213,137,435,19,194,164,36,396
-24,18,501,500,244,283,213,19,34,194,137,165
-23,18,408,170,238,252,501,5,394,402,494,47
-22,18,501,170,394,506,194,494,408,213,159,19
-21,18,501,503,483,510,475,127,194,282,385,497
-20,18,324,85,444,501,19,194,435,185,264,385
-19,18,501,437,168,341,381,194,106,84,201,373
-18,18,501,304,194,201,156,337,19,70,321,11
-17,18,501,373,194,390,417,56,304,43,19,466
-16,18,501,390,108,62,343,168,466,246,122,194
-15,18,216,220,501,472,500,283,309,194,34,242
-14,18,266,494,67,235,216,408,280,437,487,117
-13,18,501,178,249,81,43,194,216,36,201,198
-12,18,501,81,213,249,178,194,434,43,19,466
-11,18,5,403,280,459,29,501,213,353,194,309
-10,18,280,5,403,418,442,437,402,201,351,484
-9,18,467,501,309,440,419,502,280,119,147,135
-8,18,501,437,500,467,409,229,34,280,440,506
-7,18,280,494,501,487,117,252,170,408,506,235
-6,18,501,435,336,385,178,194,497,164,85,36
-5,18,501,308,168,414,194,341,62,373,108,19
-4,18,501,308,464,108,434,21,137,194,443,293
-3,18,501,151,298,394,327,437,308,194,432,159
-2,18,501,394,298,151,327,194,437,308,408,159
-1,18,501,503,483,510,127,282,475,385,49,497
-52,19,434,342,173,372,162,413,377,64,509,375
-51,19,434,342,372,173,308,388,162,64,92,454
-50,19,342,362,372,483,308,162,434,173,222,291
-49,19,372,362,308,384,480,342,341,222,434,81
-48,19,372,308,362,342,341,64,222,434,92,173
-47,19,372,362,342,483,308,222,64,434,341,173
-46,19,362,222,161,483,21,307,372,124,308,309
-45,19,362,222,309,124,221,372,308,483,259,45
-44,19,222,362,124,221,259,45,372,307,309,333
-43,19,222,489,309,259,362,221,124,147,372,55
-42,19,362,222,259,308,372,489,309,384,307,81
-41,19,372,362,308,342,222,341,384,421,162,454
-40,19,412,372,362,483,221,238,399,21,307,401
-39,19,372,483,421,82,362,24,221,341,412,165
-38,19,372,362,308,483,341,82,421,269,468,342
-37,19,372,362,468,308,81,222,341,34,421,445
-36,19,372,222,342,64,454,341,468,362,14,507
-35,19,372,81,362,285,124,308,140,45,222,446
-34,19,372,222,454,342,362,308,14,162,341,173
-33,19,372,269,454,313,286,505,341,342,22,92
-32,19,362,372,384,421,222,446,124,9,341,457
-31,19,372,362,421,124,384,81,112,316,341,222
-30,19,372,407,408,262,341,505,421,503,303,454
-29,19,362,384,9,446,372,81,468,222,453,421
-28,19,362,468,372,34,81,421,384,316,308,445
-27,19,222,362,173,372,342,162,434,377,454,453
-26,19,372,408,407,385,505,503,341,22,269,262
-25,19,372,384,483,362,421,269,341,308,307,92
-24,19,372,483,269,82,341,308,505,286,407,92
-23,19,81,372,480,362,308,286,342,71,222,468
-22,19,372,308,286,480,73,341,81,468,342,259
-21,19,372,286,285,468,308,454,342,341,14,434
-20,19,372,454,383,14,173,221,342,269,505,456
-19,19,372,36,454,22,341,505,308,384,362,269
-18,19,372,308,362,123,222,341,384,307,454,71
-17,19,372,36,308,454,341,67,22,292,505,269
-16,19,372,292,421,142,110,160,36,22,341,271
-15,19,253,223,421,482,21,412,372,142,238,221
-14,19,253,238,412,21,362,24,222,309,124,455
-13,19,421,372,24,285,510,19,307,412,21,253
-12,19,372,444,384,483,421,269,341,22,308,454
-11,19,483,307,412,19,161,222,124,362,372,221
-10,19,362,124,222,483,372,412,307,52,19,45
-9,19,362,222,307,141,19,79,52,188,221,412
-8,19,483,259,372,412,21,362,124,141,307,19
-7,19,362,372,112,79,259,124,307,21,73,24
-6,19,372,285,421,341,454,307,269,384,479,308
-5,19,269,372,454,505,246,286,36,341,92,80
-4,19,454,372,1,246,421,92,269,396,341,109
-3,19,246,454,510,504,269,341,372,316,421,92
-2,19,246,34,454,372,316,269,396,341,313,109
-1,19,372,454,269,356,341,388,109,285,246,505
-52,20,76,131,179,388,363,358,40,296,248,55
-51,20,112,76,388,508,131,214,40,485,358,248
-50,20,349,55,210,202,388,248,76,180,456,358
-49,20,349,478,105,137,90,230,125,76,175,114
-48,20,349,445,478,318,388,76,175,45,214,136
-47,20,349,76,105,160,488,388,478,162,45,94
-46,20,349,160,478,412,162,105,369,310,102,373
-45,20,349,369,160,125,105,34,488,298,202,250
-44,20,125,369,349,192,76,187,298,412,257,160
-43,20,349,125,488,154,97,204,160,474,76,28
-42,20,349,160,154,488,506,225,478,105,226,412
-41,20,349,278,388,76,478,488,170,214,175,45
-40,20,278,488,28,76,349,204,474,97,478,13
-39,20,117,251,278,349,478,347,76,488,474,28
-38,20,395,214,154,508,210,349,140,339,278,388
-37,20,395,349,214,508,125,388,506,56,175,94
-36,20,394,214,349,478,136,76,58,175,388,395
-35,20,395,202,453,349,105,114,137,225,230,151
-34,20,55,388,214,76,15,56,45,179,349,175
-33,20,214,278,56,388,349,122,175,216,136,76
-32,20,349,478,355,147,230,125,160,278,433,289
-31,20,349,433,478,213,230,202,175,140,355,56
-30,20,214,321,278,345,388,478,349,175,488,95
-29,20,45,349,230,101,355,433,151,90,508,30
-28,20,433,349,478,213,45,30,345,175,369,388
-27,20,55,388,76,15,214,485,265,78,56,45
-26,20,321,214,278,388,349,345,488,95,30,76
-25,20,349,478,488,278,214,138,175,388,90,136
-24,20,214,117,251,347,508,388,346,278,58,349
-23,20,508,58,114,55,39,137,90,349,214,388
-22,20,508,346,90,125,216,58,142,56,214,55
-21,20,214,15,55,388,76,508,297,56,346,179
-20,20,214,76,388,441,15,477,132,58,55,265
-19,20,214,445,173,76,310,58,349,56,441,196
-18,20,349,90,214,478,76,488,105,225,332,58
-17,20,214,76,10,310,56,5,58,13,349,175
-16,20,488,349,494,511,478,136,95,226,175,13
-15,20,8,437,488,349,478,244,511,469,278,289
-14,20,437,373,412,125,355,272,478,469,433,8
-13,20,488,278,349,469,297,478,315,511,436,175
-12,20,488,478,349,278,214,175,297,394,76,138
-11,20,34,311,298,202,278,296,349,125,425,92
-10,20,298,311,160,490,34,101,202,96,349,230
-9,20,373,437,490,160,51,311,204,8,327,483
-8,20,96,28,494,125,298,478,122,66,311,204
-7,20,478,51,160,490,66,349,373,355,311,412
-6,20,297,488,321,349,175,278,345,214,315,436
-5,20,214,140,456,15,75,445,58,56,218,138
-4,20,138,497,451,456,175,478,170,349,47,90
-3,20,57,218,456,47,13,157,138,339,474,226
-2,20,57,13,456,226,56,469,47,214,157,138
-1,20,214,15,55,76,58,56,228,345,265,78
-52,21,379,346,255,152,10,142,46,420,300,24
-51,21,376,154,271,119,58,379,152,208,176,142
-50,21,324,440,154,243,115,271,152,119,418,5
-49,21,243,146,400,440,324,154,176,506,11,438
-48,21,243,116,440,324,470,502,292,176,152,155
-47,21,271,440,154,243,119,208,155,152,324,211
-46,21,154,115,48,440,407,32,271,479,211,222
-45,21,48,440,154,115,222,129,479,370,152,176
-44,21,370,115,48,253,222,440,479,154,336,409
-43,21,440,407,479,115,129,154,48,17,243,222
-42,21,400,442,440,370,206,154,243,176,146,345
-41,21,233,440,470,183,243,155,208,116,32,152
-40,21,233,271,154,440,402,208,32,181,243,237
-39,21,233,301,154,440,409,271,119,211,152,243
-38,21,233,440,154,243,115,253,58,250,400,6
-37,21,400,233,243,442,417,440,206,146,155,154
-36,21,440,183,243,116,148,470,252,111,6,233
-35,21,440,243,370,324,506,457,206,442,461,233
-34,21,242,155,243,54,100,474,255,464,220,41
-33,21,470,502,28,6,268,243,155,312,292,116
-32,21,243,407,17,479,115,440,32,48,222,6
-31,21,243,400,17,442,398,6,11,440,233,324
-30,21,243,214,21,163,155,6,107,28,388,454
-29,21,129,324,243,407,457,222,17,440,58,32
-28,21,398,400,243,442,6,17,222,324,58,191
-27,21,243,379,155,214,21,255,163,418,324,228
-26,21,6,214,414,163,21,243,155,28,388,107
-25,21,271,154,440,208,414,388,243,6,155,233
-24,21,301,409,6,154,243,58,388,253,271,155
-23,21,370,58,400,243,6,222,506,442,166,206
-22,21,400,243,58,417,299,252,442,146,59,32
-21,21,243,242,155,456,464,474,18,54,379,229
-20,21,54,305,40,337,414,76,163,28,56,107
-19,21,11,243,312,502,268,292,116,155,478,436
-18,21,11,243,199,345,440,155,436,58,77,181
-17,21,243,40,113,56,88,470,148,305,266,155
-16,21,470,243,440,292,113,266,502,208,88,211
-15,21,301,417,243,119,440,253,23,32,252,62
-14,21,400,32,417,442,243,206,222,146,252,299
-13,21,243,233,183,155,148,470,208,440,388,414
-12,21,271,233,154,243,388,440,208,155,252,148
-11,21,48,233,154,306,271,440,152,166,243,158
-10,21,370,440,152,48,154,243,166,233,115,222
-9,21,48,306,243,129,154,119,385,166,494,381
-8,21,409,243,48,154,233,119,153,253,237,440
-7,21,243,400,32,233,440,442,154,146,370,206
-6,21,243,21,414,163,107,155,233,214,211,40
-5,21,338,331,243,502,312,292,268,155,6,28
-4,21,338,243,388,504,104,3,331,116,447,0
-3,21,243,59,338,458,504,153,223,155,407,436
-2,21,243,59,223,338,458,155,442,504,206,299
-1,21,243,242,155,54,474,464,338,293,18,456
-52,22,499,349,173,218,54,402,225,441,456,241
-51,22,374,441,479,150,218,192,276,177,422,456
-50,22,123,399,422,402,302,374,164,115,316,192
-49,22,503,295,133,414,304,148,305,269,468,230
-48,22,17,349,434,242,453,52,253,33,444,328
-47,22,479,150,374,441,422,276,177,192,242,48
-46,22,164,302,188,310,305,148,431,96,355,402
-45,22,460,380,511,310,366,32,423,102,487,356
-44,22,310,380,389,460,366,102,423,305,356,396
-43,22,310,354,355,431,188,96,318,511,480,376
-42,22,10,269,503,310,468,133,414,305,230,148
-41,22,453,416,334,320,434,428,16,48,178,242
-40,22,150,16,374,479,48,177,243,242,300,192
-39,22,222,390,193,316,507,374,177,192,300,453
-38,22,96,452,51,230,188,305,503,164,239,133
-37,22,503,10,468,414,269,295,305,133,142,230
-36,22,443,45,297,334,307,434,242,416,428,199
-35,22,399,232,133,257,164,285,332,443,123,504
-34,22,283,43,261,86,345,281,470,373,205,264
-33,22,444,453,349,434,17,253,320,225,373,242
-32,22,96,164,51,300,115,133,148,431,230,354
-31,22,500,133,136,10,142,468,269,379,414,188
-30,22,387,343,42,472,509,178,381,56,465,74
-29,22,511,96,355,504,164,188,133,322,425,148
-28,22,500,136,133,468,414,269,96,148,164,142
-27,22,343,42,472,377,387,205,56,509,345,261
-26,22,162,42,387,40,381,509,74,178,377,444
-25,22,374,192,479,150,48,177,199,276,242,300
-24,22,390,316,193,192,300,92,222,177,374,111
-23,22,133,164,400,232,96,504,503,305,364,399
-22,22,414,295,10,133,269,305,142,163,172,468
-21,22,283,261,43,86,470,281,205,264,78,373
-20,22,358,381,373,408,40,59,386,225,255,72
-19,22,17,253,328,349,306,188,52,242,96,63
-18,22,495,39,432,160,494,435,269,179,242,225
-17,22,424,428,303,48,467,416,321,242,334,453
-16,22,453,434,17,303,52,349,178,444,16,146
-15,22,419,163,300,390,316,193,177,141,192,107
-14,22,414,148,136,269,164,295,133,15,468,3
-13,22,334,416,320,428,443,16,434,48,178,243
-12,22,479,150,374,48,192,16,300,177,276,507
-11,22,504,301,380,400,279,310,355,164,96,300
-10,22,380,400,504,164,310,96,399,102,431,300
-9,22,460,366,487,135,308,279,32,355,380,511
-8,22,300,384,316,193,33,306,15,111,431,102
-7,22,133,15,414,269,503,164,148,423,305,295
-6,22,387,162,40,74,381,509,42,373,178,72
-5,22,215,349,17,328,8,52,253,499,225,242
-4,22,112,471,461,426,150,177,441,115,192,199
-3,22,511,188,379,431,404,355,350,96,484,142
-2,22,379,142,404,468,269,136,295,369,487,489
-1,22,283,43,261,86,281,122,470,373,78,205
-52,23,356,242,42,338,290,496,199,465,406,167
-51,23,356,498,42,242,323,440,290,285,354,465
-50,23,356,242,465,199,493,285,107,323,83,299
-49,23,313,285,299,356,83,242,493,323,353,199
-48,23,356,199,313,493,285,83,414,242,107,323
-47,23,199,356,107,313,134,414,217,83,496,368
-46,23,356,199,477,368,394,464,251,143,134,313
-45,23,341,143,387,228,167,123,46,212,134,356
-44,23,341,228,387,46,143,123,134,212,58,87
-43,23,341,167,143,387,212,107,134,439,46,198
-42,23,341,387,167,134,143,320,107,496,198,313
-41,23,199,493,313,242,237,83,6,368,356,387
-40,23,341,387,143,167,58,134,245,188,490,467
-39,23,387,454,341,199,58,83,493,308,134,313
-38,23,48,493,242,83,454,313,199,285,316,356
-37,23,83,493,454,285,313,199,321,487,242,256
-36,23,83,493,242,107,313,285,353,321,199,316
-35,23,83,321,285,167,313,493,242,199,107,487
-34,23,83,285,493,242,323,42,376,313,356,107
-33,23,493,316,83,285,242,73,382,6,323,313
-32,23,313,368,251,103,83,167,353,393,121,493
-31,23,313,368,103,83,285,251,167,121,493,242
-30,23,83,313,493,242,316,285,237,299,199,376
-29,23,313,285,368,121,82,83,167,103,493,480
-28,23,313,285,121,299,368,418,82,83,480,493
-27,23,83,242,285,356,42,199,493,107,323,496
-26,23,83,493,242,316,313,285,237,73,6,323
-25,23,493,313,83,316,107,242,73,237,134,387
-24,23,493,73,83,316,242,313,498,199,82,376
-23,23,285,73,82,493,83,316,242,97,45,430
-22,23,285,73,82,316,480,493,498,430,323,83
-21,23,493,242,73,285,498,316,323,42,82,83
-20,23,493,242,83,486,316,459,42,356,199,57
-19,23,83,313,493,356,199,376,382,107,242,308
-18,23,313,83,493,199,285,107,368,376,382,356
-17,23,493,83,313,199,237,356,376,6,74,382
-16,23,6,313,237,387,199,356,368,46,143,308
-15,23,341,387,143,506,167,482,394,313,439,368
-14,23,143,341,167,506,387,394,45,368,469,321
-13,23,394,387,341,6,143,368,360,237,147,247
-12,23,387,143,341,167,313,147,394,6,368,493
-11,23,387,341,394,58,143,247,245,393,167,30
-10,23,394,387,284,341,393,247,199,103,222,368
-9,23,341,387,143,394,167,58,222,247,212,134
-8,23,387,394,341,247,393,245,122,199,368,251
-7,23,394,387,284,247,353,368,393,122,167,245
-6,23,493,6,237,382,242,381,387,74,407,396
-5,23,493,316,73,83,193,323,382,285,363,242
-4,23,493,363,387,6,237,193,382,323,277,83
-3,23,387,376,410,382,193,237,493,277,147,6
-2,23,263,193,493,382,376,475,363,237,316,410
-1,23,493,323,363,242,73,316,285,382,425,260
-52,24,308,456,439,175,325,370,263,46,11,422
-51,24,439,175,11,325,477,456,370,425,262,422
-50,24,370,325,439,175,307,11,204,151,422,163
-49,24,370,325,163,204,307,11,439,148,151,367
-48,24,325,370,32,163,11,439,177,148,175,231
-47,24,370,325,11,439,163,175,414,204,148,225
-46,24,66,370,88,237,508,225,429,163,186,36
-45,24,199,110,186,88,134,217,370,36,92,50
-44,24,199,112,355,92,217,507,110,429,440,508
-43,24,217,355,186,199,50,507,508,370,36,253
-42,24,217,163,370,508,307,88,381,290,325,186
-41,24,370,325,11,126,163,32,177,439,41,205
-40,24,32,177,50,370,186,431,353,92,307,126
-39,24,370,325,163,468,186,242,11,307,177,317
-38,24,163,370,197,325,217,307,317,207,204,104
-37,24,370,325,163,307,86,317,381,11,207,186
-36,24,32,370,126,325,242,11,169,163,177,151
-35,24,204,163,488,367,197,110,355,370,457,14
-34,24,325,370,11,41,154,356,138,439,205,163
-33,24,11,370,151,325,470,482,275,116,239,357
-32,24,110,370,163,186,204,155,11,325,317,295
-31,24,482,370,186,204,163,317,110,325,277,381
-30,24,30,378,442,370,482,11,432,325,383,126
-29,24,204,370,155,268,439,30,163,277,477,11
-28,24,30,268,204,277,370,482,477,317,186,163
-27,24,370,325,11,439,175,356,160,41,35,30
-26,24,378,111,442,109,370,205,126,11,482,325
-25,24,163,370,325,11,197,59,111,307,76,442
-24,24,477,482,307,11,432,325,59,370,155,317
-23,24,217,155,294,370,14,367,477,204,482,395
-22,24,381,477,155,482,307,14,217,325,11,294
-21,24,325,154,370,41,477,356,35,503,233,11
-20,24,325,370,470,357,151,11,230,116,111,63
-19,24,61,325,370,151,104,482,59,201,11,230
-18,24,163,505,325,370,11,161,488,61,295,204
-17,24,61,325,370,482,32,151,230,11,169,361
-16,24,186,173,325,419,370,275,32,163,127,295
-15,24,186,86,50,427,4,290,419,431,204,110
-14,24,258,427,4,50,186,290,86,44,164,443
-13,24,186,126,32,86,325,427,41,242,154,138
-12,24,242,290,32,186,126,370,307,325,197,163
-11,24,216,186,507,370,50,249,307,431,331,225
-10,24,199,370,186,216,431,331,204,50,507,225
-9,24,55,216,508,6,431,225,290,36,70,92
-8,24,186,381,217,249,50,307,370,419,216,270
-7,24,217,6,186,431,489,216,204,290,370,55
-6,24,154,325,111,126,205,41,186,233,304,356
-5,24,59,155,496,325,296,482,11,357,477,151
-4,24,210,11,370,325,295,76,283,3,155,505
-3,24,210,155,11,283,468,437,170,325,492,496
-2,24,155,210,496,283,277,325,437,296,170,11
-1,24,325,154,41,35,304,233,496,503,11,283
-52,25,506,192,154,68,321,314,360,370,445,150
-51,25,360,506,68,111,142,462,154,130,376,361
-50,25,506,462,68,90,360,14,511,154,407,111
-49,25,90,511,462,141,115,506,407,68,360,55
-48,25,68,90,360,14,506,141,511,462,154,77
-47,25,68,360,506,462,511,141,14,154,407,111
-46,25,372,511,456,127,32,10,49,302,255,267
-45,25,263,511,420,466,499,408,109,317,462,163
-44,25,408,263,499,163,195,137,266,466,274,211
-43,25,263,163,408,195,420,466,137,511,317,499
-42,25,511,462,109,32,68,263,420,44,466,289
-41,25,68,506,360,14,141,154,462,511,111,214
-40,25,408,137,44,69,211,499,195,337,263,420
-39,25,420,511,154,68,141,506,405,44,49,206
-38,25,511,504,141,55,14,206,90,154,63,49
-37,25,141,206,511,14,360,90,504,154,506,462
-36,25,141,14,90,506,68,360,154,462,511,55
-35,25,141,511,109,55,90,183,504,289,462,407
-34,25,360,68,506,141,14,111,154,511,462,214
-33,25,360,68,506,141,14,154,90,111,511,214
-32,25,432,511,260,90,407,69,10,360,141,109
-31,25,432,90,183,426,10,360,141,511,109,506
-30,25,360,506,68,141,14,45,34,154,111,90
-29,25,141,511,360,432,8,426,82,90,180,407
-28,25,141,8,90,511,301,360,426,10,82,432
-27,25,68,111,360,506,154,14,141,346,511,376
-26,25,360,141,506,45,68,154,301,14,111,34
-25,25,511,141,360,180,14,289,506,68,407,55
-24,25,141,360,511,206,14,154,395,301,82,506
-23,25,141,511,90,20,398,301,82,14,360,154
-22,25,141,82,63,115,301,360,511,90,398,130
-21,25,360,141,111,506,82,14,206,398,462,154
-20,25,360,154,506,45,301,111,393,68,141,48
-19,25,90,14,269,506,141,77,49,154,360,301
-18,25,511,141,14,506,360,90,462,466,68,407
-17,25,506,14,269,360,154,141,111,49,436,90
-16,25,320,511,269,506,14,420,363,141,68,462
-15,25,460,242,211,511,69,262,260,466,44,317
-14,25,460,242,317,211,511,438,260,410,267,262
-13,25,211,410,262,242,511,44,460,210,420,62
-12,25,511,44,211,410,420,180,262,260,267,306
-11,25,211,263,420,410,499,359,44,403,412,418
-10,25,211,410,420,263,499,69,44,267,511,418
-9,25,263,211,242,69,460,359,193,418,511,317
-8,25,211,195,420,499,263,410,44,306,332,511
-7,25,410,211,69,420,267,127,44,511,260,246
-6,25,14,62,360,506,155,210,462,269,511,320
-5,25,360,111,141,395,154,129,506,14,398,82
-4,25,420,269,299,14,462,363,0,62,360,111
-3,25,299,420,363,471,0,9,360,462,307,213
-2,25,299,360,471,363,313,111,462,420,14,0
-1,25,360,111,154,14,141,210,506,462,62,161
-52,26,461,107,325,508,203,495,379,341,264,228
-51,26,461,325,299,203,296,107,238,506,495,119
-50,26,461,299,203,325,280,381,279,296,488,152
-49,26,299,381,279,203,60,296,78,461,419,280
-48,26,299,296,203,461,381,279,238,253,362,393
-47,26,299,461,203,296,381,238,279,325,322,280
-46,26,178,299,381,152,217,374,271,461,279,433
-45,26,187,299,381,152,234,143,374,44,279,60
-44,26,187,351,381,152,234,143,307,217,374,299
-43,26,381,44,178,307,374,363,78,236,346,299
-42,26,299,78,381,60,279,346,278,448,274,203
-41,26,299,296,238,203,381,461,279,393,119,48
-40,26,381,362,299,197,60,363,238,137,234,419
-39,26,419,299,87,402,381,31,60,203,92,494
-38,26,487,381,60,1,408,279,178,299,419,160
-37,26,381,279,408,299,60,78,419,296,487,1
-36,26,265,299,296,203,238,362,370,381,446,279
-35,26,381,91,279,238,109,299,194,402,282,448
-34,26,299,296,238,424,203,370,279,125,220,273
-33,26,296,299,349,238,203,381,490,106,119,279
-32,26,381,178,279,236,212,419,437,153,299,296
-31,26,279,381,212,78,296,282,419,236,299,280
-30,26,296,279,238,441,381,299,203,129,106,125
-29,26,381,26,279,326,212,49,292,473,419,236
-28,26,26,381,279,326,212,296,114,419,238,473
-27,26,296,203,299,238,213,71,119,107,322,461
-26,26,296,370,238,279,26,381,441,129,203,299
-25,26,280,381,279,119,238,299,419,180,160,64
-24,26,180,419,60,381,26,279,296,87,238,203
-23,26,381,487,279,114,419,60,408,236,238,26
-22,26,17,60,381,291,279,78,92,408,419,238
-21,26,279,296,26,424,238,273,125,203,381,129
-20,26,238,296,370,299,203,119,381,106,441,349
-19,26,98,296,381,238,279,419,410,299,84,203
-18,26,280,308,279,238,381,299,501,296,203,102
-17,26,238,296,279,98,102,381,84,410,203,280
-16,26,381,253,238,409,279,3,84,419,490,296
-15,26,381,293,317,425,419,298,44,279,414,217
-14,26,381,483,293,44,6,487,374,415,298,236
-13,26,381,317,425,279,234,23,274,409,238,129
-12,26,381,279,238,265,100,280,419,402,234,362
-11,26,381,217,234,317,237,238,369,236,402,279
-10,26,234,381,152,217,87,343,236,91,238,279
-9,26,293,381,89,217,374,369,44,501,414,453
-8,26,381,87,197,187,291,234,363,238,78,279
-7,26,487,381,346,282,293,78,448,234,89,408
-6,26,273,279,238,381,129,296,402,125,274,409
-5,26,1,279,296,381,203,419,180,238,119,490
-4,26,279,381,296,23,273,424,238,55,125,46
-3,26,279,301,507,381,502,419,55,153,236,296
-2,26,279,296,381,301,507,424,102,419,1,456
-1,26,296,424,279,273,125,348,238,98,403,2
-52,27,430,361,397,424,508,108,132,261,273,307
-51,27,273,165,250,397,84,500,261,48,430,185
-50,27,273,261,397,90,268,250,311,477,500,84
-49,27,397,261,434,90,231,84,268,495,311,273
-48,27,148,261,397,90,84,430,273,311,422,258
-47,27,84,261,273,397,250,311,430,511,268,7
-46,27,13,311,211,392,87,467,33,90,434,384
-45,27,392,211,220,386,383,33,89,90,311,13
-44,27,392,220,383,86,311,33,377,36,312,89
-43,27,211,392,177,383,86,386,220,311,223,89
-42,27,211,13,311,90,392,33,86,430,89,268
-41,27,261,84,397,430,90,311,250,258,422,273
-40,27,193,311,383,392,89,397,220,90,261,13
-39,27,397,84,422,261,268,90,163,360,430,409
-38,27,397,90,261,409,434,78,311,384,446,422
-37,27,297,397,90,409,434,261,422,268,446,311
-36,27,261,397,422,430,90,409,273,84,215,163
-35,27,434,215,384,231,409,397,385,492,392,311
-34,27,397,430,84,261,415,12,492,58,90,250
-33,27,261,397,258,90,84,430,422,78,126,38
-32,27,409,434,231,397,90,422,78,258,126,178
-31,27,231,409,126,434,78,178,397,258,422,90
-30,27,397,261,243,422,126,90,84,415,38,409
-29,27,78,502,409,384,434,120,89,328,492,311
-28,27,502,78,409,328,422,231,120,126,397,434
-27,27,84,397,250,261,49,58,511,273,422,163
-26,27,243,397,261,90,422,126,477,409,3,415
-25,27,13,434,311,384,397,90,422,409,374,231
-24,27,78,397,90,261,422,328,340,409,103,339
-23,27,78,434,331,397,23,409,328,90,261,231
-22,27,78,397,90,331,422,434,231,261,328,120
-21,27,415,78,250,397,261,12,90,206,72,456
-20,27,397,261,250,84,430,90,168,58,273,78
-19,27,397,78,126,340,288,261,366,409,90,258
-18,27,434,251,397,409,33,13,90,471,178,297
-17,27,397,261,340,422,288,90,33,258,409,84
-16,27,397,409,33,178,168,311,339,288,77,193
-15,27,220,168,311,131,233,452,13,352,193,312
-14,27,139,220,14,131,114,233,452,311,432,352
-13,27,168,178,33,311,397,422,3,193,220,139
-12,27,13,33,220,178,397,311,422,211,392,438
-11,27,220,392,383,33,311,105,2,295,187,153
-10,27,392,220,383,311,295,2,33,352,312,13
-9,27,220,311,352,74,383,233,13,153,452,392
-8,27,312,220,383,295,56,392,153,14,311,33
-7,27,220,311,352,239,295,392,13,434,33,353
-6,27,33,12,397,415,178,90,422,258,409,250
-5,27,78,261,258,397,103,90,197,477,84,328
-4,27,33,258,178,409,463,250,168,468,438,397
-3,27,258,496,390,153,71,380,33,110,470,446
-2,27,78,258,366,496,397,90,9,422,126,477
-1,27,250,206,415,78,258,294,12,90,72,261
-52,28,28,251,297,139,48,386,307,433,262,300
-51,28,297,277,139,351,228,433,251,390,63,463
-50,28,139,436,189,297,251,327,90,356,352,277
-49,28,139,91,352,356,127,75,63,90,136,433
-48,28,139,307,303,198,63,356,502,168,276,84
-47,28,139,463,63,356,351,390,433,288,96,491
-46,28,352,139,161,130,356,318,440,51,232,288
-45,28,139,352,63,189,46,161,216,356,130,145
-44,28,46,139,216,51,151,352,161,356,189,165
-43,28,139,51,161,356,151,130,489,0,2,352
-42,28,139,161,136,63,356,288,101,46,264,130
-41,28,63,17,139,138,101,356,502,390,433,228
-40,28,139,63,138,463,17,351,264,502,356,151
-39,28,419,138,399,404,351,63,139,93,290,155
-38,28,139,161,48,63,356,352,32,138,264,433
-37,28,139,63,138,356,290,136,32,75,48,264
-36,28,63,139,267,198,400,278,264,289,433,101
-35,28,189,139,185,356,36,494,440,24,2,63
-34,28,139,63,37,356,246,390,290,301,96,101
-33,28,139,63,502,198,303,251,48,264,101,505
-32,28,189,139,264,440,352,331,242,356,456,101
-31,28,189,6,161,408,101,139,136,32,51,456
-30,28,78,63,101,264,432,139,363,135,356,298
-29,28,48,32,356,3,6,440,51,161,2,0
-28,28,32,48,408,6,456,101,356,51,2,429
-27,28,96,390,37,489,63,139,290,277,101,356
-26,28,306,305,101,264,206,78,432,378,63,139
-25,28,63,351,463,264,448,139,356,48,290,101
-24,28,48,419,264,404,63,399,351,155,460,290
-23,28,48,32,356,101,18,139,352,325,185,489
-22,28,127,48,136,32,6,75,139,18,356,101
-21,28,301,290,96,246,356,139,392,48,30,37
-20,28,139,63,460,340,489,206,252,493,433,48
-19,28,498,139,63,120,264,303,48,252,161,426
-18,28,7,139,489,264,356,22,63,438,48,448
-17,28,63,264,139,400,489,267,312,379,33,252
-16,28,198,264,50,379,139,303,63,489,502,395
-15,28,351,165,264,93,139,155,356,63,489,151
-14,28,345,408,190,511,1,139,127,356,264,151
-13,28,138,17,264,63,267,340,139,289,432,284
-12,28,138,351,17,264,463,63,139,356,489,502
-11,28,46,151,138,139,264,356,145,165,161,338
-10,28,46,440,189,356,51,165,161,264,216,494
-9,28,139,356,440,130,161,264,24,249,67,0
-8,28,136,161,240,139,63,264,151,356,498,241
-7,28,345,165,440,161,91,139,136,84,3,347
-6,28,78,340,87,264,290,63,206,378,432,139
-5,28,48,299,303,286,264,63,139,52,290,251
-4,28,290,139,144,248,264,356,489,90,406,2
-3,28,360,50,498,269,60,264,35,165,75,144
-2,28,360,408,269,139,48,75,144,35,50,60
-1,28,290,392,301,246,96,37,356,30,113,139
-52,29,293,387,400,294,68,262,466,330,170,86
-51,29,387,148,50,463,91,273,290,35,411,224
-50,29,387,290,302,148,463,411,35,330,273,50
-49,29,411,387,35,302,290,148,504,463,286,250
-48,29,411,387,148,290,463,302,35,16,7,330
-47,29,387,148,290,302,411,22,16,463,35,288
-46,29,290,411,16,148,442,153,302,365,7,29
-45,29,290,411,148,203,16,302,387,250,365,187
-44,29,290,187,40,485,203,153,197,411,321,350
-43,29,365,290,16,64,435,203,250,411,302,187
-42,29,411,290,250,387,148,302,64,119,16,330
-41,29,148,387,302,411,463,273,290,181,250,312
-40,29,411,76,290,303,202,302,82,387,463,257
-39,29,411,302,181,265,76,387,290,81,71,367
-38,29,411,302,76,35,457,248,290,64,283,463
-37,29,411,302,76,304,463,457,35,290,387,381
-36,29,411,302,303,463,76,181,330,387,290,250
-35,29,321,302,411,330,2,463,76,465,381,7
-34,29,302,387,411,148,463,329,273,181,290,128
-33,29,302,257,181,457,463,387,273,290,312,155
-32,29,457,302,175,76,463,460,330,119,35,411
-31,29,76,321,457,302,175,330,463,460,181,465
-30,29,181,302,157,411,160,457,339,463,387,128
-29,29,457,175,304,362,224,321,465,198,302,167
-28,29,457,304,175,302,314,181,465,321,211,372
-27,29,387,273,22,302,288,148,463,181,97,290
-26,29,302,181,463,128,339,220,157,329,411,160
-25,29,302,411,457,119,154,334,463,35,257,202
-24,29,302,181,248,457,339,261,60,34,265,463
-23,29,302,175,248,457,465,330,463,261,135,442
-22,29,302,381,457,463,64,330,35,241,118,45
-21,29,302,481,463,372,314,304,385,381,484,128
-20,29,302,463,273,181,387,291,411,290,157,148
-19,29,302,463,457,181,283,261,159,116,119,35
-18,29,137,463,302,411,457,385,435,290,387,119
-17,29,302,463,119,488,159,457,359,261,181,7
-16,29,302,359,463,427,261,415,119,7,486,35
-15,29,302,483,460,384,203,415,290,488,486,17
-14,29,483,384,127,45,51,465,401,187,302,167
-13,29,483,302,465,265,463,7,411,359,384,72
-12,29,302,411,303,334,154,460,119,290,118,488
-11,29,76,302,187,118,460,7,175,45,330,483
-10,29,187,465,302,321,241,76,175,45,197,483
-9,29,401,384,416,334,45,89,330,488,443,302
-8,29,76,302,465,483,45,134,64,187,330,460
-7,29,64,45,330,420,302,460,355,7,89,200
-6,29,302,463,329,128,483,195,484,411,220,412
-5,29,302,283,463,35,265,76,7,181,116,273
-4,29,483,463,359,119,385,302,137,311,7,213
-3,29,463,311,487,302,7,35,124,119,266,169
-2,29,381,463,302,311,7,119,385,457,304,35
-1,29,484,385,302,381,463,483,481,329,412,128
-52,30,506,398,137,40,14,117,335,243,377,138
-51,30,506,14,460,212,80,117,335,314,138,129
-50,30,441,14,460,137,470,335,377,95,243,274
-49,30,441,14,274,231,470,377,335,95,212,6
-48,30,441,14,470,274,269,64,377,95,335,460
-47,30,14,506,80,335,470,441,460,233,95,212
-46,30,324,95,280,311,441,274,414,56,269,387
-45,30,56,391,341,280,95,414,300,377,311,215
-44,30,341,391,300,1,115,56,171,215,462,85
-43,30,391,341,46,56,171,95,300,311,377,1
-42,30,324,441,321,341,274,374,391,470,56,95
-41,30,441,470,212,56,377,269,64,233,154,274
-40,30,391,354,324,428,470,171,56,441,377,190
-39,30,441,354,351,212,470,154,243,6,292,321
-38,30,470,441,274,311,154,212,6,321,377,243
-37,30,321,470,441,6,274,236,401,160,212,105
-36,30,441,269,95,470,377,321,56,439,243,274
-35,30,441,274,377,470,300,341,321,95,6,269
-34,30,92,14,90,212,383,441,233,470,321,377
-33,30,441,94,354,243,288,470,212,451,250,192
-32,30,441,260,187,95,377,311,212,6,470,274
-31,30,187,260,441,377,321,6,5,300,1,212
-30,30,288,441,65,250,278,448,438,212,377,321
-29,30,105,187,441,411,260,6,14,377,274,396
-28,30,187,441,321,6,411,150,105,142,402,377
-27,30,154,14,80,136,233,138,506,212,439,64
-26,30,288,65,448,321,278,90,441,243,250,94
-25,30,441,274,470,324,269,212,377,294,502,6
-24,30,250,396,461,470,351,154,6,305,441,94
-23,30,150,105,6,377,187,14,385,370,441,461
-22,30,6,321,160,461,150,105,441,402,94,370
-21,30,90,160,321,92,323,175,105,14,6,383
-20,30,241,15,243,94,461,439,56,427,441,92
-19,30,441,345,56,461,396,130,474,243,104,321
-18,30,441,268,269,6,420,321,105,160,274,368
-17,30,345,441,56,250,130,192,33,20,451,241
-16,30,250,56,192,441,283,288,451,302,470,6
-15,30,56,320,283,46,6,414,39,93,250,292
-14,30,46,93,239,320,443,414,142,6,68,384
-13,30,56,321,320,6,470,250,130,68,46,377
-12,30,56,441,391,115,95,324,502,250,470,377
-11,30,115,85,56,6,391,171,280,5,320,187
-10,30,300,5,115,341,85,1,6,56,404,470
-9,30,115,391,324,404,93,320,414,6,191,56
-8,30,5,321,85,484,115,6,489,48,56,68
-7,30,404,321,320,115,6,324,441,142,56,387
-6,30,321,90,323,103,345,448,92,388,241,74
-5,30,94,461,305,396,451,321,243,250,160,6
-4,30,160,345,321,56,183,154,130,293,103,323
-3,30,293,283,160,183,258,321,130,277,56,94
-2,30,321,94,160,461,6,383,396,34,283,352
-1,30,160,175,90,323,92,383,461,345,321,188
-52,31,283,156,199,494,318,174,136,55,411,212
-51,31,318,346,426,156,193,494,347,302,19,375
-50,31,193,318,491,156,459,494,212,289,199,487
-49,31,318,193,487,459,119,212,352,13,501,491
-48,31,193,506,318,352,119,487,495,212,50,325
-47,31,193,318,426,506,100,199,19,375,346,351
-46,31,311,76,119,343,30,281,79,31,383,43
-45,31,30,143,76,241,65,402,81,281,245,250
-44,31,503,65,187,241,30,15,275,279,245,222
-43,31,30,143,281,241,65,494,402,81,250,76
-42,31,30,241,293,245,352,481,487,143,420,135
-41,31,193,487,352,508,119,241,293,481,220,459
-40,31,65,30,352,241,245,187,15,275,135,293
-39,31,193,352,487,510,459,220,241,245,293,119
-38,31,510,459,119,487,491,193,352,30,241,27
-37,31,510,119,459,487,193,491,27,325,208,352
-36,31,487,510,119,193,491,61,13,459,30,352
-35,31,510,119,487,491,193,30,459,27,146,13
-34,31,193,491,510,487,61,119,459,426,494,346
-33,31,193,510,487,119,459,491,352,508,22,30
-32,31,193,98,119,487,392,352,358,491,74,131
-31,31,193,119,487,98,392,491,506,358,212,208
-30,31,193,119,487,61,491,510,352,508,30,459
-29,31,32,193,119,352,487,358,392,346,50,30
-28,31,193,32,119,487,491,209,61,212,283,346
-27,31,193,426,68,61,22,494,302,51,156,289
-26,31,193,119,491,61,487,510,459,508,494,22
-25,31,352,293,487,510,459,193,245,481,241,30
-24,31,193,491,510,61,459,119,346,37,32,487
-23,31,491,61,193,32,37,494,13,346,302,119
-22,31,32,346,61,37,491,193,302,25,459,209
-21,31,193,37,346,32,491,61,212,459,302,487
-20,31,494,193,6,61,209,491,51,346,510,459
-19,31,193,508,487,119,491,61,494,352,51,271
-18,31,487,193,352,119,508,30,293,245,491,392
-17,31,193,508,487,352,245,119,30,143,81,241
-16,31,30,81,241,352,143,76,293,65,245,15
-15,31,81,30,143,241,31,76,352,65,281,402
-14,31,31,30,76,402,143,228,281,81,241,65
-13,31,245,30,352,81,143,402,228,65,76,135
-12,31,30,245,352,241,81,15,98,143,65,135
-11,31,275,352,245,65,30,15,162,98,143,135
-10,31,245,352,65,30,275,98,297,15,380,402
-9,31,60,245,30,275,352,65,81,187,15,241
-8,31,65,352,245,81,98,275,30,31,143,364
-7,31,245,352,98,65,495,30,297,228,57,392
-6,31,193,508,119,487,459,510,352,491,66,325
-5,31,193,61,508,494,22,119,51,306,491,212
-4,31,508,352,245,66,193,487,262,129,81,371
-3,31,508,352,245,65,296,81,98,66,143,325
-2,31,193,169,61,51,508,296,488,306,37,212
-1,31,193,175,37,212,491,61,169,185,459,271
-52,32,228,243,429,272,92,74,487,223,58,142
-51,32,228,58,74,243,429,26,23,201,223,391
-50,32,201,429,228,260,191,479,92,272,505,62
-49,32,228,201,429,260,282,191,245,505,92,74
-48,32,228,260,201,429,191,62,505,140,482,344
-47,32,140,58,201,243,260,429,391,74,23,228
-46,32,260,228,261,61,168,32,191,263,28,409
-45,32,153,260,123,228,482,32,409,501,204,261
-44,32,123,153,204,226,43,261,294,228,94,501
-43,32,123,153,260,409,501,398,204,309,94,228
-42,32,260,153,294,482,196,135,201,191,123,45
-41,32,429,201,62,505,92,191,23,482,153,391
-40,32,153,123,501,294,260,71,94,204,195,409
-39,32,505,260,429,62,482,245,500,282,201,92
-38,32,409,260,201,450,500,282,245,429,191,87
-37,32,409,201,500,260,245,92,148,191,429,62
-36,32,409,260,245,201,505,181,500,429,191,169
-35,32,409,245,201,260,500,429,282,92,391,505
-34,32,429,201,62,500,92,191,23,243,74,51
-33,32,500,201,245,429,191,409,505,333,74,432
-32,32,260,245,476,282,409,201,505,391,429,196
-31,32,245,201,260,505,409,476,429,282,500,181
-30,32,500,260,505,245,409,429,201,191,282,259
-29,32,260,480,282,62,391,409,333,245,429,32
-28,32,260,500,245,432,505,201,424,282,62,370
-27,32,140,429,23,26,278,58,243,201,74,391
-26,32,500,429,505,201,260,62,51,245,409,74
-25,32,260,153,245,196,201,191,482,135,505,409
-24,32,500,333,201,62,505,424,255,432,283,223
-23,32,424,370,283,465,62,201,500,191,282,255
-22,32,424,282,62,283,201,500,394,369,480,26
-21,32,62,148,424,283,201,92,282,26,110,228
-20,32,432,283,120,92,224,424,62,191,28,429
-19,32,505,500,62,147,201,92,90,223,482,282
-18,32,505,500,260,245,225,201,196,239,482,246
-17,32,505,500,482,245,260,225,153,393,196,409
-16,32,153,123,294,45,196,482,505,245,204,260
-15,32,294,127,153,123,398,428,409,196,171,204
-14,32,127,153,428,294,260,398,123,409,101,222
-13,32,153,294,482,127,171,207,123,322,260,71
-12,32,153,294,260,135,482,123,196,45,322,171
-11,32,153,294,123,171,348,322,482,127,175,43
-10,32,171,153,294,123,260,348,482,322,127,196
-9,32,153,294,127,123,71,43,398,18,501,204
-8,32,171,123,294,482,153,348,398,322,175,127
-7,32,171,260,294,482,153,101,245,196,361,67
-6,32,500,201,429,90,51,245,225,505,62,409
-5,32,333,500,120,432,62,255,429,91,174,505
-4,32,225,500,482,505,245,201,470,402,230,143
-3,32,482,225,505,351,306,153,459,175,500,470
-2,32,333,91,120,174,62,368,110,255,399,432
-1,32,148,62,110,201,223,299,424,228,92,255
-52,33,486,136,105,243,160,469,209,499,363,467
-51,33,467,136,305,499,160,372,209,105,365,486
-50,33,469,105,486,187,136,363,160,365,243,467
-49,33,187,469,363,467,160,105,499,136,422,259
-48,33,469,105,259,467,214,363,187,160,58,499
-47,33,305,50,136,105,365,469,389,259,467,499
-46,33,259,304,91,469,398,187,303,331,215,463
-45,33,215,463,90,259,457,469,187,398,91,303
-44,33,463,215,457,90,187,469,259,91,16,369
-43,33,463,215,259,469,457,303,63,187,365,398
-42,33,259,469,187,215,457,463,91,398,467,90
-41,33,467,160,499,363,372,105,469,50,442,142
-40,33,215,284,463,16,259,91,142,303,90,442
-39,33,442,467,499,160,187,462,284,410,105,469
-38,33,410,187,469,325,331,442,452,508,160,387
-37,33,467,410,187,270,160,469,118,331,371,452
-36,33,125,331,437,469,160,142,442,325,410,467
-35,33,437,331,469,270,160,325,457,118,398,187
-34,33,467,499,372,70,160,72,324,484,363,17
-33,33,467,306,410,462,378,499,272,160,363,372
-32,33,266,285,410,306,211,378,363,207,407,331
-31,33,266,207,270,285,112,331,371,410,363,306
-30,33,246,462,151,294,285,306,145,442,160,363
-29,33,285,144,299,365,499,504,127,194,105,160
-28,33,207,266,285,371,363,270,309,112,410,148
-27,33,372,305,499,50,389,467,365,324,12,105
-26,33,462,246,151,81,160,285,306,410,363,467
-25,33,259,462,442,410,306,91,160,187,304,467
-24,33,285,462,410,325,296,187,378,355,151,147
-23,33,187,325,285,410,207,371,112,363,378,40
-22,33,187,371,410,285,363,207,160,469,270,325
-21,33,386,70,467,363,160,172,499,469,372,324
-20,33,462,160,363,285,43,499,467,246,120,452
-19,33,141,101,410,363,81,151,160,147,442,214
-18,33,442,237,349,106,81,113,141,410,151,140
-17,33,306,321,81,140,410,237,442,331,151,160
-16,33,306,284,303,401,16,222,442,331,218,215
-15,33,303,16,401,0,215,222,284,193,190,442
-14,33,303,118,401,193,371,282,187,16,409,215
-13,33,401,215,303,284,442,142,306,16,462,218
-12,33,215,442,303,259,284,401,306,462,222,331
-11,33,463,215,284,303,485,367,222,363,90,361
-10,33,463,284,215,187,303,112,457,363,207,222
-9,33,303,190,193,459,346,91,442,16,57,401
-8,33,284,303,187,101,16,222,215,463,214,223
-7,33,118,284,187,371,270,442,215,207,394,409
-6,33,462,17,70,343,306,160,499,246,237,372
-5,33,147,378,68,285,410,462,160,499,329,151
-4,33,147,306,237,410,106,151,160,442,329,143
-3,33,147,284,160,364,379,81,410,207,211,378
-2,33,147,378,160,207,355,371,118,172,68,297
-1,33,70,386,468,172,160,324,363,141,105,467
-52,34,449,19,46,185,201,496,246,501,299,11
-51,34,264,19,496,201,46,501,213,184,185,347
-50,34,501,201,401,19,278,185,213,496,119,442
-49,34,501,19,201,170,408,194,494,394,213,284
-48,34,501,246,201,284,108,168,194,122,19,358
-47,34,501,213,434,201,119,358,264,347,246,357
-46,34,29,501,154,403,459,408,235,201,213,173
-45,34,440,403,501,111,201,280,408,29,13,213
-44,34,440,280,408,418,501,201,403,366,252,379
-43,34,403,408,201,501,154,252,506,379,418,119
-42,34,501,201,408,506,117,394,487,284,156,111
-41,34,501,249,201,178,81,43,264,246,11,194
-40,34,501,213,434,81,249,467,481,43,246,358
-39,34,501,213,244,284,481,283,459,500,185,34
-38,34,501,213,394,170,235,25,19,408,154,201
-37,34,501,394,170,19,506,156,408,201,194,159
-36,34,501,81,19,249,227,43,183,122,358,194
-35,34,442,501,408,227,201,111,194,238,119,19
-34,34,501,264,503,510,475,127,483,19,497,282
-33,34,501,246,306,108,194,62,168,308,19,36
-32,34,403,501,19,154,13,207,119,194,408,326
-31,34,394,501,19,408,326,194,170,82,402,25
-30,34,132,501,336,164,485,435,103,137,178,194
-29,34,119,394,132,501,403,170,128,408,228,19
-28,34,394,132,501,25,194,486,170,408,402,487
-27,34,501,132,264,347,119,435,184,103,308,63
-26,34,501,435,194,336,164,63,485,19,178,137
-25,34,213,501,434,19,137,246,435,194,308,358
-24,34,501,244,213,283,500,137,194,19,34,220
-23,34,501,394,25,170,194,408,19,252,326,5
-22,34,394,501,170,194,506,19,117,326,416,494
-21,34,501,475,503,264,483,510,19,127,50,184
-20,34,324,501,194,85,185,362,444,435,310,66
-19,34,501,437,106,341,168,373,84,194,255,326
-18,34,304,501,194,373,70,56,84,326,156,36
-17,34,390,417,501,194,43,137,343,331,373,56
-16,34,108,62,137,501,390,246,168,194,343,36
-15,34,216,220,501,472,283,180,137,309,36,500
-14,34,67,494,216,501,394,408,117,194,156,506
-13,34,501,178,81,249,194,43,417,122,19,36
-12,34,213,81,434,501,137,43,481,249,194,246
-11,34,403,280,5,213,501,194,353,437,19,408
-10,34,403,280,5,408,34,252,437,194,501,213
-9,34,419,501,440,29,194,119,459,408,131,309
-8,34,501,500,467,229,440,437,34,213,506,409
-7,34,501,280,506,194,487,408,394,117,234,416
-6,34,501,435,178,385,194,336,497,164,85,19
-5,34,308,501,168,108,414,62,194,341,246,125
-4,34,308,464,337,501,434,21,108,194,419,196
-3,34,298,151,437,501,327,394,194,207,308,170
-2,34,501,298,194,394,151,327,234,408,416,437
-1,34,501,475,264,503,483,49,50,19,184,510
-52,35,342,434,372,308,341,414,403,375,406,173
-51,35,342,372,308,434,92,341,173,162,483,377
-50,35,342,372,362,341,308,222,483,162,434,9
-49,35,372,342,341,362,222,308,384,9,421,446
-48,35,372,341,362,222,9,384,307,308,342,92
-47,35,372,483,222,362,342,308,307,426,92,341
-46,35,161,222,309,372,384,362,483,124,341,9
-45,35,222,372,161,124,309,362,483,341,45,308
-44,35,372,124,222,341,259,483,308,307,333,431
-43,35,222,259,309,372,489,362,124,81,341,55
-42,35,372,341,362,384,222,308,81,445,421,259
-41,35,372,313,222,384,421,341,22,24,362,269
-40,35,483,372,384,421,307,362,412,24,222,106
-39,35,372,161,341,483,222,307,384,421,82,221
-38,35,372,341,362,483,161,259,421,384,468,124
-37,35,372,341,468,362,313,445,285,222,14,342
-36,35,372,106,222,362,384,234,507,480,421,257
-35,35,372,362,81,222,285,341,257,384,9,309
-34,35,372,341,26,313,192,362,454,222,377,174
-33,35,372,269,92,384,313,22,421,505,286,110
-32,35,362,372,316,222,124,384,161,421,505,262
-31,35,372,316,362,407,408,34,385,222,505,100
-30,35,372,408,407,505,503,303,22,269,421,384
-29,35,362,372,222,316,468,341,384,9,81,291
-28,35,385,372,303,408,362,505,341,286,407,487
-27,35,372,426,222,385,269,342,408,407,22,453
-26,35,408,505,372,22,407,286,503,269,262,385
-25,35,372,483,384,362,421,22,269,222,308,286
-24,35,483,372,308,269,92,22,303,505,362,286
-23,35,372,286,468,308,316,480,81,341,73,342
-22,35,372,468,286,445,73,396,341,421,16,308
-21,35,372,192,342,377,173,162,341,454,145,329
-20,35,372,286,505,454,456,269,36,257,14,22
-19,35,372,505,454,62,396,14,510,316,341,36
-18,35,372,222,510,292,421,313,384,36,308,505
-17,35,292,372,110,510,106,421,22,384,505,142
-16,35,253,421,106,110,384,372,24,307,142,309
-15,35,253,482,223,309,24,221,372,238,412,142
-14,35,372,24,253,412,19,445,421,285,21,316
-13,35,372,421,24,330,440,510,253,19,412,384
-12,35,444,372,483,384,106,421,412,362,24,307
-11,35,372,124,483,222,412,316,307,19,221,24
-10,35,372,124,316,483,412,222,19,468,24,362
-9,35,222,372,309,307,431,24,483,412,364,70
-8,35,372,483,24,482,316,223,412,19,82,307
-7,35,372,285,222,362,445,16,421,454,412,100
-6,35,372,454,36,456,269,10,505,421,286,384
-5,35,372,269,246,92,454,396,80,505,22,286
-4,35,372,1,269,118,246,454,341,356,22,510
-3,35,316,246,454,372,269,73,373,510,356,222
-2,35,372,246,454,34,269,73,316,373,468,445
-1,35,372,192,377,342,454,173,269,162,388,174
-52,36,445,508,76,388,173,248,358,131,179,296
-51,36,508,388,76,248,112,94,179,56,131,214
-50,36,202,349,76,210,55,56,358,456,15,105
-49,36,349,76,56,388,105,55,45,210,478,175
-48,36,349,445,105,76,478,160,318,409,388,45
-47,36,349,94,160,105,76,388,478,409,311,162
-46,36,349,160,105,412,478,311,409,76,369,96
-45,36,349,298,369,76,202,160,105,34,125,96
-44,36,349,298,76,160,369,125,202,105,250,488
-43,36,349,369,160,76,125,154,105,412,506,488
-42,36,349,478,506,226,76,225,175,388,160,105
-41,36,278,478,349,13,76,28,175,170,488,189
-40,36,278,478,349,409,76,488,160,189,28,94
-39,36,76,117,349,251,347,478,278,388,218,488
-38,36,154,349,395,214,388,218,147,76,56,175
-37,36,388,506,56,15,76,45,58,214,55,349
-36,36,394,349,395,105,453,478,388,136,230,114
-35,36,202,225,394,388,395,349,265,76,230,506
-34,36,55,388,170,15,56,45,76,507,175,228
-33,36,278,214,349,388,478,13,175,395,58,56
-32,36,125,147,349,388,478,433,214,278,230,213
-31,36,321,388,345,213,349,214,297,315,433,478
-30,36,321,388,349,478,214,278,175,230,395,30
-29,36,388,154,45,508,214,369,147,30,349,230
-28,36,321,388,214,345,30,349,508,45,213,433
-27,36,321,388,30,214,395,349,175,15,478,499
-26,36,388,321,214,349,278,478,58,175,30,75
-25,36,278,349,395,214,478,388,94,175,409,138
-24,36,117,388,347,214,94,58,349,278,251,508
-23,36,388,508,214,58,216,114,39,506,154,349
-22,36,125,214,346,388,508,58,45,506,15,56
-21,36,388,55,15,265,45,485,30,56,76,363
-20,36,214,441,15,388,58,76,477,5,370,75
-19,36,445,214,173,58,388,42,122,310,15,478
-18,36,214,58,445,349,388,226,488,478,42,506
-17,36,349,478,488,226,5,175,2,47,456,214
-16,36,349,478,511,488,93,13,189,310,469,311
-15,36,8,437,478,289,244,349,469,178,189,488
-14,36,469,297,125,506,315,478,437,310,436,488
-13,36,278,469,478,349,488,189,394,28,310,437
-12,36,478,349,278,395,488,160,178,175,189,310
-11,36,298,34,278,349,459,488,296,202,311,96
-10,36,298,349,478,28,278,459,488,189,311,202
-9,36,218,125,412,96,117,298,369,327,349,29
-8,36,96,478,437,298,216,349,125,28,189,204
-7,36,297,478,175,436,125,315,506,349,15,189
-6,36,214,15,441,5,175,58,75,478,395,321
-5,36,456,140,15,138,170,47,214,56,445,58
-4,36,456,497,138,451,170,47,58,469,56,15
-3,36,57,218,456,125,154,445,226,339,47,13
-2,36,57,15,214,456,56,30,58,42,226,13
-1,36,15,327,55,388,485,214,45,344,363,265
-52,37,255,346,116,502,312,46,379,243,152,453
-51,37,271,154,255,379,478,46,152,420,119,346
-50,37,440,243,324,154,271,119,115,152,253,453
-49,37,400,243,324,146,440,284,11,152,176,506
-48,37,243,502,324,440,470,116,292,111,419,176
-47,37,154,271,440,119,243,324,208,32,152,176
-46,37,440,154,243,115,479,48,176,306,271,222
-45,37,48,440,243,381,479,222,324,129,154,115
-44,37,243,440,370,253,154,48,115,479,381,222
-43,37,440,479,129,243,222,115,407,154,370,176
-42,37,400,243,440,370,11,442,345,146,324,206
-41,37,233,470,440,243,284,183,155,208,88,32
-40,37,233,271,440,154,243,252,32,119,208,506
-39,37,154,233,409,271,301,440,119,243,402,253
-38,37,115,154,233,243,400,440,284,407,253,370
-37,37,400,243,233,284,345,417,461,242,442,11
-36,37,440,470,183,148,111,62,506,233,243,116
-35,37,440,243,324,461,457,370,506,442,19,206
-34,37,242,100,324,255,18,474,464,54,41,220
-33,37,470,502,338,155,6,440,268,116,243,208
-32,37,17,407,6,243,155,440,479,115,324,11
-31,37,398,6,243,155,214,442,440,28,345,400
-30,37,21,163,214,6,440,454,155,208,28,107
-29,37,129,17,324,407,243,155,6,222,153,370
-28,37,243,6,398,400,155,214,11,440,264,326
-27,37,21,214,163,414,33,6,338,440,155,243
-26,37,414,21,6,163,28,440,155,214,208,338
-25,37,271,440,154,208,414,6,506,119,155,252
-24,37,301,154,409,271,338,6,440,58,119,243
-23,37,400,370,243,6,58,506,442,206,155,11
-22,37,400,243,417,299,442,146,155,6,11,223
-21,37,394,242,255,324,243,100,453,278,150,478
-20,37,40,305,414,478,155,243,163,54,56,33
-19,37,312,11,268,502,292,243,419,155,33,354
-18,37,11,199,243,345,40,206,357,155,442,266
-17,37,40,113,56,69,305,88,440,155,470,243
-16,37,470,440,62,208,292,252,502,266,419,155
-15,37,417,119,301,440,32,298,62,252,253,11
-14,37,417,243,400,206,442,11,32,345,146,311
-13,37,233,183,440,470,148,208,252,32,62,88
-12,37,440,233,154,271,32,119,208,252,243,62
-11,37,233,166,154,48,440,243,409,119,407,152
-10,37,233,154,440,253,243,407,409,370,119,166
-9,37,48,306,243,440,153,152,494,409,19,233
-8,37,409,233,154,119,253,237,32,252,243,440
-7,37,243,400,233,442,345,206,370,461,32,11
-6,37,414,163,21,107,243,40,155,28,305,33
-5,37,338,331,243,292,502,268,504,155,116,33
-4,37,3,104,338,447,243,388,504,0,155,481
-3,37,59,243,223,338,458,153,407,0,129,155
-2,37,243,59,223,338,345,458,155,442,11,461
-1,37,255,100,394,243,242,453,150,324,26,41
-52,38,499,225,349,402,54,173,253,441,456,52
-51,38,441,374,479,205,150,422,192,276,402,345
-50,38,399,123,503,172,374,402,504,302,96,164
-49,38,503,295,414,305,133,148,230,164,242,468
-48,38,17,242,434,349,453,253,444,328,52,304
-47,38,374,479,441,150,422,192,177,276,242,48
-46,38,310,164,305,402,148,355,96,302,380,356
-45,38,380,460,310,487,366,423,32,511,504,188
-44,38,380,310,423,102,366,460,356,431,164,305
-43,38,310,188,355,423,511,96,380,356,431,164
-42,38,503,133,10,230,414,269,148,164,468,310
-41,38,453,334,320,416,242,428,434,178,16,243
-40,38,374,150,479,48,16,192,276,177,242,422
-39,38,222,390,193,374,507,316,192,300,115,111
-38,38,51,503,96,230,188,305,452,310,164,355
-37,38,503,414,295,468,10,269,230,500,415,136
-36,38,443,45,297,334,242,434,307,416,428,444
-35,38,399,232,257,133,164,285,504,123,443,415
-34,38,283,43,470,345,86,205,41,373,281,264
-33,38,349,453,444,17,253,242,225,434,320,499
-32,38,96,164,51,355,302,188,133,230,354,425
-31,38,500,468,136,133,10,379,414,269,503,142
-30,38,343,178,42,387,472,509,56,381,465,74
-29,38,96,511,355,164,188,504,133,425,305,503
-28,38,500,136,503,468,414,133,295,142,10,379
-27,38,343,42,387,472,56,205,178,509,381,41
-26,38,162,387,42,178,40,381,509,74,434,444
-25,38,374,479,192,150,48,242,16,177,422,276
-24,38,390,192,193,316,374,177,300,115,92,507
-23,38,503,133,164,96,305,400,232,504,230,425
-22,38,295,414,133,503,269,305,468,10,230,142
-21,38,283,470,43,86,41,205,287,456,345,78
-20,38,408,358,373,381,225,40,339,255,386,59
-19,38,17,306,253,188,349,328,242,52,225,499
-18,38,495,39,160,269,494,453,242,225,432,463
-17,38,303,428,424,467,48,242,416,469,334,23
-16,38,303,434,444,17,242,349,178,453,52,8
-15,38,419,300,107,163,193,177,390,316,141,422
-14,38,414,136,3,295,468,148,133,269,500,102
-13,38,334,320,416,16,434,428,444,178,443,243
-12,38,479,374,150,48,300,192,16,177,276,242
-11,38,310,504,400,380,96,431,301,511,356,279
-10,38,310,400,504,380,96,431,356,164,102,300
-9,38,460,487,366,32,188,504,310,96,355,279
-8,38,300,384,193,316,431,102,96,15,310,356
-7,38,414,133,295,503,269,500,15,230,148,468
-6,38,162,381,387,40,74,509,42,373,178,242
-5,38,215,349,17,8,328,52,253,225,444,434
-4,38,426,471,461,115,112,150,177,192,441,422
-3,38,511,404,379,355,188,142,484,295,51,468
-2,38,379,404,468,142,295,136,269,500,369,489
-1,38,283,470,43,86,41,205,78,261,456,287
-52,39,356,242,42,323,199,496,217,354,334,36
-51,39,356,242,323,42,354,465,199,498,440,496
-50,39,356,242,323,493,368,285,313,199,121,107
-49,39,285,356,299,313,242,493,323,83,368,107
-48,39,356,199,313,414,107,285,477,68,299,368
-47,39,356,199,313,107,477,414,394,30,68,114
-46,39,356,477,143,496,167,251,394,313,199,464
-45,39,228,143,341,387,212,167,46,356,198,206
-44,39,387,341,212,46,143,58,167,107,134,228
-43,39,167,143,341,387,212,215,107,91,46,496
-42,39,313,387,341,167,143,107,368,353,6,81
-41,39,387,341,143,58,167,134,198,222,490,245
-40,39,341,387,143,167,58,134,198,313,212,245
-39,39,454,387,341,313,143,167,58,493,134,245
-38,39,48,493,454,313,83,242,107,323,387,316
-37,39,493,83,242,316,313,323,6,81,263,250
-36,39,353,313,107,83,167,299,134,97,493,321
-35,39,167,353,83,321,313,493,387,97,107,368
-34,39,493,285,83,323,313,95,242,6,316,376
-33,39,493,313,83,387,285,316,167,321,134,6
-32,39,313,368,251,83,121,167,103,493,285,353
-31,39,313,83,493,368,285,316,353,121,97,251
-30,39,313,285,493,83,368,353,167,121,251,387
-29,39,285,313,480,82,493,83,103,368,316,121
-28,39,313,285,83,493,316,368,97,121,299,193
-27,39,493,313,83,285,6,387,167,316,368,97
-26,39,313,493,83,285,97,387,6,167,316,368
-25,39,313,493,387,285,83,167,368,134,341,97
-24,39,83,493,313,285,316,97,73,167,82,107
-23,39,285,83,316,493,82,480,97,73,242,263
-22,39,493,316,285,83,263,73,82,480,313,6
-21,39,285,242,14,104,189,27,369,42,49,493
-20,39,493,316,83,398,313,260,193,376,242,496
-19,39,313,493,83,81,443,237,316,78,250,6
-18,39,313,83,493,237,387,6,81,250,368,353
-17,39,387,313,341,493,6,83,237,143,353,368
-16,39,341,387,167,143,198,212,156,222,58,394
-15,39,341,143,167,387,482,212,45,394,439,46
-14,39,341,155,143,387,401,81,167,394,443,96
-13,39,387,341,143,167,394,222,58,147,245,6
-12,39,387,341,143,394,167,313,245,368,147,58
-11,39,387,341,394,143,477,245,247,147,393,167
-10,39,387,341,394,143,167,393,222,247,245,147
-9,39,387,341,394,318,228,222,245,247,143,58
-8,39,394,143,341,387,167,393,212,58,206,245
-7,39,387,394,341,6,443,143,393,222,23,368
-6,39,387,493,313,83,6,167,222,341,147,274
-5,39,263,493,313,83,387,6,260,237,376,193
-4,39,493,313,387,83,263,410,6,376,78,356
-3,39,263,117,77,493,481,237,470,27,422,382
-2,39,263,117,104,81,493,316,189,237,425,250
-1,39,242,338,27,493,189,383,260,126,363,215
-52,40,309,87,449,341,357,40,280,212,470,178
-51,40,309,449,87,223,341,357,229,40,212,500
-50,40,141,309,262,44,449,120,18,304,290,398
-49,40,262,309,290,304,141,18,261,120,428,106
-48,40,141,304,120,290,262,352,449,51,246,106
-47,40,141,120,352,290,304,281,411,449,262,246
-46,40,280,120,16,141,218,66,304,231,281,318
-45,40,66,16,231,120,281,499,29,218,280,78
-44,40,16,29,233,78,231,120,499,352,281,456
-43,40,16,281,28,120,231,456,304,29,332,290
-42,40,290,281,262,222,304,456,165,231,120,16
-41,40,499,16,439,29,456,262,120,352,233,254
-40,40,16,262,499,281,120,290,439,231,141,304
-39,40,456,16,499,106,281,352,290,254,29,231
-38,40,290,281,262,304,106,449,456,141,351,16
-37,40,309,222,290,106,449,6,165,227,77,141
-36,40,304,262,290,141,106,281,449,230,44,261
-35,40,304,290,262,281,230,222,44,106,141,309
-34,40,449,222,91,106,309,290,145,397,434,262
-33,40,262,290,230,106,449,304,495,456,44,281
-32,40,364,262,304,290,141,261,135,44,106,230
-31,40,262,290,364,304,106,222,261,141,230,495
-30,40,262,304,290,364,230,44,261,141,106,495
-29,40,262,304,364,261,290,495,106,230,428,141
-28,40,262,106,290,304,230,495,261,44,428,503
-27,40,262,290,222,304,106,44,449,495,281,230
-26,40,262,290,106,304,222,495,44,456,449,230
-25,40,262,290,304,281,495,106,120,44,449,456
-24,40,106,262,290,230,495,304,281,449,44,456
-23,40,106,428,495,290,262,449,25,304,165,141
-22,40,106,450,25,290,340,275,6,136,56,428
-21,40,449,397,309,106,61,222,239,91,172,87
-20,40,106,230,495,449,227,280,397,25,87,450
-19,40,106,222,495,290,456,136,227,281,6,116
-18,40,106,222,281,456,290,495,6,262,363,136
-17,40,290,16,222,456,106,281,262,364,304,141
-16,40,16,499,439,262,231,290,281,304,120,456
-15,40,16,176,262,231,439,499,281,364,179,145
-14,40,16,456,165,179,176,231,281,434,439,398
-13,40,16,439,456,231,262,281,304,438,402,29
-12,40,16,439,262,281,290,231,176,456,304,364
-11,40,439,16,395,456,352,351,231,233,159,110
-10,40,16,439,456,395,74,352,231,141,233,351
-9,40,395,16,204,213,351,456,352,353,439,506
-8,40,16,74,262,176,456,364,231,281,439,395
-7,40,16,456,165,439,262,434,222,395,74,364
-6,40,495,290,456,222,262,106,16,434,281,439
-5,40,106,495,456,195,145,230,352,222,262,162
-4,40,425,106,456,495,262,281,195,352,145,290
-3,40,362,106,28,66,195,6,456,351,232,218
-2,40,362,106,6,222,227,495,145,146,340,239
-1,40,222,106,495,449,471,116,206,146,357,397
-52,41,443,440,391,145,477,213,168,5,170,421
-51,41,443,440,264,391,162,418,477,146,168,213
-50,41,443,335,217,391,440,264,354,363,170,163
-49,41,443,0,391,511,217,440,170,335,125,439
-48,41,328,335,443,217,272,233,281,261,87,350
-47,41,272,264,328,335,443,233,217,281,342,261
-46,41,272,348,328,281,133,342,335,350,125,410
-45,41,125,410,272,281,378,61,23,328,261,218
-44,41,439,272,328,350,125,37,61,177,258,23
-43,41,439,410,100,378,281,196,279,23,443,217
-42,41,443,0,335,125,363,245,217,29,46,272
-41,41,61,350,272,80,410,334,29,328,86,217
-40,41,264,61,350,410,80,272,335,334,228,363
-39,41,264,272,29,61,334,350,410,335,80,233
-38,41,505,217,29,125,272,443,335,421,264,229
-37,41,12,245,443,361,40,0,438,335,391,213
-36,41,335,217,310,363,36,342,37,391,228,229
-35,41,489,228,335,256,310,355,363,37,511,214
-34,41,434,391,435,240,361,443,415,354,266,226
-33,41,170,217,361,29,335,272,229,36,342,65
-32,41,125,36,217,348,439,196,361,263,335,505
-31,41,36,170,335,0,217,157,475,306,361,299
-30,41,170,217,335,36,263,361,299,342,29,485
-29,41,132,276,205,170,505,125,443,162,483,299
-28,41,170,217,335,36,361,0,157,508,245,310
-27,41,217,170,361,424,363,335,40,65,499,29
-26,41,170,217,361,65,335,365,417,29,484,0
-25,41,170,264,29,217,342,65,335,272,361,511
-24,41,170,264,65,335,310,511,361,342,29,272
-23,41,404,170,306,511,12,361,342,443,505,125
-22,41,306,170,12,245,125,361,511,0,443,424
-21,41,240,391,434,443,435,145,440,65,385,353
-20,41,424,484,19,443,361,358,414,434,145,170
-19,41,475,175,361,335,375,380,171,29,40,443
-18,41,475,0,29,40,375,46,380,500,335,245
-17,41,46,29,0,335,365,352,375,358,500,272
-16,41,61,350,80,489,279,410,228,272,23,329
-15,41,410,61,485,486,439,415,279,23,456,178
-14,41,157,16,273,486,0,410,12,61,279,365
-13,41,61,350,410,80,439,23,272,399,87,334
-12,41,410,264,350,61,399,80,170,87,272,79
-11,41,142,253,272,87,410,38,37,264,328,23
-10,41,253,272,87,142,410,23,439,37,264,328
-9,41,142,253,272,87,192,328,23,311,410,378
-8,41,399,272,21,410,61,23,485,87,273,264
-7,41,23,399,273,365,87,0,272,245,125,171
-6,41,375,484,365,0,424,29,358,414,40,361
-5,41,424,375,170,29,2,272,243,443,175,65
-4,41,501,375,283,272,29,2,170,415,243,334
-3,41,505,12,68,306,394,243,205,125,363,196
-2,41,12,306,157,394,380,245,375,373,443,424
-1,41,391,240,434,443,170,375,65,385,435,361
-52,42,105,78,62,151,455,362,217,83,241,491
-51,42,403,105,379,464,23,381,211,196,241,83
-50,42,211,403,455,104,95,236,319,83,490,39
-49,42,67,455,438,257,222,133,215,97,138,39
-48,42,386,211,23,362,62,455,491,104,261,236
-47,42,403,386,23,211,236,455,104,268,379,422
-46,42,391,490,403,455,211,236,39,104,293,251
-45,42,391,341,39,490,455,251,48,122,403,420
-44,42,490,39,455,386,390,403,104,48,122,251
-43,42,39,391,490,455,235,211,122,403,251,236
-42,42,257,479,67,438,97,455,310,39,133,187
-41,42,214,386,23,362,268,131,291,435,261,104
-40,42,403,23,386,236,131,435,104,218,268,163
-39,42,403,236,131,386,163,23,237,33,436,104
-38,42,490,236,403,39,141,237,335,67,59,133
-37,42,479,245,257,67,133,138,22,97,438,310
-36,42,386,214,23,362,104,236,261,387,216,142
-35,42,479,245,257,495,97,67,310,236,22,45
-34,42,365,476,151,294,287,301,393,457,428,388
-33,42,362,23,236,386,367,132,491,62,172,261
-32,42,39,490,236,319,235,141,293,291,335,391
-31,42,205,257,310,97,236,479,187,22,133,45
-30,42,91,23,236,85,386,194,114,62,319,104
-29,42,391,39,273,319,236,235,432,293,490,341
-28,42,273,133,205,236,310,97,335,67,110,39
-27,42,91,386,273,236,367,23,85,114,194,484
-26,42,91,114,23,236,367,386,139,362,62,484
-25,42,403,23,236,386,379,95,268,163,104,113
-24,42,403,236,424,95,436,367,237,79,132,104
-23,42,67,257,490,133,97,479,39,495,237,138
-22,42,138,133,67,257,187,438,97,479,310,45
-21,42,365,151,272,476,217,287,393,212,294,322
-20,42,190,482,114,91,177,139,304,394,123,457
-19,42,78,491,387,325,71,216,261,267,362,236
-18,42,325,71,257,267,22,97,479,310,187,484
-17,42,139,114,137,484,482,177,236,304,197,40
-16,42,50,386,268,236,23,362,104,261,291,48
-15,42,95,104,389,436,236,386,93,268,23,48
-14,42,438,257,97,479,45,17,67,22,187,310
-13,42,214,386,23,362,268,236,62,131,104,261
-12,42,403,386,236,23,104,268,218,93,131,95
-11,42,403,341,33,390,236,490,424,391,398,495
-10,42,490,403,236,33,495,39,424,390,141,218
-9,42,341,490,391,237,403,351,33,39,251,236
-8,42,131,104,403,95,218,436,93,490,364,33
-7,42,68,257,67,97,15,245,479,22,310,45
-6,42,114,91,177,139,236,62,482,304,386,23
-5,42,216,387,491,362,23,261,367,424,132,33
-4,42,225,426,56,424,163,236,113,33,23,379
-3,42,391,68,138,39,489,33,78,237,235,424
-2,42,68,138,257,133,310,17,245,22,479,97
-1,42,365,151,476,301,217,294,212,393,366,310
-52,43,300,306,278,49,60,86,149,505,446,369
-51,43,300,278,306,60,49,446,86,369,185,280
-50,43,346,300,124,284,172,24,246,388,266,120
-49,43,346,365,445,161,42,300,481,486,420,284
-48,43,300,346,266,206,120,373,284,358,293,188
-47,43,300,346,266,284,120,206,373,293,358,459
-46,43,266,42,293,346,300,166,120,124,126,497
-45,43,266,300,406,126,224,497,120,380,243,483
-44,43,300,406,266,497,224,126,83,120,425,360
-43,43,497,380,483,224,297,266,406,42,126,300
-42,43,346,284,420,365,300,497,445,224,161,266
-41,43,224,83,284,497,406,266,456,425,427,120
-40,43,346,284,497,224,300,83,246,266,120,427
-39,43,284,256,346,246,220,224,497,266,120,300
-38,43,346,42,380,365,256,333,266,124,284,471
-37,43,346,486,94,64,365,420,161,87,84,255
-36,43,346,24,246,124,358,333,284,300,254,127
-35,43,346,333,124,24,358,497,284,173,79,365
-34,43,87,300,180,388,346,2,185,207,161,506
-33,43,346,284,506,333,246,49,427,278,24,124
-32,43,79,346,124,42,24,333,380,95,284,166
-31,43,346,284,181,427,24,124,333,365,420,486
-30,43,346,284,24,246,427,124,333,49,44,220
-29,43,346,79,331,505,270,49,380,124,42,339
-28,43,346,284,333,49,24,486,427,506,331,505
-27,43,346,284,333,24,427,486,506,124,220,87
-26,43,346,284,427,486,506,333,246,445,24,87
-25,43,346,284,246,24,124,333,427,256,280,220
-24,43,346,505,246,284,333,506,256,49,255,172
-23,43,505,346,417,365,255,486,49,336,94,458
-22,43,486,505,365,15,255,336,267,161,346,420
-21,43,300,86,346,87,133,185,306,388,2,323
-20,43,49,255,15,486,87,185,92,161,40,2
-19,43,498,94,284,255,420,181,346,185,220,412
-18,43,94,420,284,181,486,346,445,161,365,370
-17,43,346,420,445,284,220,161,486,71,178,497
-16,43,497,224,346,44,284,266,83,414,425,246
-15,43,95,224,497,342,83,126,44,421,346,439
-14,43,365,224,126,497,414,342,181,360,294,406
-13,43,497,224,284,346,266,220,246,83,44,126
-12,43,346,497,284,246,44,224,24,266,220,124
-11,43,470,83,120,220,406,256,380,266,364,297
-10,43,497,83,220,120,256,224,47,44,266,126
-9,43,483,380,47,120,365,406,266,359,270,126
-8,43,342,224,497,284,220,266,126,246,256,421
-7,43,365,47,445,420,284,64,294,220,190,44
-6,43,161,346,284,15,40,445,486,497,255,420
-5,43,506,220,498,284,106,346,412,255,94,278
-4,43,391,156,220,506,284,256,438,106,346,458
-3,43,471,380,297,506,94,387,483,42,278,220
-2,43,64,387,94,255,471,506,181,2,84,15
-1,43,207,87,2,180,412,388,185,255,486,49
-52,44,119,186,220,224,56,156,24,364,479,256
-51,44,119,247,479,364,224,56,156,273,143,181
-50,44,402,119,505,290,445,104,297,247,283,352
-49,44,445,290,505,292,402,119,474,407,196,352
-48,44,402,217,30,290,127,505,369,220,297,119
-47,44,402,247,30,217,119,297,369,104,445,49
-46,44,339,505,472,402,90,6,336,39,290,30
-45,44,472,303,390,90,301,336,49,283,30,73
-44,44,49,283,30,336,303,90,74,73,369,6
-43,44,73,472,90,49,74,252,336,39,407,232
-42,44,49,290,474,294,270,445,337,495,505,352
-41,44,49,127,35,232,402,74,104,336,445,510
-40,44,247,49,402,232,35,290,74,445,336,505
-39,44,457,49,465,47,273,74,445,35,232,288
-38,44,283,472,445,288,505,465,407,337,39,290
-37,44,173,474,270,495,294,337,313,405,445,440
-36,44,402,505,290,127,445,104,49,164,232,35
-35,44,505,290,402,445,474,405,283,169,358,1
-34,44,56,405,189,338,167,51,277,290,445,276
-33,44,127,35,49,445,232,402,220,148,156,290
-32,44,505,290,472,402,352,283,407,445,104,119
-31,44,402,505,474,445,290,352,294,127,313,337
-30,44,127,402,505,445,290,352,104,319,49,35
-29,44,505,290,407,472,411,287,204,445,402,283
-28,44,505,290,474,402,337,313,352,445,294,184
-27,44,127,402,290,445,505,54,352,35,319,104
-26,44,127,402,35,445,54,290,232,49,195,104
-25,44,247,402,290,232,445,49,505,273,104,479
-24,44,47,445,479,34,402,273,465,505,224,104
-23,44,474,445,283,337,224,505,39,294,290,500
-22,44,474,337,313,495,173,270,294,445,405,77
-21,44,405,56,338,189,54,290,51,209,433,276
-20,44,405,280,54,237,55,28,372,440,119,212
-19,44,474,220,294,471,164,49,333,270,445,352
-18,44,294,474,49,270,471,134,256,173,212,148
-17,44,49,301,134,28,212,223,402,232,352,446
-16,44,49,232,127,402,74,104,35,69,164,468
-15,44,49,160,232,336,74,104,445,454,6,510
-14,44,474,49,294,337,173,270,472,336,495,74
-13,44,49,35,127,402,232,74,104,290,505,445
-12,44,49,374,402,232,505,445,35,104,74,290
-11,44,49,252,74,505,283,402,407,290,76,288
-10,44,49,283,74,104,505,297,402,288,500,352
-9,44,283,390,49,74,447,217,402,505,45,62
-8,44,49,74,47,104,500,336,6,352,402,145
-7,44,49,270,474,74,173,402,337,352,505,495
-6,44,49,127,35,405,237,402,212,54,372,232
-5,44,319,49,164,119,220,250,445,352,479,427
-4,44,33,49,79,119,465,145,445,273,352,500
-3,44,472,256,119,288,204,337,90,73,49,407
-2,44,337,173,294,474,4,405,119,270,495,471
-1,44,338,405,56,350,119,189,51,276,54,213
-52,45,237,443,143,70,280,505,200,303,181,447
-51,45,508,181,443,114,447,280,295,237,143,70
-50,45,280,334,223,455,141,202,508,464,424,397
-49,45,456,330,237,297,280,370,126,201,223,334
-48,45,509,64,60,200,334,280,265,223,202,439
-47,45,509,64,60,508,334,280,114,367,202,314
-46,45,429,156,7,64,500,488,56,280,141,288
-45,45,480,66,64,498,141,185,509,280,363,429
-44,45,64,509,60,141,314,429,56,456,334,280
-43,45,429,127,64,149,56,141,363,456,145,269
-42,45,297,330,126,141,334,314,201,132,119,145
-41,45,33,64,376,334,314,509,493,202,141,453
-40,45,64,508,114,376,334,455,314,509,367,202
-39,45,435,114,334,314,141,64,56,260,376,202
-38,45,429,316,145,141,193,260,334,314,114,18
-37,45,201,330,297,5,126,119,381,260,223,145
-36,45,223,334,33,382,446,200,133,314,455,424
-35,45,223,455,382,362,297,126,471,334,266,145
-34,45,227,406,34,365,260,237,334,332,479,359
-33,45,33,334,376,260,314,141,202,466,64,401
-32,45,429,456,500,455,363,269,202,141,223,232
-31,45,334,119,330,260,223,202,126,201,232,141
-30,45,334,314,33,141,202,260,223,232,401,376
-29,45,385,264,185,455,363,9,61,269,382,283
-28,45,145,330,201,223,334,126,232,297,119,324
-27,45,334,33,260,314,141,376,223,401,72,202
-26,45,33,334,260,376,401,314,141,202,223,104
-25,45,508,114,334,260,382,223,314,376,141,64
-24,45,435,114,334,260,382,193,141,314,223,376
-23,45,126,260,201,104,382,330,334,346,280,141
-22,45,104,201,126,456,381,260,210,5,119,330
-21,45,237,406,280,227,407,215,270,48,268,158
-20,45,381,104,189,70,454,230,280,470,334,260
-19,45,330,188,260,297,119,334,200,316,126,314
-18,45,119,405,297,330,334,188,381,260,126,351
-17,45,334,381,111,290,260,351,314,230,84,202
-16,45,33,64,314,334,376,202,141,455,421,453
-15,45,346,141,314,334,56,202,103,382,455,44
-14,45,202,297,119,201,314,126,141,145,334,225
-13,45,33,64,334,314,376,141,202,401,223,455
-12,45,64,334,314,141,376,114,223,202,382,260
-11,45,286,309,66,141,314,64,114,322,145,12
-10,45,29,429,314,141,286,202,145,64,114,12
-9,45,480,66,185,429,64,314,141,385,12,363
-8,45,435,314,114,141,202,64,56,376,334,346
-7,45,202,126,314,141,325,119,297,201,330,429
-6,45,314,260,334,33,104,381,376,64,202,141
-5,45,166,472,466,260,334,354,383,141,314,376
-4,45,466,166,334,260,172,314,141,354,193,114
-3,45,166,149,316,127,429,210,280,385,466,383
-2,45,119,210,297,166,104,126,2,232,201,472
-1,45,237,168,303,481,406,443,227,34,22,215
-52,46,25,128,390,325,323,162,283,110,186,381
-51,46,390,325,323,128,464,283,381,431,121,186
-50,46,185,236,405,339,51,241,25,283,424,427
-49,46,248,25,185,245,138,236,481,31,164,339
-48,46,329,369,379,339,195,236,22,185,51,350
-47,46,236,379,339,195,369,22,51,185,241,464
-46,46,221,236,241,379,164,38,420,339,481,22
-45,46,470,115,123,38,236,228,467,221,164,263
-44,46,379,236,339,221,164,241,319,481,316,73
-43,46,221,164,236,151,11,316,405,68,38,185
-42,46,248,25,236,339,38,51,379,343,211,104
-41,46,329,339,295,431,93,464,51,319,44,457
-40,46,339,431,93,51,236,241,319,295,486,457
-39,46,339,319,93,51,295,241,151,431,236,121
-38,46,164,489,339,161,185,236,248,138,244,104
-37,46,25,248,499,489,492,343,339,379,129,161
-36,46,329,51,315,339,489,236,156,353,185,218
-35,46,25,86,458,164,248,343,82,489,339,499
-34,46,25,141,477,239,351,147,393,51,419,338
-33,46,319,51,339,295,241,464,489,329,431,390
-32,46,221,241,185,405,417,390,161,44,164,339
-31,46,41,390,25,339,51,499,248,477,185,436
-30,46,339,51,336,464,241,44,390,295,431,185
-29,46,393,54,191,467,185,164,281,56,24,138
-28,46,41,248,25,390,129,393,499,468,264,379
-27,46,51,339,464,489,295,44,319,323,431,128
-26,46,336,51,464,339,390,431,489,477,44,319
-25,46,51,236,339,464,489,431,319,241,323,128
-24,46,51,128,319,339,489,390,295,121,151,241
-23,46,248,458,185,31,128,390,244,25,51,339
-22,46,248,390,25,499,199,446,245,71,221,458
-21,46,25,348,88,343,239,338,419,477,141,77
-20,46,214,390,199,322,336,392,193,489,504,379
-19,46,218,51,339,499,193,359,104,504,329,390
-18,46,359,499,193,25,493,185,51,339,199,379
-17,46,336,214,199,51,185,57,493,392,379,322
-16,46,329,339,51,431,44,241,71,73,93,319
-15,46,417,53,241,339,44,73,506,51,319,431
-14,46,248,393,25,193,38,211,44,185,348,499
-13,46,329,339,431,51,319,44,93,464,241,295
-12,46,455,51,236,339,431,241,319,295,93,464
-11,46,505,115,294,299,91,334,164,339,185,284
-10,46,185,164,339,241,38,319,486,93,294,379
-9,46,470,115,123,263,56,185,38,211,424,164
-8,46,241,339,319,236,93,38,185,51,44,295
-7,46,245,248,25,38,221,339,293,499,44,185
-6,46,336,214,199,51,489,431,329,477,339,322
-5,46,218,373,319,339,295,265,121,379,329,12
-4,46,196,319,373,295,339,51,265,121,241,412
-3,46,164,161,110,191,221,68,138,104,393,185
-2,46,25,499,245,193,458,502,211,390,248,379
-1,46,25,343,348,346,88,419,477,239,357,299
-1,47,254,157,142,79,445,245,100,424,391,451
0,0,315,351,109,90,435,395,333,249,83,227
0,1,383,235,320,32,97,442,74,505,349,88
0,2,372,295,84,257,89,370,37,403,27,338
0,3,235,408,249,293,182,335,310,237,205,405
0,4,252,496,488,506,465,325,257,28,106,410
0,5,236,468,436,98,26,292,482,1,446,263
0,6,185,13,164,237,505,159,126,210,112,144
0,7,242,158,191,303,199,26,425,438,452,288
0,8,11,370,325,356,283,175,87,35,439,191
0,9,111,360,462,154,68,506,376,141,214,361
0,10,203,279,296,424,129,348,299,370,48,238
0,11,90,273,84,397,163,250,261,371,258,422
0,12,459,63,392,290,390,139,37,9,491,277
0,13,385,387,463,273,148,128,329,302,119,35
0,14,160,383,90,212,138,175,94,335,486,345
0,15,193,494,61,289,426,199,6,156,491,22
0,16,429,243,74,26,58,140,23,201,278,189
0,17,172,365,469,499,160,105,386,209,467,363
0,18,264,471,184,211,49,483,501,370,212,6
0,19,173,377,372,192,454,162,222,342,309,453
0,20,55,15,485,248,76,388,210,78,30,265
0,21,255,100,379,418,150,229,394,41,131,70
0,22,30,223,345,81,41,293,205,261,86,196
0,23,42,285,323,242,356,376,334,354,83,107
0,24,325,175,35,13,11,283,356,41,439,206
0,25,111,360,68,161,37,154,346,376,506,361
0,26,203,296,424,238,370,348,322,279,125,330
0,27,250,58,273,84,397,206,511,48,108,72
0,28,392,96,277,9,390,290,30,459,37,356
0,29,387,385,463,426,209,148,50,22,302,91
0,30,14,383,160,80,233,136,69,212,110,64
0,31,193,22,426,169,61,37,346,306,491,119
0,32,201,429,23,140,110,299,278,91,58,480
0,33,499,386,372,61,72,305,105,50,365,172
0,34,264,184,471,370,49,211,291,212,6,347
0,35,377,192,162,173,509,222,453,426,372,362
0,36,485,55,363,15,210,313,387,45,265,7
0,37,418,255,324,379,394,70,44,420,131,150
0,38,223,41,345,30,205,81,293,287,86,446
0,39,285,334,260,323,244,390,356,389,27,289
0,40,449,172,91,278,309,178,138,61,397,87
0,41,240,391,65,226,42,266,385,445,213,48
0,42,217,151,366,212,272,393,87,301,80,140
0,43,86,133,185,388,346,87,278,331,412,180
0,44,56,433,209,276,277,338,405,189,290,167
0,45,237,303,51,47,34,22,442,227,406,215
0,46,388,60,338,348,171,297,25,283,418,239
0,47,157,451,95,85,424,51,142,245,280,273
1,0,226,302,136,64,120,373,171,144,453,222
1,1,383,320,19,152,442,306,400,149,283,349
1,2,372,4,114,475,257,322,209,12,9,272
1,3,394,205,235,188,310,249,379,335,182,331
1,4,60,252,82,496,488,325,106,307,59,257
1,5,236,98,446,468,142,436,228,314,292,49
1,6,223,283,256,112,379,144,159,198,13,285
1,7,242,452,438,303,464,382,191,8,142,239
1,8,175,11,458,439,370,283,325,425,87,181
1,9,111,360,376,462,154,68,141,361,506,502
1,10,203,355,296,461,322,279,330,299,424,335
1,11,273,250,511,185,48,84,163,508,397,108
1,12,277,459,175,390,63,392,389,386,421,433
1,13,387,385,148,273,93,91,50,286,463,97
1,14,160,117,212,138,14,506,335,486,383,69
1,15,193,494,6,61,289,426,199,288,136,318
1,16,243,429,74,58,278,75,391,479,140,231
1,17,209,61,365,386,499,311,467,172,363,372
1,18,87,46,376,264,211,399,496,184,212,370
1,19,377,173,192,162,509,342,435,103,31,49
1,20,55,485,248,104,442,15,363,40,219,210
1,21,255,70,420,379,418,131,10,25,44,100
1,22,173,457,235,287,18,425,341,54,134,205
1,23,334,42,127,244,450,242,285,496,446,36
1,24,175,13,458,319,425,439,46,262,11,206
1,25,111,58,376,361,442,154,68,502,360,142
1,26,203,177,461,28,508,107,355,322,475,126
1,27,250,185,424,273,511,165,48,458,58,213
1,28,277,386,175,9,283,390,389,392,39,201
1,29,93,387,209,91,273,50,392,423,148,385
1,30,14,117,169,417,473,506,11,151,398,409
1,31,193,494,426,61,6,289,375,306,199,405
1,32,278,142,23,140,479,26,243,58,429,391
1,33,88,345,61,311,253,305,499,504,127,257
1,34,46,87,376,399,264,496,211,370,184,275
1,35,509,49,377,3,192,162,435,103,173,96
1,36,15,55,104,485,219,313,457,363,300,210
1,37,131,418,255,420,70,44,324,150,100,379
1,38,18,173,235,413,457,195,134,287,446,383
1,39,146,334,390,260,244,450,163,446,496,267
1,40,172,178,91,397,186,449,173,278,244,471
1,41,449,42,240,226,391,445,491,266,65,59
1,42,151,393,366,47,212,365,217,432,301,476
1,43,133,86,180,185,278,207,162,331,87,413
1,44,56,338,209,277,276,174,433,167,189,359
1,45,303,237,34,227,442,47,475,51,479,406
1,46,60,25,283,297,338,88,418,484,31,388
1,47,79,254,122,445,346,204,95,273,343,424
2,0,333,109,90,249,351,315,214,83,261,435
2,1,383,97,320,74,32,235,206,400,349,442
2,2,372,12,257,84,357,403,295,5,9,370
2,3,205,310,394,182,249,293,335,408,235,405
2,4,252,465,496,488,506,325,28,131,156,410
2,5,236,292,142,98,436,468,302,49,224,446
2,6,285,112,150,223,13,505,283,210,144,485
2,7,242,452,438,382,372,191,60,158,199,165
2,8,175,439,370,46,11,283,319,458,387,262
2,9,111,376,68,154,142,361,506,141,214,58
2,10,28,461,355,508,488,495,107,97,240,454
2,11,273,185,163,371,48,97,250,500,268,511
2,12,277,459,386,389,9,390,175,63,392,283
2,13,387,273,50,93,392,385,91,148,97,224
2,14,117,417,473,506,138,14,212,169,137,335
2,15,494,193,289,199,426,6,375,288,156,346
2,16,429,142,243,278,23,391,58,75,74,441
2,17,105,61,209,305,365,499,136,372,389,486
2,18,264,184,87,496,211,376,370,275,46,471
2,19,377,173,509,192,162,103,31,342,360,3
2,20,210,55,248,485,15,104,442,363,40,457
2,21,255,418,100,44,394,70,379,33,131,150
2,22,345,223,30,41,81,205,293,195,287,235
2,23,242,285,450,334,496,42,199,493,83,260
2,24,439,175,319,425,370,13,11,46,509,458
2,25,111,68,442,14,58,214,361,360,154,142
2,26,177,28,454,97,203,280,211,107,299,126
2,27,250,97,273,141,48,84,189,165,185,350
2,28,390,277,9,175,386,283,392,86,94,297
2,29,50,387,91,423,337,93,461,6,385,273
2,30,14,69,441,417,314,117,154,212,506,80
2,31,193,487,119,426,306,375,491,54,226,494
2,32,140,23,429,243,201,58,391,278,110,299
2,33,499,372,305,422,419,61,365,210,209,72
2,34,264,184,376,211,496,87,275,370,399,471
2,35,192,377,162,37,277,49,222,509,372,342
2,36,55,210,15,16,300,348,104,344,363,457
2,37,131,255,418,150,394,70,44,324,379,100
2,38,223,30,345,41,81,287,293,195,457,196
2,39,285,334,450,27,260,244,356,242,337,104
2,40,138,172,178,278,91,173,268,4,308,449
2,41,240,42,391,491,385,226,65,445,55,293
2,42,217,151,212,366,393,140,215,53,301,231
2,43,86,133,162,180,337,413,300,331,111,388
2,44,433,56,209,338,277,276,395,174,172,87
2,45,303,47,237,51,442,227,186,362,218,325
2,46,388,297,338,283,171,31,88,463,25,320
2,47,95,122,273,346,186,132,100,424,138,504
3,0,302,226,136,373,72,453,171,123,439,144
3,1,383,320,400,19,152,193,442,431,146,393
3,2,372,114,5,222,322,4,325,130,75,12
3,3,205,310,335,394,182,235,379,315,249,113
3,4,252,59,106,453,496,465,488,325,68,410
3,5,142,236,224,314,292,446,302,49,98,71
3,6,223,283,285,144,379,256,233,112,159,485
3,7,452,438,242,382,464,84,165,8,191,60
3,8,175,46,458,262,439,319,27,370,11,395
3,9,376,142,58,111,442,68,361,154,73,141
3,10,28,355,454,508,107,461,177,97,417,341
3,11,273,185,97,371,458,108,48,163,511,165
3,12,386,277,389,175,283,39,86,66,23,433
3,13,392,273,93,50,387,224,97,91,337,286
3,14,117,473,417,169,14,506,138,137,409,212
3,15,494,289,193,426,288,61,199,375,6,405
3,16,142,429,243,391,278,272,58,75,23,480
3,17,311,209,61,253,206,105,504,486,365,305
3,18,46,87,496,376,211,264,399,184,275,370
3,19,162,509,173,377,103,192,342,31,360,435
3,20,248,55,104,442,485,210,15,363,179,388
3,21,418,44,255,420,70,379,25,100,10,131
3,22,18,173,287,81,41,205,195,345,235,54
3,23,242,334,450,42,244,285,260,496,82,323
3,24,46,175,319,458,425,439,13,262,370,11
3,25,58,111,361,442,68,142,502,154,376,192
3,26,28,508,177,454,475,107,126,461,97,263
3,27,185,250,511,273,165,189,48,458,97,197
3,28,277,389,386,390,175,9,283,160,39,392
3,29,93,387,392,50,91,97,423,273,209,507
3,30,14,169,473,117,417,506,314,212,398,409
3,31,494,193,426,289,375,61,491,199,405,6
3,32,142,23,58,243,278,429,140,163,479,110
3,33,61,305,499,372,253,105,209,419,311,72
3,34,87,264,376,211,46,184,496,370,471,399
3,35,192,377,37,162,277,342,509,173,145,225
3,36,55,15,344,485,363,104,210,457,346,78
3,37,255,418,131,70,100,420,44,150,379,394
3,38,205,41,195,223,81,30,287,345,18,235
3,39,260,390,285,334,146,82,493,256,356,450
3,40,178,278,91,172,397,449,173,471,186,244
3,41,391,240,226,42,491,445,385,59,65,266
3,42,151,393,212,432,366,365,217,80,87,301
3,43,86,133,180,87,290,426,185,278,207,413
3,44,56,433,277,209,338,276,189,174,248,440
3,45,303,227,237,47,406,34,475,271,51,282
3,46,25,60,171,56,88,372,297,239,133,388
3,47,79,424,254,360,95,445,247,344,85,122
4,0,333,214,249,109,90,315,88,351,261,262
4,1,383,97,32,320,235,400,74,206,19,442
4,2,372,5,84,357,222,12,114,89,295,59
4,3,205,182,335,408,249,310,293,394,237,235
4,4,465,506,252,325,131,488,496,156,28,257
4,5,236,292,468,71,49,142,436,302,98,224
4,6,285,283,112,13,233,210,485,165,223,144
4,7,438,452,242,191,303,158,239,199,144,8
4,8,175,11,191,283,87,370,439,262,46,425
4,9,111,58,68,376,139,142,502,154,361,14
4,10,240,461,488,508,107,28,203,177,299,10
4,11,273,371,163,84,234,511,185,165,500,108
4,12,459,390,277,37,228,63,389,290,9,433
4,13,385,387,273,50,286,91,148,347,392,93
4,14,138,117,506,486,14,473,212,335,417,137
4,15,193,494,346,289,6,426,199,61,318,375
4,16,429,391,58,23,243,201,278,74,26,91
4,17,105,61,372,499,381,305,72,422,209,365
4,18,264,184,370,471,49,211,496,212,87,291
4,19,192,377,173,162,174,145,26,31,453,37
4,20,55,15,485,78,210,248,388,344,363,104
4,21,255,100,379,70,33,150,44,418,131,54
4,22,30,345,81,223,41,293,205,86,195,57
4,23,323,285,493,42,242,260,82,356,334,83
4,24,175,11,425,283,439,13,370,87,325,319
4,25,111,442,361,68,58,214,376,506,154,502
4,26,177,508,107,240,203,28,424,211,299,280
4,27,273,511,250,84,165,197,141,371,422,49
4,28,390,37,459,228,290,96,160,9,217,277
4,29,387,385,50,22,423,288,148,97,352,273
4,30,14,80,212,138,506,314,486,136,127,383
4,31,193,426,375,494,169,61,288,306,491,346
4,32,58,391,23,74,243,163,429,91,278,142
4,33,305,499,61,372,422,72,389,166,419,50
4,34,264,49,184,471,370,211,291,212,347,91
4,35,192,174,37,26,377,162,356,212,342,225
4,36,55,346,363,439,344,109,15,210,507,78
4,37,150,255,100,70,474,41,131,418,324,54
4,38,223,81,30,345,41,205,293,86,195,264
4,39,285,493,390,83,356,313,260,363,82,107
4,40,91,178,290,397,278,172,106,471,357,398
4,41,391,226,213,240,434,385,435,511,170,443
4,42,151,393,87,301,476,287,432,366,212,457
4,43,87,86,207,417,278,180,346,300,217,412
4,44,56,189,276,277,167,51,158,440,290,338
4,45,227,406,47,34,479,475,223,260,303,382
4,46,388,171,239,51,372,25,141,77,256,469
4,47,424,451,142,280,272,85,78,60,11,390
5,0,485,188,80,222,286,224,123,46,324,399
5,1,157,320,60,19,400,383,261,175,434,225
5,2,89,436,286,135,222,457,84,280,59,87
5,3,237,310,249,205,335,235,342,182,408,269
5,4,168,506,488,191,252,325,431,465,257,184
5,5,20,11,487,420,75,236,354,280,112,49
5,6,285,329,47,179,283,112,234,151,52,233
5,7,438,174,295,325,117,437,357,303,118,208
5,8,11,191,175,316,370,151,189,227,449,87
5,9,502,68,111,58,145,14,154,40,214,141
5,10,173,240,488,345,490,299,350,177,10,461
5,11,234,371,273,163,17,189,422,84,350,127
5,12,459,438,228,63,288,290,253,82,37,390
5,13,347,387,273,50,385,286,93,423,390,461
5,14,486,138,14,212,117,69,506,461,441,127
5,15,193,494,426,289,491,375,6,61,346,199
5,16,429,23,243,26,74,58,231,201,278,191
5,17,105,381,61,422,365,499,372,209,454,305
5,18,185,264,241,287,284,49,444,306,184,496
5,19,342,349,377,225,309,222,192,162,257,356
5,20,55,78,15,477,5,457,448,210,366,58
5,21,453,239,340,136,33,54,100,281,255,324
5,22,125,255,225,179,65,186,59,494,279,39
5,23,260,285,493,42,334,337,83,242,376,356
5,24,11,175,449,470,87,389,151,191,316,189
5,25,111,442,68,502,154,361,14,58,506,145
5,26,488,177,299,240,126,92,424,280,107,393
5,27,273,84,406,511,17,250,234,189,141,422
5,28,228,290,438,390,63,459,94,37,52,96
5,29,387,22,423,50,273,347,93,97,288,461
5,30,14,212,136,80,138,95,69,154,314,281
5,31,375,426,494,193,54,61,346,491,306,68
5,32,140,23,278,74,441,58,243,201,169,429
5,33,61,499,305,372,12,365,422,467,72,105
5,34,264,185,241,46,306,287,347,184,284,370
5,35,225,349,342,222,377,192,356,14,47,374
5,36,15,55,58,441,448,16,5,366,457,477
5,37,453,255,239,136,324,150,78,54,340,67
5,38,125,279,179,186,225,65,255,413,205,287
5,39,260,316,486,323,493,334,337,42,511,416
5,40,203,278,498,357,397,449,501,215,309,450
5,41,391,418,414,443,354,358,19,304,151,445
5,42,16,448,304,480,20,123,482,355,217,132
5,43,278,255,185,92,49,486,388,416,412,178
5,44,473,55,54,272,237,120,417,372,280,136
5,45,280,454,189,381,470,351,84,2,230,104
5,46,66,378,181,199,322,392,211,283,214,57
5,47,337,320,480,336,326,149,202,150,31,298
6,0,384,406,378,337,190,138,222,102,463,5
6,1,320,157,18,209,203,102,483,19,378,265
6,2,495,436,393,84,30,89,469,280,286,222
6,3,205,335,182,249,403,342,237,310,235,1
6,4,168,325,488,311,252,63,54,465,81,506
6,5,20,487,160,354,236,290,11,112,420,280
6,6,285,498,47,283,234,112,142,80,73,280
6,7,438,168,117,374,303,295,325,437,154,357
6,8,191,11,175,316,151,189,449,283,87,389
6,9,502,111,68,214,58,145,154,40,14,141
6,10,173,350,490,488,240,345,299,393,10,461
6,11,234,17,371,273,76,422,189,367,84,163
6,12,401,459,228,312,154,63,288,438,290,313
6,13,286,347,387,385,50,273,35,461,265,390
6,14,486,138,212,506,14,127,117,69,461,335
6,15,193,494,426,346,375,6,289,199,61,491
6,16,26,140,278,23,74,441,191,243,201,429
6,17,365,105,61,499,467,372,422,381,12,305
6,18,284,241,264,444,306,287,185,331,395,58
6,19,349,342,14,47,356,377,257,225,162,273
6,20,55,5,15,214,477,210,457,58,441,78
6,21,40,136,305,453,56,340,239,281,33,116
6,22,125,225,186,255,429,320,179,65,424,224
6,23,493,285,260,242,83,376,316,511,42,486
6,24,11,175,191,151,449,87,389,325,316,189
6,25,442,111,68,154,502,145,214,58,14,361
6,26,488,126,299,393,240,92,424,280,177,107
6,27,273,17,511,84,189,141,234,250,406,165
6,28,228,401,290,459,438,312,63,390,48,154
6,29,387,423,50,347,385,273,255,461,22,286
6,30,14,212,117,294,461,136,127,69,80,138
6,31,375,193,426,494,61,491,306,271,199,6
6,32,23,140,441,278,26,191,58,429,74,120
6,33,499,61,467,422,372,72,305,365,67,272
6,34,284,185,241,264,306,58,395,362,331,49
6,35,356,342,456,14,225,349,123,286,47,257
6,36,58,5,441,214,55,15,173,366,318,56
6,37,453,305,40,116,56,136,78,239,281,340
6,38,125,225,429,186,179,255,320,65,469,224
6,39,493,42,260,83,323,316,107,486,376,356
6,40,278,106,449,357,501,503,450,98,203,482
6,41,391,443,243,358,414,418,508,151,19,145
6,42,137,304,139,448,482,114,394,177,123,355
6,43,255,486,185,92,278,346,412,40,49,161
6,44,54,28,237,55,372,473,280,212,156,272
6,45,280,189,230,454,381,470,104,334,70,260
6,46,199,214,322,336,392,193,57,185,489,379
6,47,320,270,298,480,336,31,349,326,54,492
7,0,316,66,98,401,10,272,93,427,0,470
7,1,320,62,293,420,483,209,304,240,373,34
7,2,185,436,393,449,84,89,439,59,263,338
7,3,237,249,235,335,205,182,310,408,496,405
7,4,488,168,198,252,307,485,184,325,308,37
7,5,487,354,485,82,20,280,11,187,131,505
7,6,285,47,73,498,42,142,80,234,255,495
7,7,438,223,117,327,95,257,303,154,365,118
7,8,151,11,191,162,175,189,370,389,87,148
7,9,68,48,214,395,154,14,502,111,145,208
7,10,488,490,173,240,299,92,350,10,345,215
7,11,234,150,17,371,422,273,181,456,279,63
7,12,355,401,63,48,288,459,303,198,290,223
7,13,347,6,273,506,35,286,387,255,311,265
7,14,486,461,212,127,161,138,231,34,160,14
7,15,193,494,491,271,375,6,61,289,199,346
7,16,441,429,191,87,120,201,231,74,370,243
7,17,272,499,422,72,105,61,467,261,276,365
7,18,444,70,284,306,58,241,395,185,496,168
7,19,342,257,456,14,47,349,309,356,26,145
7,20,441,91,5,132,173,318,214,55,75,445
7,21,116,268,340,453,33,305,40,266,28,199
7,22,424,225,52,160,186,499,273,179,463,242
7,23,260,493,83,285,376,242,511,334,486,316
7,24,11,151,175,389,191,189,509,148,439,370
7,25,48,68,14,111,442,214,395,154,502,132
7,26,488,280,240,424,299,345,31,393,126,173
7,27,273,234,17,279,422,189,141,84,511,78
7,28,355,228,63,290,48,401,459,460,288,312
7,29,347,387,423,6,506,461,411,50,273,35
7,30,294,14,161,461,231,441,212,127,377,200
7,31,491,375,61,193,494,271,510,13,383,487
7,32,169,201,23,87,120,429,240,500,26,191
7,33,272,467,499,276,422,72,508,261,410,105
7,34,306,70,284,58,373,150,241,66,185,168
7,35,257,456,14,286,356,342,349,92,505,480
7,36,75,58,173,441,318,5,91,339,55,366
7,37,116,305,268,453,40,338,78,56,470,266
7,38,52,424,225,160,499,179,349,373,186,253
7,39,260,83,493,285,42,496,486,316,167,107
7,40,449,501,450,98,503,106,173,278,230,357
7,41,414,391,358,243,508,151,443,418,354,175
7,42,325,491,267,394,482,139,417,304,137,362
7,43,278,255,92,49,486,185,40,412,161,87
7,44,54,237,55,28,372,280,256,220,212,104
7,45,280,230,454,189,381,470,104,70,405,334
7,46,41,359,199,71,504,110,322,193,392,489
7,47,309,458,65,54,136,126,48,125,501,480
8,0,462,321,264,209,267,132,362,312,23,101
8,1,34,209,316,211,85,483,320,304,373,62
8,2,185,393,436,449,493,84,89,158,59,338
8,3,237,310,249,235,335,175,182,205,408,496
8,4,488,198,152,325,307,249,506,222,168,310
8,5,487,20,354,424,280,112,493,187,146,11
8,6,285,444,47,142,345,255,479,280,234,73
8,7,327,438,120,223,154,95,117,259,303,365
8,8,151,11,191,189,370,389,162,175,148,325
8,9,14,214,141,90,68,395,506,111,446,154
8,10,488,280,173,299,490,215,240,507,92,10
8,11,234,127,409,231,63,78,446,273,163,371
8,12,312,355,290,63,459,288,475,228,234,470
8,13,347,411,423,35,50,6,387,385,311,506
8,14,486,160,461,441,127,383,470,212,269,231
8,15,193,491,487,352,119,494,61,13,459,391
8,16,299,201,403,500,429,260,91,110,31,245
8,17,422,272,381,325,72,499,467,105,410,61
8,18,284,331,324,308,306,109,272,81,390,185
8,19,356,498,47,26,14,123,257,308,92,480
8,20,58,214,441,55,175,453,5,105,90,137
8,21,40,116,56,305,338,340,28,33,54,70
8,22,186,467,381,125,424,307,225,428,97,469
8,23,83,493,285,376,316,382,73,97,313,323
8,24,11,191,151,325,175,370,389,509,283,148
8,25,90,14,141,214,111,154,68,20,442,506
8,26,280,215,299,279,211,488,424,400,119,419
8,27,78,181,234,141,273,231,410,328,456,150
8,28,290,356,80,228,48,459,63,355,470,94
8,29,347,411,461,423,6,506,35,387,385,50
8,30,441,294,150,161,276,281,461,385,14,231
8,31,491,13,61,375,494,365,510,193,487,199
8,32,169,240,429,201,191,23,87,92,108,62
8,33,272,325,195,276,7,442,387,494,467,404
8,34,308,284,306,373,58,238,331,324,81,390
8,35,257,92,480,456,246,342,14,286,356,222
8,36,58,75,441,173,5,130,310,90,214,366
8,37,116,338,40,305,56,78,453,28,148,62
8,38,467,424,186,381,307,125,428,225,373,469
8,39,83,496,493,260,42,285,167,193,316,323
8,40,449,501,450,98,503,106,290,173,280,304
8,41,414,358,243,508,391,443,151,19,418,424
8,42,482,139,304,394,214,484,114,177,137,448
8,43,278,255,486,185,40,92,49,333,412,346
8,44,54,237,28,55,372,280,104,212,480,473
8,45,230,280,454,189,381,470,104,334,260,70
8,46,199,71,322,392,193,489,185,390,331,57
8,47,65,480,336,54,349,492,2,435,501,461
9,0,62,401,211,93,270,176,272,98,0,175
9,1,304,293,34,62,483,240,366,40,320,420
9,2,185,418,393,211,449,263,310,436,360,439
9,3,237,235,310,249,335,403,274,379,78,182
9,4,308,488,432,508,445,168,90,316,299,67
9,5,487,90,415,131,81,505,119,71,158,275
9,6,279,42,73,113,137,471,210,234,44,142
9,7,154,142,117,282,118,438,160,41,86,326
9,8,151,11,496,113,191,104,155,162,482,389
9,9,14,77,214,395,349,129,154,506,68,140
9,10,488,490,188,494,92,299,173,380,160,253
9,11,279,234,17,344,408,78,163,63,150,498
9,12,48,303,286,288,223,299,63,120,355,262
9,13,506,265,347,286,35,6,273,311,181,215
9,14,212,486,396,461,425,127,231,474,370,6
9,15,193,491,494,61,13,375,365,271,388,510
9,16,169,370,87,432,441,368,429,191,376,201
9,17,378,272,214,285,422,486,504,105,276,147
9,18,373,168,284,308,58,341,238,246,255,84
9,19,257,342,309,480,159,222,80,509,505,9
9,20,173,75,140,130,58,453,214,289,339,349
9,21,338,292,116,62,502,11,268,312,413,504
9,22,452,328,17,349,242,52,253,215,434,306
9,23,83,285,193,97,493,496,376,167,469,107
9,24,151,496,113,11,104,14,191,482,148,155
9,25,79,77,90,14,48,20,377,129,301,442
9,26,188,280,488,92,299,160,298,494,236,490
9,27,279,17,20,273,408,78,150,446,498,234
9,28,48,303,286,223,262,299,433,228,316,161
9,29,506,6,347,504,286,411,35,461,265,387
9,30,231,377,281,95,196,161,94,212,14,441
9,31,375,491,13,365,494,271,383,193,64,61
9,32,169,87,429,201,181,240,376,441,23,26
9,33,378,214,272,508,387,499,422,410,331,276
9,34,373,308,168,341,255,58,108,284,472,84
9,35,246,257,480,92,62,342,1,242,14,309
9,36,173,140,90,58,453,75,216,176,339,130
9,37,338,292,62,502,116,504,331,419,268,111
9,38,328,349,452,17,215,253,52,242,434,306
9,39,285,83,107,496,469,167,4,493,42,356
9,40,449,98,290,304,106,214,122,503,501,450
9,41,511,443,310,391,19,243,363,335,354,2
9,42,95,387,261,104,491,216,23,367,362,78
9,43,278,185,300,346,511,412,333,505,502,246
9,44,319,104,164,445,480,220,249,145,250,119
9,45,280,382,334,133,472,260,146,141,302,314
9,46,339,185,51,315,45,329,412,244,503,407
9,47,446,458,360,333,245,39,40,45,378,269
10,0,32,130,330,278,160,71,409,170,46,221
10,1,112,471,427,483,447,215,71,59,385,410
10,2,483,250,393,338,380,211,226,209,185,269
10,3,354,235,357,237,310,216,403,272,496,78
10,4,245,488,196,440,307,329,257,102,59,249
10,5,456,273,96,258,449,280,354,487,350,266
10,6,452,50,166,137,6,258,210,285,80,279
10,7,268,438,154,303,437,327,142,170,118,269
10,8,191,370,189,148,11,113,389,3,496,325
10,9,14,506,141,154,209,68,214,90,511,462
10,10,299,314,280,507,488,202,188,251,176,354
10,11,273,402,234,446,163,350,9,268,397,127
10,12,248,409,63,406,463,139,470,290,356,459
10,13,387,411,302,50,347,290,250,311,423,273
10,14,441,212,470,377,269,486,160,80,231,64
10,15,193,487,119,491,352,510,459,494,61,508
10,16,201,429,260,500,505,23,391,299,74,32
10,17,105,422,499,398,50,259,365,467,160,272
10,18,284,347,119,179,419,464,308,264,434,501
10,19,362,257,222,453,9,14,47,454,384,341
10,20,105,327,453,55,114,210,214,137,349,7
10,21,3,104,504,338,116,388,440,447,36,327
10,22,422,471,426,150,112,177,461,441,276,243
10,23,83,107,199,285,376,167,97,42,496,493
10,24,370,11,325,191,175,439,488,163,63,425
10,25,68,141,111,14,154,442,361,506,346,214
10,26,107,213,71,299,48,119,322,238,424,280
10,27,273,511,163,49,84,250,165,422,350,141
10,28,390,37,96,290,356,228,459,433,63,277
10,29,387,22,288,385,50,91,97,184,273,347
10,30,14,136,212,80,233,138,154,506,314,117
10,31,426,375,68,54,22,193,61,346,119,306
10,32,140,23,278,429,201,58,500,243,74,441
10,33,12,365,389,305,499,372,50,467,419,422
10,34,347,119,264,184,49,26,471,350,357,211
10,35,222,426,453,362,342,377,349,162,192,509
10,36,485,243,16,442,55,300,248,45,210,497
10,37,46,255,150,453,33,324,379,44,3,100
10,38,205,41,86,345,261,57,264,30,426,177
10,39,334,260,323,27,496,285,42,107,356,83
10,40,449,309,138,106,173,178,304,357,290,87
10,41,391,354,501,240,361,283,65,304,213,511
10,42,426,56,225,95,140,432,217,23,508,235
10,43,185,346,278,391,388,412,156,300,162,511
10,44,33,145,79,462,480,445,104,156,285,290
10,45,280,382,133,334,260,397,172,141,302,367
10,46,196,315,51,339,185,45,412,244,407,503
10,47,88,333,188,45,112,66,40,89,378,452
11,0,369,349,52,61,293,93,451,415,75,338
11,1,48,243,454,197,381,465,58,373,491,483
11,2,134,117,28,289,417,192,338,313,370,393
11,3,24,235,78,62,310,14,200,331,280,482
11,4,488,432,424,334,65,316,293,105,90,430
11,5,449,286,191,218,490,280,429,118,240,328
11,6,26,210,457,431,283,286,407,138,472,258
11,7,148,250,142,219,481,301,235,303,154,183
11,8,11,191,113,370,148,505,155,496,210,189
11,9,141,90,14,506,154,511,259,209,473,466
11,10,299,314,251,202,255,280,188,488,354,109
11,11,446,273,63,370,402,258,234,178,78,256
11,12,91,75,48,331,29,111,127,288,356,185
11,13,35,273,311,181,265,286,506,347,411,169
11,14,377,14,441,95,439,231,311,370,269,212
11,15,491,13,193,494,61,119,365,396,511,32
11,16,169,429,181,191,201,401,260,243,376,272
11,17,325,504,105,404,486,187,349,272,331,132
11,18,235,170,252,154,117,238,494,67,308,19
11,19,342,309,222,480,257,509,9,246,475,260
11,20,453,94,114,49,289,308,58,137,76,90
11,21,504,62,458,115,327,338,413,11,223,252
11,22,503,290,230,305,201,133,368,115,51,164
11,23,285,167,496,42,107,469,97,83,376,505
11,24,370,14,11,496,505,325,65,155,113,369
11,25,90,141,506,20,473,79,259,55,209,154
11,26,109,251,299,501,298,188,236,421,178,202
11,27,20,23,256,446,141,273,215,498,511,397
11,28,433,91,185,75,111,29,331,356,386,48
11,29,504,461,302,411,347,181,357,6,35,290
11,30,231,377,95,439,441,14,281,269,338,420
11,31,491,13,199,494,193,18,365,510,463,396
11,32,169,401,181,429,92,391,87,400,201,191
11,33,387,325,441,365,331,469,504,195,349,499
11,34,373,235,117,252,401,494,34,170,272,238
11,35,342,246,257,260,480,222,55,309,372,508
11,36,225,173,147,90,453,94,176,58,308,506
11,37,11,338,115,504,206,62,458,253,345,442
11,38,503,290,305,230,201,133,148,495,51,164
11,39,285,83,496,469,42,493,167,107,505,323
11,40,449,290,98,304,106,501,309,77,503,450
11,41,511,505,125,214,363,443,310,440,148,415
11,42,257,490,479,39,97,235,71,141,138,95
11,43,333,42,278,346,511,412,185,365,255,505
11,44,474,480,445,249,104,204,282,337,156,288
11,45,456,280,210,260,429,334,141,302,126,314
11,46,138,185,244,339,161,503,30,241,221,331
11,47,76,337,33,246,29,89,286,226,186,157
12,0,9,492,349,451,64,7,93,66,348,161
12,1,156,119,243,491,197,58,373,48,381,263
12,2,74,265,417,211,364,168,134,370,313,393
12,3,62,235,24,78,200,310,379,331,503,411
12,4,424,432,316,334,293,65,488,105,167,90
12,5,449,380,286,240,429,506,280,358,191,202
12,6,353,170,486,347,95,464,210,184,341,457
12,7,461,142,355,28,235,303,154,400,219,269
12,8,496,113,155,191,14,11,148,210,189,161
12,9,90,79,14,20,141,506,239,511,473,301
12,10,188,299,280,78,236,251,314,153,202,488
12,11,446,498,231,258,78,370,268,63,129,195
12,12,75,360,331,48,165,288,136,127,169,185
12,13,506,311,6,169,347,286,35,215,181,273
12,14,377,231,281,441,94,439,14,102,196,150
12,15,491,13,193,494,365,119,511,64,487,199
12,16,169,429,201,181,87,260,272,74,240,376
12,17,211,504,325,252,272,378,266,105,486,404
12,18,394,207,159,373,170,284,298,416,308,506
12,19,342,257,480,246,509,309,159,100,109,222
12,20,125,445,130,30,453,147,310,349,289,49
12,21,223,345,504,11,442,59,338,458,206,413
12,22,468,500,10,290,142,269,414,230,503,379
12,23,83,285,97,376,82,308,42,469,395,107
12,24,496,14,113,155,11,151,369,191,148,161
12,25,79,20,90,133,506,331,26,14,511,55
12,26,78,299,188,280,251,109,501,236,494,193
12,27,446,258,498,231,268,141,195,20,129,331
12,28,75,360,331,136,127,29,433,165,169,35
12,29,6,347,506,169,411,311,35,355,357,461
12,30,231,94,281,161,196,377,420,150,486,439
12,31,491,13,365,271,375,64,199,193,18,494
12,32,169,240,108,201,87,147,441,429,368,370
12,33,378,371,266,508,272,285,211,410,93,452
12,34,394,373,207,156,159,416,170,117,67,189
12,35,16,286,505,257,14,445,313,246,356,372
12,36,75,441,297,58,213,315,506,173,216,436
12,37,442,345,338,206,40,11,223,243,458,199
12,38,468,290,269,10,500,230,503,414,495,295
12,39,493,260,316,83,193,308,486,263,323,250
12,40,450,482,98,449,77,6,122,106,227,503
12,41,245,414,358,391,243,12,443,508,424,186
12,42,97,479,257,438,430,71,45,267,133,138
12,43,486,420,255,92,94,365,185,181,161,294
12,44,54,474,337,173,270,294,212,237,471,480
12,45,119,210,126,104,381,201,405,230,334,260
12,46,41,499,446,138,193,199,185,359,104,331
12,47,125,33,52,126,157,199,181,463,54,29
13,0,362,267,190,186,218,430,265,148,301,361
13,1,402,477,189,61,316,3,203,230,226,423
13,2,105,393,472,198,249,185,211,436,84,449
13,3,175,383,237,403,496,235,335,249,405,283
13,4,152,310,74,488,87,405,175,267,102,198
13,5,47,54,354,112,487,20,82,26,350,272
13,6,137,338,279,471,111,118,444,175,324,80
13,7,166,258,267,164,122,168,117,154,438,449
13,8,496,113,322,11,151,126,191,155,173,14
13,9,14,300,68,214,79,48,395,140,506,377
13,10,188,488,362,299,424,92,48,160,173,240
13,11,234,17,279,163,268,422,408,84,63,367
13,12,33,288,267,63,312,491,228,258,459,143
13,13,506,347,265,239,273,6,298,286,385,35
13,14,486,212,6,461,504,160,127,425,94,231
13,15,193,491,494,10,375,271,289,61,388,6
13,16,368,441,370,87,144,432,429,201,169,74
13,17,467,378,422,272,499,365,454,243,486,276
13,18,390,284,505,373,343,178,331,308,444,58
13,19,342,292,505,456,356,257,80,349,14,313
13,20,75,2,5,175,214,58,366,130,345,441
13,21,40,338,69,113,56,305,413,155,116,148
13,22,424,303,467,428,125,334,225,381,23,186
13,23,193,317,398,376,316,486,6,237,493,308
13,24,173,322,496,126,32,11,151,113,389,191
13,25,300,48,140,68,442,14,145,111,0,430
13,26,188,488,362,424,92,299,48,393,240,265
13,27,279,17,129,234,422,131,350,273,141,408
13,28,228,33,267,63,312,290,258,143,288,459
13,29,239,506,316,347,303,6,297,265,222,72
13,30,231,94,455,196,486,461,161,328,34,212
13,31,271,375,491,306,193,494,13,199,508,61
13,32,368,108,441,240,169,429,147,370,143,505
13,33,378,81,93,173,410,452,422,74,499,199
13,34,343,390,308,58,331,178,142,373,249,319
13,35,246,292,92,80,456,14,505,356,33,286
13,36,75,5,58,173,289,441,47,2,176,456
13,37,338,40,69,113,56,305,116,148,78,62
13,38,424,125,303,467,428,469,23,186,225,381
13,39,493,83,308,193,263,316,323,6,486,260
13,40,450,106,482,122,98,449,503,215,456,227
13,41,358,243,414,508,424,151,175,29,443,2
13,42,484,139,394,304,114,137,482,177,355,448
13,43,486,420,92,278,255,412,71,161,185,40
13,44,301,54,237,28,212,55,372,280,95,104
13,45,189,230,381,470,104,454,280,334,290,260
13,46,214,336,199,392,322,57,331,252,185,193
13,47,298,270,320,31,480,336,54,349,326,492
14,0,62,167,401,272,98,291,316,427,93,198
14,1,134,34,240,293,410,304,287,366,62,302
14,2,105,211,418,185,310,393,436,263,439,470
14,3,237,403,235,323,274,18,168,342,207,150
14,4,508,308,168,287,329,488,288,445,96,67
14,5,90,415,275,131,505,158,487,350,5,485
14,6,113,137,471,42,129,279,142,234,73,110
14,7,258,503,282,154,326,132,160,117,429,86
14,8,496,173,113,322,155,11,461,437,151,408
14,9,300,140,129,349,14,49,395,208,77,245
14,10,409,188,490,1,494,507,362,332,354,488
14,11,335,148,279,103,17,258,408,63,446,78
14,12,299,303,48,223,258,288,286,262,144,316
14,13,316,239,486,506,169,298,277,233,348,35
14,14,396,94,425,6,461,250,351,474,302,486
14,15,193,491,61,119,13,51,163,105,10,309
14,16,368,432,199,505,370,224,130,441,438,74
14,17,378,173,147,505,214,93,42,211,276,410
14,18,308,142,343,62,168,58,108,341,472,373
14,19,292,246,92,62,342,46,33,487,20,80
14,20,289,140,75,138,456,176,94,47,501,136
14,21,338,292,388,331,504,419,69,116,490,502
14,22,215,328,349,8,52,113,440,17,434,225
14,23,193,376,83,4,285,308,6,317,237,263
14,24,496,322,11,113,173,386,155,389,437,151
14,25,300,259,140,90,79,434,301,14,429,89
14,26,188,494,409,490,362,354,92,1,109,301
14,27,131,498,129,442,339,258,446,425,188,17
14,28,299,48,303,223,286,144,379,262,47,258
14,29,316,239,169,277,486,181,6,266,265,286
14,30,231,94,212,439,354,377,367,281,486,302
14,31,491,13,494,193,365,18,199,61,463,375
14,32,169,429,181,505,391,143,108,401,92,256
14,33,378,147,173,211,42,505,93,214,331,101
14,34,308,343,142,62,108,168,293,472,21,58
14,35,246,92,342,62,1,409,20,480,33,487
14,36,140,90,456,58,289,173,176,453,47,445
14,37,338,292,504,331,62,419,502,116,208,268
14,38,215,328,349,434,8,52,17,113,440,242
14,39,83,285,263,493,469,505,496,97,107,4
14,40,290,449,98,106,122,304,281,214,215,88
14,41,175,148,511,2,424,243,394,427,29,214
14,42,367,261,491,387,216,362,23,424,95,104
14,43,333,506,498,412,511,256,346,278,246,358
14,44,319,164,104,445,250,220,480,500,119,465
14,45,472,334,280,141,401,302,260,314,382,466
14,46,339,329,51,218,185,315,504,244,373,503
14,47,446,245,39,48,175,333,458,234,112,356
15,0,32,130,278,160,330,71,409,170,46,218
15,1,112,427,471,215,410,447,71,53,15,483
15,2,483,250,380,494,338,142,211,209,393,226
15,3,216,354,357,272,403,237,235,310,229,405
15,4,245,329,196,440,488,340,269,417,94,319
15,5,456,273,96,258,483,350,449,354,177,91
15,6,452,166,6,50,258,382,284,210,198,80
15,7,437,268,154,258,170,327,26,269,303,231
15,8,370,3,210,163,191,148,161,189,11,155
15,9,14,141,506,209,90,300,511,289,320,304
15,10,314,299,280,354,251,507,32,202,153,490
15,11,409,178,211,446,255,63,150,397,511,273
15,12,248,409,463,406,139,80,356,433,90,448
15,13,411,290,387,302,250,330,50,35,311,148
15,14,441,269,377,274,470,212,95,439,56,338
15,15,193,487,352,459,510,30,245,293,241,501
15,16,260,196,505,344,482,201,409,429,191,135
15,17,259,398,91,187,340,143,105,50,272,71
15,18,419,119,284,179,464,501,434,228,308,128
15,19,362,384,123,308,446,222,457,307,341,9
15,20,105,160,349,137,327,230,478,488,170,138
15,21,338,440,504,3,116,288,104,447,388,243
15,22,426,112,150,471,422,461,115,441,192,177
15,23,313,167,387,199,107,368,493,83,285,353
15,24,163,370,508,325,11,457,488,161,204,439
15,25,511,407,289,141,109,180,14,209,90,63
15,26,280,279,299,390,119,32,121,381,365,238
15,27,434,13,211,410,471,409,215,231,311,33
15,28,356,290,80,264,274,94,48,461,325,489
15,29,411,119,435,154,385,457,302,334,461,506
15,30,274,441,269,268,212,324,14,160,32,470
15,31,487,193,510,491,119,352,459,30,185,13
15,32,201,500,429,505,344,334,191,110,181,260
15,33,259,398,325,272,50,442,331,102,71,467
15,34,419,464,434,308,337,501,284,472,179,108
15,35,222,118,362,309,480,342,246,92,1,372
15,36,497,451,453,90,94,349,289,176,105,138
15,37,3,104,504,62,447,338,208,119,440,388
15,38,177,426,150,471,112,461,422,115,441,192
15,39,285,83,496,469,505,107,167,42,4,356
15,40,449,290,304,281,425,106,448,98,141,214
15,41,501,214,511,148,283,310,363,217,19,314
15,42,426,56,225,95,104,236,424,23,367,211
15,43,333,346,156,391,300,412,511,256,358,278
15,44,33,79,104,445,480,145,119,465,290,193
15,45,302,382,334,280,260,172,141,133,314,401
15,46,196,315,51,185,244,339,412,373,503,241
15,47,88,333,188,45,66,112,356,222,40,89
16,0,16,369,270,93,0,99,349,197,293,75
16,1,156,491,243,197,16,465,454,410,48,58
16,2,74,134,168,402,364,393,211,370,196,417
16,3,235,62,24,469,482,310,78,200,403,14
16,4,488,424,334,90,432,308,65,316,272,293
16,5,286,317,280,191,449,245,458,126,400,158
16,6,210,347,245,457,258,44,480,102,353,407
16,7,461,154,28,235,15,413,142,400,269,219
16,8,210,191,11,189,155,148,496,161,14,178
16,9,90,14,506,141,55,259,473,154,320,429
16,10,494,251,236,109,299,314,280,188,488,92
16,11,446,258,150,178,442,231,63,129,255,407
16,12,360,75,307,48,286,127,35,29,288,144
16,13,169,367,311,506,316,124,298,266,71,35
16,14,231,439,441,269,338,281,377,142,102,274
16,15,491,13,193,487,365,119,396,511,510,494
16,16,169,181,452,429,409,201,246,272,505,87
16,17,211,504,325,331,252,147,42,410,378,272
16,18,394,327,170,298,159,207,416,308,84,284
16,19,246,342,257,480,73,372,316,508,252,454
16,20,445,453,125,289,30,130,94,349,218,58
16,21,504,59,458,338,223,442,62,206,78,413
16,22,468,142,239,500,379,230,290,269,145,295
16,23,83,285,469,97,107,376,505,459,356,320
16,24,210,14,148,11,496,155,426,173,161,367
16,25,55,90,506,14,320,429,473,416,79,154
16,26,109,494,251,299,279,188,92,419,236,32
16,27,446,231,258,129,255,141,402,465,215,422
16,28,75,360,307,127,331,144,242,308,29,288
16,29,169,266,461,6,347,367,39,316,373,35
16,30,231,95,439,281,441,94,269,44,338,102
16,31,13,491,365,396,487,119,18,463,511,193
16,32,181,452,108,169,409,201,87,143,245,391
16,33,211,331,378,118,371,325,266,172,93,410
16,34,394,207,416,298,159,170,373,156,67,106
16,35,246,16,313,508,184,498,257,445,373,269
16,36,445,297,58,125,506,315,453,289,436,225
16,37,206,345,223,442,59,146,338,458,11,311
16,38,468,290,230,269,379,500,295,239,142,188
16,39,83,493,285,155,401,469,263,505,97,81
16,40,290,304,122,6,214,106,281,449,98,450
16,41,245,12,511,505,148,214,414,310,0,358
16,42,97,438,479,257,430,45,138,133,17,205
16,43,333,346,420,94,255,2,87,511,40,486
16,44,337,173,474,480,270,445,500,471,294,319
16,45,119,126,210,141,334,302,260,382,314,401
16,46,41,499,104,339,446,51,138,185,315,489
16,47,125,33,29,126,372,463,12,400,17,181
17,0,132,346,312,264,39,458,320,36,321,470
17,1,423,3,189,164,316,61,262,230,410,5
17,2,185,161,249,359,449,303,310,211,490,454
17,3,283,459,237,404,489,185,384,364,175,274
17,4,471,371,152,130,428,86,324,267,488,14
17,5,47,54,2,509,82,37,146,354,112,158
17,6,324,22,137,161,175,3,140,118,391,80
17,7,166,223,439,365,154,442,95,258,275,492
17,8,496,126,173,113,242,11,169,151,155,461
17,9,48,140,388,395,349,300,14,68,129,506
17,10,362,265,92,409,188,488,494,48,1,466
17,11,279,17,63,234,103,150,422,335,344,446
17,12,267,4,231,288,355,460,206,63,340,434
17,13,316,239,506,303,265,232,233,298,391,222
17,14,461,484,6,425,231,486,212,34,396,474
17,15,193,271,375,491,10,494,6,61,346,199
17,16,368,432,441,199,224,120,370,74,395,299
17,17,204,378,276,422,272,7,410,467,147,192
17,18,390,417,284,141,178,142,198,249,373,255
17,19,456,356,505,342,47,292,62,67,142,78
17,20,5,441,132,426,75,173,172,244,214,58
17,21,148,305,56,347,40,183,116,195,155,354
17,22,467,307,381,334,21,225,358,242,303,339
17,23,511,493,398,316,376,193,317,308,83,486
17,24,126,11,173,334,32,242,151,169,389,241
17,25,48,388,14,442,140,222,429,300,68,232
17,26,92,488,362,299,77,48,494,409,424,419
17,27,17,279,234,63,141,268,148,422,273,350
17,28,228,4,231,267,355,460,63,340,290,206
17,29,316,233,347,222,239,35,265,6,286,255
17,30,241,231,461,161,207,484,486,212,127,294
17,31,491,271,375,193,306,494,13,61,212,365
17,32,441,368,108,395,429,240,500,169,120,201
17,33,7,123,204,81,272,410,505,452,151,442
17,34,390,417,141,142,331,58,55,56,178,362
17,35,292,456,356,498,89,505,1,286,257,62
17,36,173,58,5,441,214,75,136,130,318,172
17,37,148,305,56,116,40,347,69,338,78,62
17,38,467,307,339,381,21,424,328,69,408,375
17,39,83,493,376,42,285,316,323,308,313,107
17,40,106,290,449,330,98,450,503,122,227,495
17,41,358,151,175,508,414,29,375,0,243,186
17,42,139,482,484,177,380,304,50,114,394,355
17,43,412,486,92,278,333,346,161,255,185,40
17,44,237,55,54,28,225,372,212,104,480,473
17,45,230,334,381,189,470,260,454,104,290,282
17,46,199,57,71,322,185,504,392,390,489,51
17,47,65,336,480,54,349,501,152,492,175,80
18,0,62,401,176,291,98,415,93,272,175,198
18,1,106,34,304,410,293,240,62,366,281,197
18,2,134,263,418,360,185,20,338,310,393,436
18,3,235,78,310,24,168,331,62,379,14,450
18,4,308,316,488,432,424,110,430,167,90,288
18,5,280,191,131,458,449,286,119,487,415,202
18,6,383,471,73,210,42,27,495,264,80,113
18,7,219,154,41,86,183,282,143,43,427,256
18,8,334,11,104,151,361,191,173,370,201,389
18,9,14,77,506,90,154,141,436,49,473,48
18,10,215,488,92,490,98,280,77,1,380,53
18,11,63,78,148,343,446,344,234,409,429,17
18,12,307,303,48,198,502,288,286,223,262,426
18,13,316,35,87,506,398,367,283,411,233,445
18,14,461,441,6,351,231,127,486,377,274,14
18,15,193,491,487,271,13,494,119,61,391,510
18,16,201,299,500,505,368,424,216,429,283,441
18,17,214,123,272,276,410,325,7,422,81,147
18,18,246,341,168,284,106,255,58,84,373,55
18,19,62,308,498,20,292,242,1,396,356,342
18,20,445,136,318,90,349,173,214,122,58,478
18,21,502,292,419,268,312,116,440,470,11,354
18,22,328,253,17,349,242,441,434,52,444,499
18,23,493,376,83,285,443,4,382,237,313,193
18,24,11,104,370,191,334,173,325,201,151,63
18,25,77,14,90,154,141,48,506,436,259,49
18,26,215,494,299,280,251,98,490,409,308,77
18,27,148,410,343,446,63,429,85,471,78,273
18,28,307,303,48,198,426,286,161,355,288,223
18,29,316,233,35,445,411,347,265,367,222,398
18,30,435,268,351,461,302,127,489,19,231,316
18,31,193,491,487,271,212,61,13,306,494,510
18,32,216,505,201,500,191,283,169,429,433,108
18,33,123,214,67,325,442,117,410,505,467,272
18,34,341,246,168,255,293,330,472,373,58,106
18,35,308,1,62,123,498,20,292,113,242,480
18,36,445,318,136,90,58,349,214,122,173,138
18,37,502,419,268,292,111,440,62,116,11,459
18,38,328,349,253,17,441,52,242,434,444,215
18,39,83,493,313,376,107,285,4,78,42,316
18,40,106,290,449,281,304,122,456,495,503,198
18,41,175,29,2,335,499,427,475,415,170,511
18,42,387,362,261,491,216,78,23,104,95,479
18,43,412,346,498,300,427,511,149,94,458,333
18,44,220,445,104,164,290,500,156,480,427,285
18,45,334,141,260,314,56,382,60,401,193,188
18,46,339,329,51,218,236,185,73,412,397,489
18,47,446,39,333,175,458,112,234,146,323,390
19,0,130,32,160,278,330,71,409,170,257,46
19,1,112,471,106,447,427,410,71,250,53,59
19,2,250,101,483,380,494,226,338,354,271,142
19,3,357,354,272,216,237,405,228,409,470,310
19,4,245,196,440,110,329,488,306,102,359,417
19,5,456,273,96,258,280,449,202,350,464,354
19,6,452,50,166,6,258,136,210,337,383,189
19,7,268,170,303,154,437,438,231,226,183,118
19,8,163,370,161,191,325,3,148,11,189,488
19,9,511,14,180,69,407,506,141,462,420,289
19,10,251,280,299,279,32,119,314,507,308,390
19,11,311,211,13,446,33,178,392,409,434,215
19,12,248,463,356,80,406,409,139,243,338,484
19,13,411,250,302,385,290,119,35,148,387,330
19,14,441,324,387,502,56,377,470,269,274,260
19,15,245,352,30,293,481,459,241,65,98,15
19,16,153,260,135,123,482,294,322,196,45,191
19,17,259,91,459,398,463,144,90,177,190,215
19,18,284,464,434,419,330,119,358,179,501,147
19,19,362,384,307,222,308,297,9,123,309,79
19,20,349,160,105,478,488,170,230,497,409,311
19,21,440,3,104,116,459,208,419,211,119,388
19,22,471,441,422,150,177,112,426,461,276,179
19,23,387,167,143,368,199,313,341,107,134,353
19,24,163,508,370,325,290,88,431,457,161,414
19,25,69,511,180,44,109,211,407,420,504,63
19,26,280,365,279,299,390,234,32,238,381,119
19,27,13,211,33,410,311,374,434,392,178,9
19,28,356,290,80,264,248,489,372,90,2,238
19,29,411,119,302,461,385,435,457,506,40,423
19,30,160,268,127,212,233,274,69,470,441,374
19,31,391,193,476,231,83,169,487,510,306,352
19,32,403,110,201,500,334,299,505,239,433,31
19,33,272,67,264,410,442,215,123,105,143,7
19,34,434,330,464,337,419,472,284,293,21,108
19,35,123,118,1,308,113,223,498,384,307,71
19,36,349,497,451,105,90,138,94,488,478,137
19,37,3,440,459,119,104,447,208,62,252,32
19,38,441,471,177,150,426,112,461,422,276,179
19,39,167,285,313,107,83,493,199,323,4,42
19,40,449,281,290,106,425,304,141,16,398,456
19,41,501,335,283,91,29,170,363,261,217,279
19,42,426,56,236,104,211,95,225,235,386,23
19,43,346,391,497,300,156,358,149,412,511,256
19,44,290,104,79,445,33,500,285,402,145,156
19,45,334,382,141,260,314,56,64,280,60,172
19,46,339,51,196,236,185,241,397,412,73,319
19,47,88,89,333,112,188,45,323,146,66,108
20,0,49,369,247,293,403,93,95,349,67,134
20,1,319,352,243,169,58,197,267,413,454,218
20,2,443,88,96,206,86,349,83,55,42,417
20,3,78,376,69,340,374,444,200,240,24,151
20,4,197,9,323,424,412,12,430,149,436,214
20,5,212,347,293,464,382,419,449,342,234,232
20,6,37,121,103,249,95,286,139,353,395,202
20,7,2,508,401,78,423,37,368,143,471,324
20,8,199,186,355,290,370,508,225,112,507,88
20,9,263,511,211,499,420,195,466,70,317,163
20,10,365,307,374,44,143,217,234,178,50,236
20,11,220,392,311,386,86,383,105,211,87,304
20,12,372,161,11,151,51,338,356,233,420,152
20,13,167,203,187,365,485,435,40,177,457,197
20,14,391,171,115,85,46,341,377,1,300,56
20,15,30,245,65,275,494,112,187,352,15,76
20,16,153,123,501,398,260,135,226,43,18,195
20,17,463,54,238,284,303,98,177,259,215,459
20,18,403,154,80,418,280,252,82,266,235,467
20,19,362,489,222,124,55,307,309,464,397,221
20,20,160,349,409,488,412,34,97,154,311,369
20,21,129,440,479,458,407,115,222,48,381,17
20,22,310,431,511,355,96,164,188,356,252,402
20,23,341,167,143,387,198,439,134,496,245,107
20,24,508,290,199,355,88,50,507,36,186,92
20,25,263,195,163,420,499,466,359,511,317,408
20,26,365,44,374,234,67,50,143,178,381,217
20,27,392,211,220,383,177,386,86,13,452,311
20,28,161,356,372,302,151,51,238,177,11,489
20,29,435,365,16,203,411,302,250,40,177,200
20,30,391,341,268,56,414,171,95,311,377,324
20,31,30,143,146,245,281,241,481,76,65,402
20,32,153,409,260,123,501,135,415,94,294,196
20,33,259,215,102,463,457,398,303,67,91,369
20,34,80,403,473,252,154,173,235,418,379,111
20,35,222,428,489,362,309,259,502,124,55,308
20,36,349,369,105,225,213,154,488,506,412,478
20,37,129,440,458,115,370,479,407,11,222,253
20,38,310,511,96,164,355,188,402,503,133,252
20,39,167,387,341,228,215,143,313,199,107,213
20,40,281,28,290,16,456,304,231,351,453,29
20,41,384,196,505,346,443,410,389,279,439,100
20,42,235,39,391,490,236,59,211,122,479,495
20,43,380,497,483,42,511,224,346,126,284,477
20,44,73,472,290,252,505,49,90,76,104,407
20,45,429,127,56,149,141,269,456,64,280,455
20,46,221,236,185,138,11,161,405,38,151,68
20,47,76,61,439,89,498,501,165,342,45,178
21,0,398,326,7,103,93,495,254,64,350,105
21,1,169,119,210,381,243,498,352,197,481,263
21,2,317,96,410,504,88,256,45,206,417,28
21,3,78,374,24,200,62,376,96,306,235,268
21,4,430,149,424,412,197,9,323,90,12,295
21,5,293,212,449,234,464,347,382,32,405,491
21,6,37,395,286,357,103,387,267,296,423,95
21,7,2,368,37,401,306,78,314,148,250,41
21,8,370,163,508,88,186,505,325,204,488,161
21,9,511,69,420,410,180,466,211,109,32,63
21,10,251,67,78,308,279,299,280,32,365,390
21,11,86,446,13,311,211,178,409,392,177,33
21,12,372,177,302,356,161,91,136,11,345,51
21,13,119,411,177,35,445,355,311,250,442,302
21,14,441,324,19,374,269,274,268,470,377,56
21,15,487,352,193,245,459,510,293,30,241,495
21,16,260,505,196,31,245,191,201,482,429,344
21,17,259,187,349,67,102,457,272,143,398,105
21,18,252,117,80,408,25,487,506,280,106,154
21,19,308,123,428,362,489,506,55,259,347,384
21,20,349,105,225,369,478,488,213,506,160,137
21,21,440,458,442,370,206,211,345,286,11,243
21,22,503,290,310,269,468,133,230,305,500,201
21,23,493,199,382,313,33,285,228,376,454,215
21,24,163,325,505,370,49,191,11,414,295,161
21,25,141,14,506,63,67,447,511,154,259,49
21,26,308,251,215,280,299,67,78,119,501,279
21,27,471,410,446,211,33,374,86,251,465,141
21,28,177,302,372,345,91,75,161,136,356,7
21,29,177,435,411,445,355,302,222,119,347,420
21,30,374,268,441,19,461,269,160,395,212,294
21,31,491,193,271,487,306,61,13,37,510,459
21,32,201,500,169,108,283,505,424,191,174,299
21,33,325,118,7,371,67,349,266,309,409,102
21,34,117,416,487,156,252,25,159,76,234,506
21,35,308,506,285,356,313,55,89,428,445,489
21,36,213,225,506,297,315,214,369,58,318,436
21,37,370,206,442,345,458,11,311,243,474,146
21,38,503,290,230,269,500,468,133,495,51,305
21,39,83,493,42,313,81,376,401,285,356,107
21,40,290,106,449,281,6,304,495,456,122,165
21,41,433,391,245,125,335,511,475,380,118,2
21,42,310,479,97,257,39,205,22,245,495,45
21,43,64,300,86,346,511,412,149,42,94,181
21,44,173,24,290,294,474,500,270,505,337,288
21,45,119,297,126,210,141,346,132,334,260,455
21,46,244,339,25,104,458,236,248,185,499,38
21,47,463,334,89,33,29,76,125,333,157,424
22,0,251,412,319,168,205,371,109,439,235,475
22,1,440,57,125,88,383,423,475,389,38,446
22,2,89,393,84,511,444,496,211,436,107,37
22,3,293,249,310,408,235,403,237,205,196,335
22,4,465,325,506,488,346,357,252,294,73,222
22,5,68,56,74,236,112,110,468,294,354,63
22,6,259,68,118,185,435,168,237,310,285,292
22,7,316,33,303,302,351,139,489,438,242,276
22,8,11,191,151,356,370,496,189,283,389,148
22,9,14,214,68,506,154,111,141,395,140,429
22,10,424,488,299,10,188,92,48,240,129,280
22,11,234,273,84,422,446,371,163,268,402,456
22,12,246,228,37,220,459,290,288,63,491,287
22,13,347,506,6,265,387,412,128,311,273,329
22,14,231,486,212,461,383,127,14,69,470,90
22,15,491,494,193,375,271,61,306,13,6,199
22,16,169,441,87,429,201,401,299,370,26,240
22,17,422,172,72,467,272,499,365,372,105,70
22,18,503,483,510,127,264,49,282,497,284,385
22,19,342,257,14,47,377,145,63,509,192,349
22,20,507,55,15,228,413,441,457,485,210,78
22,21,242,464,54,474,18,456,340,33,337,287
22,22,470,283,264,86,261,78,43,345,77,281
22,23,260,163,390,146,334,285,425,242,384,493
22,24,11,503,356,35,138,151,389,509,41,205
22,25,48,214,442,111,210,68,353,361,502,161
22,26,424,129,299,488,125,48,348,126,273,92
22,27,17,268,189,250,350,141,273,291,279,84
22,28,220,246,37,96,228,392,390,290,355,94
22,29,506,347,128,387,6,329,412,411,251,195
22,30,383,69,231,161,486,388,14,294,212,90
22,31,375,271,494,365,306,491,199,426,101,18
22,32,23,441,87,140,231,429,133,370,26,278
22,33,72,386,499,372,324,419,484,422,172,70
22,34,503,49,483,264,510,127,475,497,184,212
22,35,377,145,212,174,192,37,26,342,257,349
22,36,55,16,15,485,441,210,457,507,104,228
22,37,100,255,242,54,394,474,464,18,418,379
22,38,470,283,264,41,43,86,345,78,205,77
22,39,260,146,27,334,323,390,493,163,42,356
22,40,172,397,449,178,173,278,471,91,186,138
22,41,391,240,42,385,226,445,491,435,434,433
22,42,365,301,476,217,393,287,151,123,366,271
22,43,86,180,207,133,87,290,474,430,509,25
22,44,276,338,440,277,189,56,51,158,405,263
22,45,303,406,237,282,227,34,48,47,271,433
22,46,25,77,239,171,88,56,133,283,469,372
22,47,254,79,424,142,445,157,187,207,223,293
23,0,315,90,109,333,249,351,395,435,439,148
23,1,97,235,32,88,74,383,128,320,505,349
23,2,89,372,295,84,393,37,59,137,27,357
23,3,310,249,335,293,205,408,235,182,403,237
23,4,465,325,506,488,252,496,28,198,257,222
23,5,468,236,482,98,190,292,446,1,354,71
23,6,164,185,285,144,112,233,13,394,168,505
23,7,288,242,158,191,303,316,499,239,425,489
23,8,11,87,356,175,283,191,370,151,425,439
23,9,68,214,361,111,502,14,501,154,506,132
23,10,424,240,488,48,299,10,203,393,177,126
23,11,234,371,84,273,189,163,422,17,456,268
23,12,459,390,37,253,63,290,491,228,246,288
23,13,387,347,273,385,461,50,91,128,329,265
23,14,14,212,138,117,506,486,69,377,335,460
23,15,193,494,375,61,426,491,199,346,6,288
23,16,441,278,26,58,201,429,23,74,140,191
23,17,365,105,467,72,422,372,499,305,389,61
23,18,264,184,49,471,483,510,127,370,212,496
23,19,342,377,509,257,14,453,174,162,309,192
23,20,210,485,55,15,457,248,442,441,7,296
23,21,100,33,394,418,255,242,54,392,340,474
23,22,81,293,223,30,345,41,264,86,205,261
23,23,260,334,285,323,83,390,450,493,244,242
23,24,11,319,175,87,356,439,425,46,35,389
23,25,442,68,502,361,111,214,346,280,506,132
23,26,424,177,126,488,28,107,48,484,393,243
23,27,250,511,163,189,273,141,165,84,350,17
23,28,390,37,96,9,175,277,392,160,246,220
23,29,387,22,97,50,288,273,426,91,16,423
23,30,14,212,136,80,138,314,233,383,117,506
23,31,375,426,193,68,494,306,61,54,346,6
23,32,140,23,278,429,110,26,441,58,391,201
23,33,305,499,372,12,389,61,419,72,365,386
23,34,264,184,471,49,212,370,42,87,347,376
23,35,377,145,192,509,37,277,342,162,26,349
23,36,55,485,15,16,457,210,243,441,219,104
23,37,255,131,100,394,418,150,302,379,54,44
23,38,293,223,41,81,30,345,264,205,86,287
23,39,260,27,334,390,146,323,356,163,242,285
23,40,172,397,178,138,449,278,173,186,308,309
23,41,240,391,42,385,226,445,491,65,266,434
23,42,151,393,217,87,301,212,476,366,287,322
23,43,86,133,180,207,87,278,290,162,474,300
23,44,56,277,433,276,189,51,209,263,440,338
23,45,303,227,34,406,237,48,280,47,271,479
23,46,388,171,77,25,239,372,56,283,189,133
23,47,451,95,478,424,142,247,85,157,322,508
24,0,226,239,136,490,144,90,215,453,483,302
24,1,152,431,19,400,193,320,149,393,60,383
24,2,114,372,89,322,59,272,475,222,224,84
24,3,310,205,188,235,379,217,335,182,496,113
24,4,252,488,59,153,453,106,325,496,209,501
24,5,98,236,468,190,142,228,446,71,14,292
24,6,144,234,233,164,256,280,112,223,285,379
24,7,242,464,165,142,499,303,288,191,239,287
24,8,458,175,11,439,87,425,283,509,151,46
24,9,68,361,111,502,376,214,142,154,141,14
24,10,355,177,28,203,211,424,240,461,107,488
24,11,185,273,189,163,108,268,120,424,234,84
24,12,175,386,277,459,63,39,288,390,160,389
24,13,93,286,273,387,423,50,506,347,392,6
24,14,117,417,14,169,473,506,409,398,138,340
24,15,494,375,193,289,288,426,271,6,61,199
24,16,231,441,278,142,429,58,391,120,23,243
24,17,272,431,386,504,72,486,365,499,105,311
24,18,376,87,399,264,212,184,496,46,211,370
24,19,509,377,3,342,173,192,162,435,145,155
24,20,485,55,210,248,457,16,104,442,15,441
24,21,418,131,302,394,255,392,25,134,33,100
24,22,457,235,134,18,173,383,425,482,287,341
24,23,450,334,260,494,242,244,285,496,167,127
24,24,458,27,46,319,394,439,509,262,316,87
24,25,502,48,442,280,361,353,58,111,68,222
24,26,28,177,126,277,424,243,93,211,355,454
24,27,189,273,250,511,185,346,62,355,492,165
24,28,386,160,175,39,277,389,94,390,9,447
24,29,93,423,352,387,347,286,273,399,97,361
24,30,169,14,117,212,476,383,417,409,80,473
24,31,375,494,271,426,6,346,193,199,61,289
24,32,23,441,429,140,142,375,231,110,163,58
24,33,419,210,272,386,491,499,305,372,61,488
24,34,87,399,212,376,10,264,496,88,115,302
24,35,377,509,3,257,49,173,155,172,145,309
24,36,210,55,104,485,441,313,300,16,59,4
24,37,302,131,134,418,255,70,44,10,394,118
24,38,457,235,18,173,134,341,287,284,313,425
24,39,167,496,242,331,334,285,450,321,356,83
24,40,449,178,98,445,309,290,127,332,304,173
24,41,391,496,240,228,449,214,310,42,354,491
24,42,242,423,263,53,143,217,348,151,86,215
24,43,172,26,86,278,133,65,333,497,162,185
24,44,174,169,395,462,290,56,209,193,178,285
24,45,303,266,186,231,366,47,382,237,239,419
24,46,80,507,230,25,471,207,283,490,297,194
24,47,79,301,478,206,332,496,247,290,122,445
25,0,261,90,333,169,83,165,88,214,380,249
25,1,70,74,431,206,383,235,32,320,97,19
25,2,372,114,270,59,89,312,84,5,147,393
25,3,310,335,235,293,249,408,205,182,269,237
25,4,465,506,488,496,325,252,106,241,59,309
25,5,468,236,446,190,98,142,1,482,228,263
25,6,223,144,112,233,13,285,97,468,185,256
25,7,303,242,191,288,239,158,26,452,60,438
25,8,370,163,325,175,439,204,11,283,191,488
25,9,511,68,69,109,14,410,111,407,211,180
25,10,280,211,279,299,488,424,203,238,390,322
25,11,311,273,409,211,33,434,178,127,422,385
25,12,356,63,459,288,217,290,139,390,11,80
25,13,411,385,302,387,423,483,250,50,119,330
25,14,441,160,383,470,212,486,56,154,130,274
25,15,193,510,245,459,352,487,119,39,98,508
25,16,201,260,482,391,196,245,299,90,500,23
25,17,259,422,398,306,499,365,91,467,237,381
25,18,419,119,347,179,264,291,128,228,501,407
25,19,362,341,307,446,353,384,457,222,356,308
25,20,105,327,349,214,354,138,488,13,346,160
25,21,288,243,41,70,391,280,33,128,338,211
25,22,6,402,237,372,214,284,458,234,41,397
25,23,382,493,83,323,199,313,33,376,285,215
25,24,325,370,191,295,11,163,161,61,283,63
25,25,269,141,14,471,111,185,506,154,232,442
25,26,279,98,84,280,119,215,238,46,50,23
25,27,33,122,168,232,141,409,374,178,78,258
25,28,356,315,11,473,290,494,350,264,442,174
25,29,483,119,287,302,411,347,26,461,188,457
25,30,147,175,345,274,269,441,19,470,154,160
25,31,487,175,193,352,459,245,119,293,510,212
25,32,500,505,90,201,245,110,196,225,482,344
25,33,224,237,259,359,215,143,71,272,325,442
25,34,407,419,153,179,358,501,440,57,284,438
25,35,193,91,384,308,362,36,106,7,307,142
25,36,327,160,349,310,105,468,488,137,244,437
25,37,280,288,48,457,440,226,81,97,180,501
25,38,6,363,488,458,421,378,508,299,285,134
25,39,294,143,167,341,297,387,394,338,46,199
25,40,16,497,281,456,120,231,352,176,262,402
25,41,410,272,79,87,279,486,23,363,281,328
25,42,268,386,211,319,236,48,462,169,293,23
25,43,266,497,98,224,421,193,284,342,483,409
25,44,49,336,458,352,160,402,74,103,505,389
25,45,226,37,64,136,382,28,252,399,281,324
25,46,357,290,374,388,230,53,507,194,466,350
25,47,478,301,122,55,247,127,344,497,296,451
26,0,232,70,215,220,90,166,453,396,248,128
26,1,431,409,19,320,192,146,214,186,393,232
26,2,114,291,372,89,59,147,123,84,434,306
26,3,310,335,249,235,188,14,217,496,205,379
26,4,153,488,252,325,496,257,307,59,465,453
26,5,98,1,236,71,190,228,142,446,468,167
26,6,144,227,233,329,112,345,234,256,280,379
26,7,224,499,142,239,287,438,303,242,451,165
26,8,11,175,87,370,509,151,283,262,148,191
26,9,214,14,68,111,154,443,395,501,141,361
26,10,211,280,177,488,28,299,400,461,240,325
26,11,234,346,181,273,185,163,268,189,127,355
26,12,168,459,253,160,230,475,39,290,288,63
26,13,347,286,6,423,506,50,93,328,273,352
26,14,486,383,127,461,14,212,231,94,69,160
26,15,491,193,494,13,375,61,487,271,119,365
26,16,169,429,87,201,299,240,441,278,74,26
26,17,272,72,105,422,265,325,61,499,486,404
26,18,87,264,284,399,10,496,212,305,411,376
26,19,257,342,509,480,309,3,454,377,275,9
26,20,210,30,441,55,15,453,485,130,114,121
26,21,302,134,418,131,25,255,36,506,392,379
26,22,284,235,134,312,457,490,462,341,322,411
26,23,83,285,469,42,97,334,511,461,260,242
26,24,496,113,11,14,46,447,439,509,175,425
26,25,79,90,20,442,48,122,473,214,111,443
26,26,188,211,277,299,280,424,28,263,243,177
26,27,498,355,141,189,20,258,268,17,408,279
26,28,94,505,386,169,283,230,290,433,160,175
26,29,347,6,423,506,461,37,33,286,251,504
26,30,94,231,161,281,14,383,377,95,294,102
26,31,13,491,365,375,494,18,396,383,61,19
26,32,169,87,429,201,181,23,312,92,391,376
26,33,508,265,272,387,325,499,93,488,378,72
26,34,376,423,10,411,87,302,212,88,399,104
26,35,257,172,3,480,395,342,509,86,446,362
26,36,210,441,55,59,30,131,313,104,121,410
26,37,302,134,131,96,169,10,418,29,27,254
26,38,235,284,490,312,457,12,341,134,83,97
26,39,167,496,83,97,469,331,285,505,321,242
26,40,449,98,309,290,304,428,280,448,200,127
26,41,228,391,214,354,496,310,148,19,511,443
26,42,423,242,143,142,263,86,348,506,53,215
26,43,172,26,333,456,124,278,497,346,502,185
26,44,395,174,169,282,290,193,480,505,324,322
26,45,366,266,231,484,239,382,186,184,223,419
26,46,80,471,207,280,383,507,477,490,177,5
26,47,301,478,4,206,433,79,496,332,504,284
27,0,70,419,446,451,220,107,145,494,414,415
27,1,431,409,320,19,393,214,443,259,232,400
27,2,114,59,69,84,393,372,370,338,394,179
27,3,310,392,217,235,379,205,335,14,237,78
27,4,153,488,432,252,453,257,424,68,307,59
27,5,280,449,224,191,202,1,98,236,142,484
27,6,144,306,227,286,223,395,33,210,112,295
27,7,142,224,438,303,451,84,319,368,239,498
27,8,370,175,11,262,148,113,439,191,14,509
27,9,90,14,141,154,506,511,68,55,473,259
27,10,506,280,488,188,202,107,299,160,461,109
27,11,273,163,408,78,185,234,268,20,189,231
27,12,386,356,168,39,288,433,459,446,48,2
27,13,286,387,347,273,302,423,6,93,50,265
27,14,14,212,441,377,486,470,231,506,95,80
27,15,193,494,491,6,61,510,119,13,199,375
27,16,429,201,240,87,191,26,169,74,58,28
27,17,105,325,422,328,486,195,365,331,499,285
27,18,119,87,238,496,325,264,484,284,88,308
27,19,309,9,342,222,257,260,362,509,480,307
27,20,210,214,137,105,327,453,76,30,7,58
27,21,254,134,418,131,36,302,453,128,501,478
27,22,235,12,402,490,134,425,54,284,496,501
27,23,42,496,83,285,107,167,242,505,414,376
27,24,370,65,439,11,46,488,498,175,99,325
27,25,90,20,55,79,141,473,154,209,183,511
27,26,506,119,107,280,488,366,299,243,109,206
27,27,511,20,23,141,137,215,211,273,253,406
27,28,386,433,94,356,39,185,277,66,63,389
27,29,504,154,16,387,347,302,273,290,184,224
27,30,377,14,231,95,212,274,32,408,441,281
27,31,494,199,375,193,491,6,388,18,280,463
27,32,429,92,191,62,400,169,228,28,201,23
27,33,469,419,387,105,499,325,160,328,389,136
27,34,119,87,419,376,496,238,411,325,228,347
27,35,342,260,222,309,257,9,455,3,446,173
27,36,210,173,55,441,104,485,318,131,409,18
27,37,302,134,131,254,10,70,96,418,169,27
27,38,235,12,490,83,341,340,256,319,425,284
27,39,167,496,42,505,83,469,285,242,260,97
27,40,449,98,290,448,503,304,402,102,280,309
27,41,391,148,214,65,19,310,335,443,508,354
27,42,242,423,143,142,211,86,348,263,372,298
27,43,333,278,172,505,497,65,358,456,49,26
27,44,193,282,285,169,174,480,505,322,178,324
27,45,266,366,231,239,419,382,302,303,484,424
27,46,471,80,207,5,383,507,477,486,230,194
27,47,4,301,217,119,324,206,478,496,90,75
28,0,103,145,451,322,95,99,42,38,232,33
28,1,417,409,431,214,358,30,101,355,388,372
28,2,394,22,42,273,388,45,69,419,170,96
28,3,78,24,235,62,310,379,496,392,280,262
28,4,458,65,432,424,488,299,295,272,308,412
28,5,90,364,165,124,126,109,186,328,429,202
28,6,95,127,461,304,428,286,279,387,457,499
28,7,296,244,41,142,355,411,304,368,367,369
28,8,496,70,14,164,113,11,105,155,66,498
28,9,79,377,404,133,410,301,511,418,246,239
28,10,509,188,49,160,92,299,123,488,389,214
28,11,78,408,352,446,103,268,189,370,406,63
28,12,48,386,215,503,286,110,18,165,120,440
28,13,506,33,6,347,309,93,328,504,286,333
28,14,94,280,231,425,409,461,385,377,470,196
28,15,494,365,491,13,193,32,383,64,199,408
28,16,171,169,87,370,236,168,376,240,92,312
28,17,378,214,272,486,285,346,504,195,177,382
28,18,411,33,88,509,200,157,131,111,173,221
28,19,257,9,309,275,342,509,464,480,56,143
28,20,210,59,121,195,173,409,145,396,30,217
28,21,451,27,372,64,506,134,280,254,85,169
28,22,106,188,241,425,13,306,187,124,182,493
28,23,496,167,97,495,45,284,83,469,477,285
28,24,232,46,70,446,105,313,218,90,164,88
28,25,79,133,404,276,418,77,377,26,449,20
28,26,509,278,450,243,455,28,123,319,506,160
28,27,62,399,98,20,484,355,492,185,253,341
28,28,386,433,503,110,39,3,356,48,215,120
28,29,504,93,16,273,4,387,190,97,24,33
28,30,377,409,231,95,212,14,234,506,137,414
28,31,494,199,244,375,192,314,79,193,315,501
28,32,429,191,236,92,28,168,309,344,23,135
28,33,188,486,317,471,387,71,499,345,105,128
28,34,509,33,88,87,157,200,111,131,496,221
28,35,309,49,464,222,173,81,509,3,143,377
28,36,173,409,96,318,416,145,140,121,195,244
28,37,451,29,134,96,302,372,118,27,360,312
28,38,106,241,188,187,235,13,124,425,504,96
28,39,496,167,469,83,45,42,356,505,19,97
28,40,449,98,290,448,127,332,280,503,77,200
28,41,489,214,378,511,296,148,142,485,178,310
28,42,86,357,298,423,354,279,211,263,142,391
28,43,505,333,300,479,497,65,49,117,278,478
28,44,186,282,193,480,39,285,501,177,123,472
28,45,419,316,179,269,382,266,136,302,455,222
28,46,426,227,384,167,393,86,80,38,443,68
28,47,176,235,246,206,77,301,75,309,418,217
29,0,451,446,481,254,163,53,349,302,414,471
29,1,263,124,241,413,305,390,324,78,358,504
29,2,145,33,213,445,256,45,267,505,22,92
29,3,24,78,433,310,96,379,62,235,482,70
29,4,432,65,293,424,488,116,90,334,64,105
29,5,36,380,165,126,191,240,429,21,102,452
29,6,304,184,472,457,55,286,464,136,115,95
29,7,296,355,142,116,244,411,188,406,306,369
29,8,496,70,113,14,105,155,11,65,164,199
29,9,79,133,126,274,20,418,301,90,404,377
29,10,509,160,206,188,49,143,278,488,450,374
29,11,78,408,352,370,62,103,273,399,389,279
29,12,386,141,23,503,215,408,110,185,24,48
29,13,504,485,286,33,506,309,214,273,156,187
29,14,84,95,281,117,246,1,409,377,231,408
29,15,494,193,491,365,199,383,61,6,289,13
29,16,171,168,370,169,236,240,87,127,346,144
29,17,403,486,346,378,285,504,177,62,214,0
29,18,33,157,200,509,173,221,496,484,411,299
29,19,309,464,9,257,222,342,509,143,56,159
29,20,217,145,173,195,121,210,49,59,55,396
29,21,360,64,85,27,451,372,506,134,254,81
29,22,241,148,136,187,487,503,13,302,106,425
29,23,496,97,495,167,83,285,469,45,464,256
29,24,70,105,46,496,65,82,90,313,232,164
29,25,79,404,20,133,418,160,377,276,301,90
29,26,509,160,206,450,123,121,243,278,263,293
29,27,352,408,62,399,341,97,20,78,279,163
29,28,386,215,503,110,141,408,1,185,23,3
29,29,33,198,506,504,190,443,224,214,156,4
29,30,1,377,281,95,409,150,414,200,94,84
29,31,494,64,365,383,13,491,501,244,402,297
29,32,171,169,429,236,135,87,92,312,168,240
29,33,346,177,38,508,504,486,387,406,188,382
29,34,200,33,411,509,221,157,88,496,173,376
29,35,309,464,310,509,257,260,172,222,275,9
29,36,121,145,178,217,302,396,24,173,49,4
29,37,96,134,360,85,422,302,27,118,332,29
29,38,235,241,187,90,452,203,18,340,140,425
29,39,496,167,464,45,97,469,274,42,19,477
29,40,449,98,448,200,428,332,176,304,402,309
29,41,178,157,296,489,443,403,511,247,219,23
29,42,506,174,90,388,165,14,466,294,315,496
29,43,44,472,479,49,331,278,502,182,224,131
29,44,282,177,193,186,442,331,358,451,441,480
29,45,226,349,173,37,237,412,220,269,186,266
29,46,80,219,257,503,383,87,346,426,167,207
29,47,206,310,50,235,301,246,73,75,309,478
30,0,206,450,110,498,182,1,166,231,383,144
30,1,453,142,486,409,220,382,129,431,468,389
30,2,291,259,214,22,59,396,33,84,114,123
30,3,310,217,496,51,379,14,32,335,433,235
30,4,153,432,488,453,252,325,125,19,496,65
30,5,12,98,236,4,142,224,380,484,302,167
30,6,398,59,295,227,209,304,464,144,67,496
30,7,142,9,296,60,392,355,227,499,12,224
30,8,113,70,496,105,14,509,350,262,133,46
30,9,79,377,404,133,443,111,144,142,20,68
30,10,188,49,263,160,509,488,424,206,28,177
30,11,408,189,78,103,62,121,20,197,352,406
30,12,386,503,160,288,39,97,23,188,215,356
30,13,506,286,33,6,347,311,333,186,309,328
30,14,94,461,231,486,281,212,196,476,102,127
30,15,491,494,193,13,365,199,375,6,289,61
30,16,169,429,401,26,240,87,201,370,376,275
30,17,378,272,285,93,422,486,504,325,500,105
30,18,87,411,496,376,285,88,200,212,264,405
30,19,509,342,257,454,145,480,377,172,275,166
30,20,210,121,30,15,49,55,442,485,248,477
30,21,134,96,302,118,131,418,392,422,255,25
30,22,235,134,18,420,493,388,312,470,257,341
30,23,495,450,260,334,461,285,331,356,290,372
30,24,46,113,496,105,509,70,11,447,319,439
30,25,26,79,140,84,122,144,353,404,442,111
30,26,188,277,243,28,263,506,475,299,488,40
30,27,355,20,408,498,258,189,253,163,268,17
30,28,386,169,94,433,505,283,500,412,175,418
30,29,33,347,6,286,37,506,357,193,461,504
30,30,94,281,231,196,145,161,212,426,150,486
30,31,13,491,365,64,375,18,494,19,396,383
30,32,169,87,429,312,171,201,391,92,376,108
30,33,508,387,325,93,504,346,265,404,272,319
30,34,376,411,88,87,302,423,200,297,325,277
30,35,509,310,257,480,172,372,275,342,173,435
30,36,121,265,145,178,24,4,88,76,217,410
30,37,96,134,302,10,85,131,118,243,422,441
30,38,235,457,359,173,203,312,134,18,140,341
30,39,331,19,167,27,138,274,496,334,242,23
30,40,127,4,449,511,309,112,393,138,403,229
30,41,403,491,391,496,231,361,219,187,440,178
30,42,165,53,466,507,506,14,509,8,231,315
30,43,86,44,133,300,472,331,49,502,278,430
30,44,395,282,433,442,169,186,209,393,331,451
30,45,186,220,237,349,266,412,484,168,303,231
30,46,80,219,383,25,88,346,139,56,85,67
30,47,301,79,398,445,242,310,504,496,206,482
31,0,333,169,194,83,261,90,165,88,109,214
31,1,70,206,466,74,349,431,382,97,453,178
31,2,114,270,312,130,372,59,239,259,179,426
31,3,310,335,235,14,205,78,249,408,188,379
31,4,496,325,465,488,252,506,35,59,106,257
31,5,468,236,1,98,446,436,190,4,142,100
31,6,144,485,223,112,67,54,468,285,256,464
31,7,303,142,288,242,60,499,452,438,202,144
31,8,113,370,191,11,14,496,189,295,65,148
31,9,14,506,90,141,68,154,511,209,79,20
31,10,280,299,109,188,488,314,153,92,202,298
31,11,273,150,446,231,59,402,409,163,178,255
31,12,356,80,139,90,273,217,386,433,475,290
31,13,154,302,387,411,330,290,16,423,334,50
31,14,441,269,377,95,470,439,338,212,274,231
31,15,193,487,119,510,352,459,98,13,396,491
31,16,260,482,181,245,505,409,391,201,196,32
31,17,331,398,237,259,325,470,284,394,365,50
31,18,119,419,357,228,484,128,179,358,501,407
31,19,362,222,9,457,257,384,446,341,480,307
31,20,230,105,453,123,202,349,327,114,286,490
31,21,140,324,288,457,440,243,80,373,445,390
31,22,6,458,237,363,214,272,267,399,36,257
31,23,83,353,313,107,103,285,167,387,199,299
31,24,370,163,488,204,457,269,280,295,355,367
31,25,183,55,416,109,473,164,407,420,291,90
31,26,109,366,32,419,280,381,279,299,311,421
31,27,215,126,409,256,310,231,434,163,137,293
31,28,436,302,94,356,80,433,505,185,264,101
31,29,334,2,411,435,461,449,179,184,302,16
31,30,441,95,269,499,439,377,102,274,14,428
31,31,396,13,487,119,193,491,98,392,506,30
31,32,181,260,391,245,409,201,505,429,500,169
31,33,331,237,132,14,410,469,325,338,87,125
31,34,419,407,119,179,256,443,467,99,401,153
31,35,362,222,436,454,246,257,372,309,480,341
31,36,327,286,123,453,202,456,289,230,114,105
31,37,140,324,288,237,402,373,152,494,440,137
31,38,6,257,147,234,94,496,263,363,330,458
31,39,294,297,302,228,406,115,77,318,510,299
31,40,304,290,141,262,122,449,103,439,106,201
31,41,335,256,50,310,501,334,214,217,37,191
31,42,361,86,131,483,218,386,152,154,26,162
31,43,346,333,331,24,47,175,189,423,459,67
31,44,350,76,213,184,505,402,333,331,290,365
31,45,481,168,220,223,356,507,240,317,153,489
31,46,357,346,290,374,438,85,67,232,33,230
31,47,301,122,478,242,206,55,138,399,95,496
32,0,232,70,215,220,90,453,396,456,166,128
32,1,409,192,19,453,431,146,214,259,232,484
32,2,76,445,114,417,317,410,117,351,96,55
32,3,376,69,340,78,103,24,200,306,374,151
32,4,9,323,12,424,197,295,266,412,214,409
32,5,212,464,347,232,293,449,419,234,382,28
32,6,37,103,95,286,298,325,178,249,139,473
32,7,78,401,306,37,448,2,368,297,55,225
32,8,199,508,355,112,186,92,216,305,88,50
32,9,263,211,499,274,373,44,169,267,266,408
32,10,217,143,374,234,365,307,44,293,427,369
32,11,220,392,311,33,383,87,105,176,377,13
32,12,11,216,151,46,356,189,51,241,161,320
32,13,435,485,92,40,45,167,334,197,401,187
32,14,391,191,115,85,171,387,1,300,190,197
32,15,187,275,65,15,245,85,135,308,380,503
32,16,153,123,43,501,195,226,249,183,22,175
32,17,463,357,215,459,116,90,382,54,238,111
32,18,419,167,467,147,502,418,153,280,135,360
32,19,238,412,362,401,307,190,122,141,221,397
32,20,373,236,204,220,311,490,504,28,97,101
32,21,288,237,168,330,402,106,438,185,152,132
32,22,6,380,484,363,372,356,310,378,502,237
32,23,341,58,143,490,387,245,188,167,452,123
32,24,92,34,199,225,440,253,112,281,431,216
32,25,408,137,333,228,499,163,414,309,268,373
32,26,143,234,307,239,89,381,59,374,217,197
32,27,392,220,176,311,383,420,304,105,193,79
32,28,216,46,494,233,341,139,151,152,189,320
32,29,449,334,179,435,321,197,253,16,154,187
32,30,391,300,171,1,387,115,341,191,190,56
32,31,187,65,275,15,503,247,481,412,245,420
32,32,153,123,501,226,43,195,22,18,294,249
32,33,215,463,90,98,459,357,284,58,218,303
32,34,407,419,280,179,209,501,52,418,334,111
32,35,147,222,7,431,309,151,307,362,45,113
32,36,65,327,349,470,250,94,192,34,384,202
32,37,288,166,226,440,471,211,448,176,48,324
32,38,6,372,380,234,421,480,502,312,197,378
32,39,294,228,297,328,212,392,104,14,157,115
32,40,130,499,48,16,66,506,123,352,185,280
32,41,91,328,37,350,54,462,363,419,19,83
32,42,390,386,422,268,48,420,64,127,426,122
32,43,373,243,188,266,406,425,193,293,224,497
32,44,350,30,76,213,369,217,79,68,33,301
32,45,481,509,168,220,280,64,60,498,176,356
32,46,357,290,374,80,383,280,346,232,230,67
32,47,301,399,55,332,478,122,156,398,242,433
33,0,70,91,419,232,107,302,106,451,448,411
33,1,409,443,431,232,259,453,393,484,120,214
33,2,123,179,114,130,59,259,69,22,12,393
33,3,494,310,217,24,78,394,70,51,220,235
33,4,153,453,488,252,432,19,65,325,257,207
33,5,484,224,12,302,419,506,446,380,228,460
33,6,295,227,330,60,306,395,67,198,146,374
33,7,12,224,272,319,9,451,142,464,392,498
33,8,133,262,458,105,294,46,96,313,439,213
33,9,484,84,144,142,449,109,376,360,240,133
33,10,474,506,468,107,49,509,208,28,319,263
33,11,62,120,273,185,434,492,163,311,20,316
33,12,386,188,283,39,356,277,511,97,503,2
33,13,16,387,22,290,504,184,154,24,273,97
33,14,441,95,14,377,269,212,80,506,117,439
33,15,193,494,487,491,13,119,61,30,343,426
33,16,429,201,260,409,191,140,401,181,28,391
33,17,325,259,398,365,331,328,105,78,494,486
33,18,119,419,347,179,407,484,228,358,153,26
33,19,362,257,9,384,480,222,341,308,446,309
33,20,105,137,453,349,114,214,327,267,210,230
33,21,288,324,243,501,457,338,41,391,440,280
33,22,235,312,402,6,134,54,173,341,490,90
33,23,285,83,313,297,294,299,356,97,493,107
33,24,163,370,325,367,63,11,191,488,14,204
33,25,90,141,289,511,209,20,55,14,63,83
33,26,280,279,238,299,121,109,311,473,381,419
33,27,331,409,410,434,231,78,181,509,13,465
33,28,11,91,325,356,94,185,24,372,32,48
33,29,411,449,302,287,401,461,26,442,506,347
33,30,441,150,420,160,274,105,276,269,294,377
33,31,487,491,13,391,119,463,64,193,185,212
33,32,169,344,409,429,260,282,201,245,191,397
33,33,224,442,187,325,71,272,105,469,340,259
33,34,419,325,239,376,87,284,411,179,119,501
33,35,509,173,362,342,377,275,257,372,480,192
33,36,121,217,88,265,178,145,173,210,497,18
33,37,96,134,302,131,10,70,85,29,25,118
33,38,235,90,256,12,341,83,173,203,490,36
33,39,167,496,464,21,331,19,284,477,272,372
33,40,449,98,127,428,332,4,470,304,113,309
33,41,178,296,247,443,403,496,511,219,65,391
33,42,506,174,14,294,86,90,165,408,462,298
33,43,44,472,331,479,182,502,49,224,278,337
33,44,331,282,177,442,358,193,459,214,324,59
33,45,239,226,231,173,349,37,266,412,220,484
33,46,219,503,80,383,207,471,52,5,384,490
33,47,4,301,310,496,206,246,217,504,350,324
34,0,308,67,95,322,53,145,49,451,328,139
34,1,259,21,409,64,78,443,431,390,44,1
34,2,337,39,431,173,92,145,74,76,179,41
34,3,433,62,273,24,233,494,70,200,51,151
34,4,293,65,432,424,116,64,19,90,50,334
34,5,380,506,240,429,165,222,419,502,466,252
34,6,60,464,295,184,0,306,395,77,286,251
34,7,12,355,392,338,142,505,493,411,47,408
34,8,133,258,208,443,105,294,164,113,262,4
34,9,79,133,20,377,449,484,284,434,88,331
34,10,474,263,298,468,461,235,483,49,160,179
34,11,20,62,73,2,121,14,352,295,389,113
34,12,188,511,386,76,503,1,185,190,39,440
34,13,149,33,333,212,32,504,309,82,4,286
34,14,145,281,204,476,384,150,489,273,409,408
34,15,494,383,64,365,13,343,163,199,204,491
34,16,169,428,171,236,222,87,168,240,312,309
34,17,38,486,426,403,315,346,504,455,382,282
34,18,258,46,88,172,139,496,261,325,484,87
34,19,309,509,15,260,342,480,9,275,369,257
34,20,121,217,49,396,145,178,137,302,114,255
34,21,499,85,118,248,501,472,477,372,84,332
34,22,204,140,148,265,83,493,90,348,187,235
34,23,496,167,464,495,469,45,334,97,21,103
34,24,133,258,443,262,390,105,46,439,167,44
34,25,79,331,88,133,284,449,20,26,484,144
34,26,474,263,235,292,491,504,298,243,49,461
34,27,20,62,14,163,2,253,221,121,114,98
34,28,188,396,39,503,3,433,94,386,511,23
34,29,504,33,32,149,286,309,333,4,226,212
34,30,281,145,377,150,234,499,444,476,95,489
34,31,64,383,13,365,494,491,199,18,212,463
34,32,169,429,92,397,312,191,267,428,87,376
34,33,315,107,165,347,404,504,38,426,325,71
34,34,258,139,88,172,46,302,496,411,87,261
34,35,15,275,172,509,480,260,369,372,342,166
34,36,121,217,114,137,24,49,240,302,63,267
34,37,118,85,501,248,499,422,134,27,29,131
34,38,140,235,83,204,190,90,493,12,438,173
34,39,469,167,496,83,97,495,505,356,138,320
34,40,309,449,398,290,4,127,448,332,98,87
34,41,449,496,491,511,391,294,443,354,296,89
34,42,19,298,388,357,14,248,276,151,86,231
34,43,133,86,417,499,26,146,333,300,337,502
34,44,248,338,214,174,433,387,315,266,87,81
34,45,237,47,152,186,227,266,165,115,235,241
34,46,31,80,383,87,48,507,293,230,56,346
34,47,206,301,50,79,122,496,120,395,246,378
35,0,206,450,110,498,231,1,166,241,182,484
35,1,259,453,431,19,142,409,484,468,470,393
35,2,291,59,179,71,259,396,123,372,114,84
35,3,310,235,217,335,62,188,496,124,379,24
35,4,153,125,453,488,325,257,252,342,432,222
35,5,302,167,98,224,484,460,236,142,380,354
35,6,60,464,392,231,114,77,330,306,395,295
35,7,355,142,202,239,350,263,493,9,303,12
35,8,113,496,105,14,262,191,11,367,70,46
35,9,79,90,20,14,449,133,506,443,142,209
35,10,188,298,263,109,202,299,160,461,314,280
35,11,20,258,331,498,163,231,62,446,273,148
35,12,97,168,265,234,325,386,185,446,356,261
35,13,149,286,37,33,6,82,126,506,233,423
35,14,499,441,231,489,145,273,102,281,196,247
35,15,193,491,13,487,510,119,494,287,61,105
35,16,429,169,201,243,424,74,299,500,181,487
35,17,325,265,71,105,426,272,285,404,442,410
35,18,419,358,261,325,119,411,468,179,137,87
35,19,480,308,498,257,275,341,362,454,9,457
35,20,137,114,453,105,121,508,327,255,39,349
35,21,501,288,243,280,118,128,324,445,202,36
35,22,402,6,235,12,501,36,134,232,271,203
35,23,83,285,97,73,493,469,107,167,199,376
35,24,370,367,163,488,325,295,14,11,63,105
35,25,141,209,90,20,79,511,331,473,14,154
35,26,280,279,109,473,238,153,381,299,215,119
35,27,331,409,78,465,168,231,434,20,141,181
35,28,356,185,325,94,80,48,264,315,290,24
35,29,449,334,347,411,461,45,442,154,302,26
35,30,150,274,441,377,385,499,294,281,276,329
35,31,491,487,13,463,193,510,119,212,61,365
35,32,409,344,169,429,191,201,500,92,181,397
35,33,325,71,426,224,442,304,398,159,105,8
35,34,419,325,407,119,358,153,179,468,411,501
35,35,457,275,193,480,308,91,362,446,353,372
35,36,105,137,114,327,267,160,453,349,502,210
35,37,280,501,324,457,288,506,507,194,128,118
35,38,6,420,402,285,271,470,272,233,418,234
35,39,294,228,297,318,302,42,212,32,221,406
35,40,497,290,398,281,304,459,141,262,16,449
35,41,91,363,213,511,170,355,19,462,279,217
35,42,142,211,298,319,290,210,415,378,450,293
35,43,98,417,346,358,124,497,24,462,243,421
35,44,214,290,322,285,505,402,324,336,190,387
35,45,382,226,223,136,146,235,37,239,186,47
35,46,48,25,207,432,507,129,458,88,484,346
35,47,445,79,254,395,151,343,246,289,378,207
36,0,333,88,261,169,194,90,83,227,165,214
36,1,70,453,206,178,306,19,484,259,466,349
36,2,179,114,130,372,242,312,270,12,59,259
36,3,376,78,69,374,24,200,340,103,310,306
36,4,9,424,12,197,295,412,323,458,430,422
36,5,212,464,234,232,449,419,293,382,28,422
36,6,37,395,286,223,95,139,125,114,290,298
36,7,179,344,368,355,29,359,37,303,286,62
36,8,163,290,370,508,488,204,55,36,507,305
36,9,211,69,511,410,267,260,44,263,127,288
36,10,293,374,217,298,64,290,453,303,44,212
36,11,220,352,311,14,452,139,375,233,168,13
36,12,80,11,151,489,356,315,241,511,347,139
36,13,483,17,401,127,45,384,460,203,330,290
36,14,46,320,93,115,404,85,239,68,414,391
36,15,65,228,31,64,76,30,245,81,241,98
36,16,127,153,123,470,398,294,222,261,17,90
36,17,303,0,346,193,401,282,406,190,329,222
36,18,419,309,438,407,167,467,147,502,153,209
36,19,253,238,412,19,24,409,21,124,464,142
36,20,437,373,272,327,469,310,195,93,8,412
36,21,288,438,32,243,113,48,237,2,185,162
36,22,6,378,372,492,363,234,110,244,87,325
36,23,143,341,387,167,394,506,212,482,123,371
36,24,427,186,290,258,4,251,86,443,331,112
36,25,242,460,211,263,420,262,317,511,466,359
36,26,317,50,44,293,234,483,381,453,217,374
36,27,220,233,131,168,452,312,139,153,193,392
36,28,11,494,249,372,151,139,356,2,51,264
36,29,483,384,17,349,467,7,365,203,401,411
36,30,46,56,320,115,93,414,153,333,6,300
36,31,31,30,143,245,192,65,81,228,281,76
36,32,127,153,171,309,123,482,294,398,204,323
36,33,303,284,0,121,401,16,193,215,463,403
36,34,407,419,418,280,51,216,440,179,501,484
36,35,253,142,238,223,151,222,309,24,221,40
36,36,327,437,272,8,93,349,430,469,468,488
36,37,288,226,48,168,336,326,298,166,387,152
36,38,6,197,272,134,141,107,234,271,50,508
36,39,294,297,228,318,302,77,46,510,212,392
36,40,16,231,176,456,281,29,247,72,352,74
36,41,415,486,272,29,368,439,37,177,61,485
36,42,19,294,142,73,298,450,211,86,248,140
36,43,417,300,220,421,224,340,254,406,346,497
36,44,174,214,248,396,169,290,387,193,480,177
36,45,47,382,237,235,146,484,227,186,302,171
36,46,388,48,507,490,207,129,31,458,177,503
36,47,272,451,395,324,246,119,128,478,334,414
37,0,453,372,220,215,371,205,90,396,389,335
37,1,431,186,393,486,320,10,89,19,446,44
37,2,68,151,103,179,502,150,331,394,137,22
37,3,243,30,62,235,24,310,379,14,217,78
37,4,432,334,293,65,19,424,342,392,90,257
37,5,98,452,380,42,492,222,240,506,429,111
37,6,464,392,77,184,114,144,329,286,457,239
37,7,355,22,142,277,47,159,404,304,344,351
37,8,105,367,14,113,446,370,65,295,350,220
37,9,79,90,133,20,473,209,141,434,144,285
37,10,109,298,235,133,121,315,263,49,310,160
37,11,389,20,125,331,150,137,123,62,403,253
37,12,325,185,62,204,386,487,2,442,172,503
37,13,333,33,4,506,286,357,59,309,161,331
37,14,150,281,377,231,455,14,420,441,234,499
37,15,491,494,365,13,193,199,61,383,32,64
37,16,169,87,376,401,429,26,181,312,272,240
37,17,486,504,403,404,441,325,106,426,231,105
37,18,397,411,456,22,28,496,325,87,299,360
37,19,509,342,480,275,257,309,9,429,159,454
37,20,121,217,49,255,256,114,24,210,396,429
37,21,118,290,85,501,422,27,72,84,248,96
37,22,438,275,190,493,4,298,232,32,388,18
37,23,464,495,285,334,97,469,167,496,200,494
37,24,375,105,133,219,46,443,258,439,158,446
37,25,331,79,20,133,434,26,285,377,209,511
37,26,235,474,49,315,347,475,264,182,298,243
37,27,20,253,389,62,137,98,35,2,382,403
37,28,62,204,386,77,325,185,3,433,94,503
37,29,33,333,226,504,83,161,4,357,32,309
37,30,281,150,94,426,377,237,196,151,455,473
37,31,64,365,13,491,383,199,418,408,91,328
37,32,169,419,171,312,376,87,446,92,490,397
37,33,404,441,319,93,508,325,504,346,345,88
37,34,397,456,22,411,28,380,423,275,218,302
37,35,480,257,275,310,126,484,159,342,509,429
37,36,121,225,114,442,217,492,240,131,144,88
37,37,422,243,501,290,85,118,72,157,70,10
37,38,493,438,134,190,275,232,194,446,197,359
37,39,138,446,470,115,495,19,27,274,80,312
37,40,127,4,112,185,86,34,49,251,109,339
37,41,331,491,404,496,219,351,482,77,447,383
37,42,294,165,296,73,388,102,14,425,8,466
37,43,133,300,502,48,86,125,396,14,493,85
37,44,248,315,338,141,325,150,207,138,307,434
37,45,270,262,237,168,452,9,220,317,229,40
37,46,31,88,25,230,346,56,232,281,192,48
37,47,254,445,398,242,378,79,100,442,345,294
38,0,261,333,88,83,169,28,90,165,380,109
38,1,70,206,10,466,486,74,178,97,431,453
38,2,68,312,270,259,331,179,114,103,130,137
38,3,310,30,235,243,188,217,205,335,113,379
38,4,496,233,325,465,35,27,257,432,252,241
38,5,98,1,236,468,46,100,250,174,446,154
38,6,464,150,144,468,398,79,67,77,184,392
38,7,60,288,10,242,372,303,140,399,199,47
38,8,105,113,350,175,14,496,46,262,213,206
38,9,68,361,506,443,111,214,141,142,14,79
38,10,280,107,188,424,299,488,263,506,298,211
38,11,273,492,511,250,84,185,141,234,163,268
38,12,356,63,37,390,228,288,277,433,459,160
38,13,387,302,273,22,385,50,286,265,91,250
38,14,212,14,441,138,80,486,506,117,377,470
38,15,193,494,375,6,346,61,426,491,22,199
38,16,201,140,74,26,58,429,441,278,23,191
38,17,365,389,12,467,422,499,305,372,105,50
38,18,264,347,184,119,49,26,496,471,211,376
38,19,453,342,377,14,257,509,222,9,162,309
38,20,210,485,55,127,15,7,313,248,457,442
38,21,255,33,379,418,100,5,131,150,324,392
38,22,41,345,261,293,223,205,81,30,57,60
38,23,285,323,42,83,260,493,325,496,107,334
38,24,319,370,11,439,425,175,325,191,13,87
38,25,442,68,14,142,111,361,346,209,141,214
38,26,107,71,488,243,48,119,471,240,213,126
38,27,511,163,49,165,84,48,273,250,185,422
38,28,390,37,96,277,433,113,228,63,459,220
38,29,387,288,22,184,97,16,50,221,385,273
38,30,14,136,80,138,212,506,233,154,314,32
38,31,375,193,426,22,54,68,346,119,306,494
38,32,140,23,278,201,74,429,255,500,441,91
38,33,12,389,365,305,50,499,372,419,84,422
38,34,347,119,26,184,264,357,350,471,49,87
38,35,222,162,453,426,509,342,349,377,96,192
38,36,243,16,300,485,248,442,55,45,210,20
38,37,46,255,150,44,379,453,33,9,10,100
38,38,205,41,30,86,261,345,57,81,287,264
38,39,323,334,260,27,389,356,450,244,332,325
38,40,138,309,173,278,178,172,354,449,397,508
38,41,391,65,240,354,213,385,198,445,304,491
38,42,140,272,366,322,432,301,212,393,509,151
38,43,388,278,162,86,49,185,337,45,413,300
38,44,350,105,87,433,207,399,119,460,394,395
38,45,237,51,47,303,63,220,218,328,168,186
38,46,388,88,230,297,31,85,346,365,60,271
38,47,122,143,138,273,478,95,498,242,100,345
39,0,506,396,45,453,215,509,220,90,423,465
39,1,146,345,166,232,464,431,155,486,10,51
39,2,114,68,288,322,291,259,103,12,5,434
39,3,188,32,14,243,217,30,310,210,149,375
39,4,153,206,202,453,19,501,169,432,252,209
39,5,236,98,42,446,137,314,26,292,302,154
39,6,464,150,482,144,379,223,209,394,485,260
39,7,161,372,382,445,13,52,60,452,159,242
39,8,105,46,350,175,295,319,206,219,439,262
39,9,124,461,224,192,223,147,182,86,14,466
39,10,32,280,366,100,27,107,303,249,298,217
39,11,33,178,220,392,311,231,438,215,409,13
39,12,80,11,315,151,356,241,46,273,448,238
39,13,483,45,460,17,40,2,411,330,100,370
39,14,115,56,404,320,191,85,387,441,324,46
39,15,98,245,275,352,162,39,65,187,380,30
39,16,171,260,153,348,378,294,482,123,322,345
39,17,284,361,485,463,459,394,215,223,222,245
39,18,419,309,467,153,147,484,179,501,228,135
39,19,19,130,412,141,362,307,222,248,50,188
39,20,311,490,28,327,101,34,51,204,176,133
39,21,288,152,243,283,233,438,162,433,457,251
39,22,6,235,372,458,312,492,378,450,234,237
39,23,394,387,284,222,341,393,247,147,245,251
39,24,186,199,216,431,90,50,370,489,331,86
39,25,211,263,420,410,499,160,69,44,267,195
39,26,234,217,237,50,89,381,197,374,279,290
39,27,220,383,392,105,34,295,33,16,153,2
39,28,11,440,46,372,45,161,189,356,347,216
39,29,483,45,362,89,349,416,197,187,203,449
39,30,115,404,85,146,24,104,320,345,405,324
39,31,245,65,352,98,162,275,15,297,380,397
39,32,294,171,260,123,348,153,482,378,175,322
39,33,463,284,215,361,259,459,485,222,91,303
39,34,407,280,419,153,467,179,15,5,209,351
39,35,222,362,412,431,307,151,113,7,291,193
39,36,327,34,160,378,349,311,470,278,87,459
39,37,166,288,226,457,48,152,267,440,382,241
39,38,6,372,363,234,235,380,473,421,170,127
39,39,294,297,302,228,328,383,115,406,318,502
39,40,16,141,395,130,262,352,110,74,497,229
39,41,83,87,399,272,37,142,342,462,350,410
39,42,242,290,386,32,319,268,398,378,390,169
39,43,120,266,346,24,220,470,358,359,497,373
39,44,350,402,76,505,49,217,290,199,74,213
39,45,64,223,168,286,400,220,226,418,60,455
39,46,357,290,280,461,85,505,80,374,383,334
39,47,301,399,332,206,55,209,478,156,250,122
40,0,419,70,411,91,448,58,483,122,106,283
40,1,232,409,443,387,234,282,63,51,166,184
40,2,429,288,114,409,130,489,325,476,123,374
40,3,369,188,394,148,149,22,210,167,258,304
40,4,206,153,252,423,453,501,488,59,23,320
40,5,484,353,314,434,441,448,446,300,510,91
40,6,464,409,482,394,404,326,227,150,398,36
40,7,161,372,13,382,330,272,159,436,485,138
40,8,213,133,96,458,105,46,390,344,294,223
40,9,364,360,352,84,233,331,144,240,172,322
40,10,474,28,235,264,285,504,208,337,319,436
40,11,62,20,253,355,163,458,373,221,316,268
40,12,199,389,187,283,386,200,39,487,270,99
40,13,33,333,32,476,357,504,361,161,236,4
40,14,455,150,117,189,430,169,409,401,165,434
40,15,288,136,240,317,443,315,137,282,303,298
40,16,171,169,346,382,446,243,490,134,487,370
40,17,486,225,346,504,386,88,378,262,62,211
40,18,397,297,376,87,273,496,411,480,456,360
40,19,509,310,342,454,377,435,159,257,368,166
40,20,240,30,492,131,410,442,291,248,225,121
40,21,96,134,302,441,422,131,399,418,24,264
40,22,134,235,249,70,457,411,473,90,493,18
40,23,483,290,27,495,19,446,334,450,331,470
40,24,5,46,213,133,80,105,142,107,319,390
40,25,26,352,360,240,84,144,27,331,87,292
40,26,235,28,465,224,474,319,504,475,40,404
40,27,225,253,163,500,221,132,477,47,424,130
40,28,94,433,389,187,386,270,20,311,77,300
40,29,85,145,268,293,504,494,294,143,498,236
40,30,17,266,2,339,501,495,488,176,9,49
40,31,34,71,232,448,371,49,142,141,498,260
40,32,71,36,473,230,352,446,317,490,177,114
40,33,482,365,290,308,447,12,135,366,119,114
40,34,376,333,397,454,116,456,446,40,87,350
40,35,232,509,236,368,173,208,345,342,274,310
40,36,88,265,121,225,442,240,492,217,173,300
40,37,96,302,10,441,134,131,70,422,469,85
40,38,235,203,457,249,134,173,341,312,359,411
40,39,331,272,167,464,284,242,36,19,496,477
40,40,449,98,459,395,332,448,176,402,309,127
40,41,178,296,219,403,285,247,399,261,440,482
40,42,506,14,174,90,388,294,466,217,231,165
40,43,44,479,472,182,331,49,502,278,133,86
40,44,442,395,248,193,282,324,331,177,103,358
40,45,226,231,173,220,37,186,349,152,36,412
40,46,219,80,52,383,207,87,230,67,274,471
40,47,206,50,301,478,496,90,120,64,310,485
41,0,450,419,206,110,231,484,431,58,144,70
41,1,453,15,142,46,232,443,201,35,374,449
41,2,76,317,92,55,117,96,445,410,45,364
41,3,376,340,69,103,151,68,391,78,444,306
41,4,12,9,323,197,424,409,412,55,272,422
41,5,212,347,464,293,232,449,234,194,387,382
41,6,37,103,95,249,286,325,178,298,139,388
41,7,78,401,37,306,448,2,103,225,264,423
41,8,199,112,355,92,508,216,186,305,440,225
41,9,499,263,274,211,195,169,163,70,373,193
41,10,143,217,307,374,234,44,365,293,427,363
41,11,392,220,383,312,311,304,176,105,55,352
41,12,151,216,241,46,11,356,51,80,152,108
41,13,92,485,334,253,197,435,45,401,275,449
41,14,391,190,171,85,191,115,1,48,469,42
41,15,187,65,275,500,252,364,85,503,218,112
41,16,153,123,43,195,501,226,183,249,324,18
41,17,357,54,238,98,284,25,111,418,463,116
41,18,419,467,167,153,352,502,147,230,114,504
41,19,238,412,401,190,221,141,122,427,53,354
41,20,28,204,317,236,97,36,295,212,223,404
41,21,438,402,288,168,106,237,12,330,152,2
41,22,6,363,372,484,237,380,458,144,502,378
41,23,341,166,452,245,143,295,58,490,291,439
41,24,253,371,92,86,112,50,34,166,419,225
41,25,163,195,137,408,266,499,337,414,333,373
41,26,197,363,307,59,6,108,381,44,234,476
41,27,55,312,383,220,193,392,176,144,105,79
41,28,190,233,511,151,80,152,241,341,46,442
41,29,179,449,334,134,197,127,253,489,92,349
41,30,190,391,428,46,1,171,48,115,85,300
41,31,65,187,252,364,30,412,15,205,500,352
41,32,195,123,226,153,94,501,22,197,43,335
41,33,455,98,265,284,463,357,459,418,25,326
41,34,407,419,467,315,153,468,95,358,344,51
41,35,412,401,29,238,107,193,91,221,106,343
41,36,204,327,396,236,317,178,295,373,145,223
41,37,288,332,438,237,402,260,477,168,326,280
41,38,6,147,94,234,407,194,508,80,62,342
41,39,167,143,341,387,166,103,123,452,58,321
41,40,499,16,135,141,262,74,439,404,448,395
41,41,61,439,124,410,178,296,390,329,348,27
41,42,218,319,293,462,243,131,152,37,420,447
41,43,44,124,224,414,83,425,24,148,497,131
41,44,358,441,459,177,74,510,103,190,232,331
41,45,226,45,37,455,136,173,39,324,464,154
41,46,357,290,80,230,25,441,13,85,93,219
41,47,445,79,254,242,478,55,301,504,398,69
42,0,333,88,261,169,262,83,331,214,194,90
42,1,70,484,178,97,15,443,306,206,77,453
42,2,372,130,270,114,12,312,325,323,365,59
42,3,24,310,78,235,200,14,482,374,62,205
42,4,424,496,309,506,325,488,465,295,430,252
42,5,446,449,464,236,111,224,1,302,175,468
42,6,223,395,97,369,125,286,167,256,79,490
42,7,303,242,179,368,102,17,452,191,84,344
42,8,370,163,11,439,488,175,181,290,204,325
42,9,68,141,209,14,511,109,142,154,506,407
42,10,107,366,203,71,322,299,379,461,280,393
42,11,84,422,163,273,511,371,492,350,250,211
42,12,37,390,63,228,96,290,459,277,288,356
42,13,387,22,385,288,97,273,265,91,461,50
42,14,138,212,14,80,136,441,486,506,117,314
42,15,193,426,375,494,346,22,61,288,289,6
42,16,140,58,201,278,74,23,429,441,26,91
42,17,365,389,12,305,467,422,372,499,50,105
42,18,264,347,184,26,49,119,471,318,291,211
42,19,453,377,222,362,342,14,509,162,9,192
42,20,210,485,127,55,7,45,15,248,442,313
42,21,255,33,150,176,5,379,324,100,44,418
42,22,41,57,345,261,205,86,81,223,293,30
42,23,323,285,325,334,493,260,82,42,167,199
42,24,319,370,175,11,425,13,439,87,325,191
42,25,14,442,111,142,361,68,214,346,132,141
42,26,107,71,471,213,488,243,280,48,299,14
42,27,511,49,163,165,273,250,185,48,197,141
42,28,390,37,96,277,113,433,228,421,220,246
42,29,387,22,288,184,97,50,385,16,221,411
42,30,136,14,80,138,233,212,506,284,314,154
42,31,22,54,375,426,193,346,68,119,306,19
42,32,23,278,74,201,140,429,255,91,51,441
42,33,365,305,389,12,499,372,50,419,84,422
42,34,347,119,26,184,264,357,49,350,471,318
42,35,222,453,96,349,162,426,342,362,377,192
42,36,243,16,485,300,248,442,45,55,210,348
42,37,46,255,150,379,33,453,44,324,100,9
42,38,205,41,261,57,345,86,30,287,81,264
42,39,323,334,260,27,389,244,450,356,325,332
42,40,138,173,178,309,278,172,354,508,91,397
42,41,391,354,65,240,213,385,445,304,198,440
42,42,272,140,366,322,432,509,393,212,301,109
42,43,388,278,162,86,49,45,185,337,300,413
42,44,350,87,105,433,119,207,399,460,276,394
42,45,237,47,51,63,303,220,218,168,186,75
42,46,388,230,80,88,297,418,219,338,465,271
42,47,478,138,273,451,122,163,301,143,244,343
43,0,506,396,453,45,135,381,509,423,148,215
43,1,201,232,25,49,443,15,234,436,345,472
43,2,114,323,53,489,5,12,244,423,242,453
43,3,304,448,41,375,98,72,164,318,28,312
43,4,206,451,484,286,153,377,162,408,243,209
43,5,397,503,277,45,359,287,209,237,510,316
43,6,223,97,369,167,229,465,386,395,442,9
43,7,102,303,46,26,17,452,475,127,361,204
43,8,370,325,368,163,488,492,161,364,450,243
43,9,420,211,69,461,410,263,124,511,466,44
43,10,32,234,453,27,217,303,317,366,100,374
43,11,220,33,178,311,392,13,438,383,465,223
43,12,11,80,151,241,356,315,46,273,489,372
43,13,483,45,460,17,370,40,330,344,246,100
43,14,115,320,404,85,56,46,93,191,386,324
43,15,98,275,162,245,65,64,352,187,30,228
43,16,171,153,294,378,482,123,17,348,324,127
43,17,284,0,485,346,223,303,245,141,283,174
43,18,419,467,309,300,407,144,179,153,502,242
43,19,19,141,510,99,412,409,177,130,238,24
43,20,176,28,133,327,189,93,204,310,8,437
43,21,288,12,402,69,237,243,113,120,152,233
43,22,6,492,378,234,458,62,450,237,170,22
43,23,387,341,394,308,143,222,147,212,452,183
43,24,186,86,146,507,31,419,468,73,216,489
43,25,211,420,263,160,195,499,163,405,249,316
43,26,237,56,197,217,232,290,317,381,369,234
43,27,220,34,105,312,153,383,110,117,56,432
43,28,151,241,369,95,233,152,426,161,489,264
43,29,334,89,179,187,17,384,45,449,411,483
43,30,115,183,277,505,85,46,143,333,153,44
43,31,65,508,162,275,81,30,245,250,143,98
43,32,482,17,153,324,123,147,175,171,294,378
43,33,284,74,303,199,0,485,6,379,174,383
43,34,407,419,467,179,300,343,209,242,501,207
43,35,24,510,99,292,19,409,333,412,491,142
43,36,327,133,440,204,128,189,459,28,385,216
43,37,288,69,237,402,48,12,267,152,420,320
43,38,6,342,234,53,421,508,432,407,170,458
43,39,387,341,394,393,143,58,147,167,234,247
43,40,16,456,195,231,352,439,74,281,263,364
43,41,272,29,229,61,87,439,334,324,37,273
43,42,131,33,218,291,152,95,398,207,24,48
43,43,220,342,120,284,224,266,497,276,44,420
43,44,74,49,350,103,352,441,199,213,190,76
43,45,324,226,481,262,158,168,507,400,37,221
43,46,357,280,80,290,383,466,219,191,33,374
43,47,301,399,478,332,122,96,496,414,156,209
44,0,419,70,411,58,448,122,446,483,283,353
44,1,232,443,409,387,484,345,436,270,46,234
44,2,409,114,288,429,322,158,5,12,193,372
44,3,148,188,392,149,205,394,258,496,41,310
44,4,206,153,169,252,209,59,388,19,423,453
44,5,314,142,510,484,137,339,128,14,113,481
44,6,260,227,306,464,79,198,445,256,375,223
44,7,161,13,382,372,49,436,498,276,242,229
44,8,113,70,46,496,458,350,327,370,26,394
44,9,352,404,353,84,111,144,26,79,360,377
44,10,28,188,443,54,160,96,420,478,424,355
44,11,189,268,355,408,263,163,440,213,20,486
44,12,471,148,389,386,175,39,403,104,283,355
44,13,33,506,6,286,251,333,347,311,93,352
44,14,411,94,340,117,486,425,69,231,409,14
44,15,494,375,199,491,6,193,288,163,289,105
44,16,441,370,401,169,231,87,278,133,406,429
44,17,172,431,386,272,267,484,72,103,468,422
44,18,376,87,264,496,6,297,453,505,184,251
44,19,509,377,342,192,145,3,454,131,173,162
44,20,210,485,15,55,248,442,239,16,457,441
44,21,394,418,255,302,379,264,229,100,441,10
44,22,249,235,18,420,134,457,470,473,267,298
44,23,334,244,450,260,27,242,290,323,463,285
44,24,319,46,26,458,113,327,70,350,394,496
44,25,35,296,353,352,111,404,48,502,500,442
44,26,28,243,126,277,424,177,9,400,206,285
44,27,189,268,408,250,355,185,141,62,279,163
44,28,175,94,386,283,148,471,39,290,389,433
44,29,33,347,286,193,93,251,506,387,426,414
44,30,438,411,69,94,14,278,231,161,486,117
44,31,375,271,449,199,494,22,289,288,19,365
44,32,441,429,23,278,231,133,26,454,346,140
44,33,43,334,511,103,419,120,468,499,272,372
44,34,376,251,411,302,462,423,87,359,297,6
44,35,155,377,3,509,173,148,257,277,192,158
44,36,210,227,88,485,265,313,441,356,104,55
44,37,302,394,441,264,418,131,70,134,255,10
44,38,235,249,18,457,420,134,470,173,287,91
44,39,244,334,27,139,110,356,323,272,331,167
44,40,486,309,451,173,172,208,295,449,178,138
44,41,391,240,287,491,42,353,354,385,59,55
44,42,217,151,212,80,366,143,231,105,393,388
44,43,86,133,77,91,300,278,499,172,49,471
44,44,338,248,433,395,209,315,276,87,307,415
44,45,303,237,47,22,379,181,280,186,51,268
44,46,80,145,465,286,374,18,19,36,346,463
44,47,206,50,64,79,301,127,186,412,393,398
45,0,450,206,110,419,182,231,484,498,431,144
45,1,453,46,142,232,484,15,449,400,146,259
45,2,114,291,372,12,242,84,409,393,59,394
45,3,78,24,482,14,200,62,374,310,103,376
45,4,424,197,9,12,412,295,430,323,458,90
45,5,212,464,293,449,232,382,234,202,491,347
45,6,37,286,395,95,223,116,178,238,125,369
45,7,368,303,179,37,286,188,306,148,78,152
45,8,163,370,290,508,88,488,55,204,36,492
45,9,69,211,511,109,410,180,288,420,263,44
45,10,374,32,366,64,390,303,234,365,453,249
45,11,220,311,178,392,211,384,452,13,434,399
45,12,356,80,130,139,489,274,315,151,448,338
45,13,154,365,290,302,16,250,330,267,24,435
45,14,502,115,99,324,391,56,441,46,470,377
45,15,30,245,352,146,281,187,275,241,293,138
45,16,153,260,135,123,409,45,398,482,294,17
45,17,259,303,177,91,144,284,463,459,398,222
45,18,419,119,407,179,358,467,352,438,228,238
45,19,362,222,309,79,464,307,384,297,24,489
45,20,160,409,327,488,349,189,395,490,478,353
45,21,288,440,457,362,324,243,169,283,176,47
45,22,6,237,378,363,372,310,234,492,474,108
45,23,341,387,167,143,222,160,134,496,368,313
45,24,290,508,88,199,431,163,186,55,70,204
45,25,263,70,359,44,211,420,180,195,511,32
45,26,365,374,44,217,234,390,381,366,293,64
45,27,399,392,13,211,220,434,252,177,311,429
45,28,264,161,356,440,215,274,489,139,130,302
45,29,334,449,179,435,16,365,154,184,411,401
45,30,324,502,391,115,57,470,56,274,377,414
45,31,30,275,187,138,293,79,143,281,308,15
45,32,135,153,294,260,345,123,71,43,409,45
45,33,91,259,303,177,144,63,398,190,463,119
45,34,407,419,119,351,438,358,153,106,228,501
45,35,362,91,309,222,464,188,475,56,151,5
45,36,409,327,160,490,145,318,353,391,311,101
45,37,169,288,260,457,324,241,350,503,266,280
45,38,6,237,420,508,284,53,234,299,89,251
45,39,167,143,341,387,222,496,160,134,223,198
45,40,262,120,16,348,304,135,231,141,205,439
45,41,489,439,228,61,363,23,399,296,133,442
45,42,37,319,293,423,354,488,420,177,462,455
45,43,173,456,425,124,224,24,497,126,44,483
45,44,327,358,1,103,290,501,49,402,190,505
45,45,455,366,428,37,226,324,419,400,166,124
45,46,357,290,486,374,207,274,392,85,214,67
45,47,445,79,242,254,178,127,290,344,155,122
46,0,333,88,169,261,83,262,194,214,331,90
46,1,97,70,46,32,178,484,306,466,206,74
46,2,270,372,409,114,312,158,89,59,84,239
46,3,249,310,335,293,235,205,269,408,182,237
46,4,465,325,506,488,252,496,241,59,106,410
46,5,468,236,446,190,482,142,98,1,71,263
46,6,468,185,13,223,97,79,233,150,112,256
46,7,242,303,158,191,199,425,10,288,239,382
46,8,175,11,191,425,87,439,370,356,283,335
46,9,68,214,361,111,14,154,506,132,141,161
46,10,424,488,299,10,107,335,280,203,129,48
46,11,273,163,371,250,234,84,422,456,511,127
46,12,459,390,37,63,253,290,228,288,356,277
46,13,387,461,411,50,423,426,302,385,347,273
46,14,14,160,127,441,212,461,486,470,243,69
46,15,193,491,61,391,494,119,510,487,13,271
46,16,500,201,299,403,191,429,23,140,26,31
46,17,325,272,410,105,442,187,381,452,285,67
46,18,419,179,501,284,272,264,57,407,119,291
46,19,308,75,129,341,356,123,498,286,454,353
46,20,214,349,508,105,453,137,55,56,90,346
46,21,288,243,58,267,41,440,211,33,418,26
46,22,6,402,458,214,450,97,258,267,406,54
46,23,83,285,493,323,313,297,42,107,376,242
46,24,325,370,163,191,11,63,283,175,477,439
46,25,90,141,14,506,154,511,111,289,63,209
46,26,280,279,238,299,119,215,50,308,23,433
46,27,141,410,78,397,33,381,409,181,374,456
46,28,356,290,11,48,372,94,91,448,90,307
46,29,302,411,385,119,506,423,50,457,364,461
46,30,19,508,160,249,441,268,461,243,294,351
46,31,193,487,491,391,212,22,119,510,61,185
46,32,505,201,403,216,110,299,429,424,62,32
46,33,67,187,442,272,214,53,105,325,143,467
46,34,407,179,272,284,39,134,337,170,349,501
46,35,308,123,129,92,353,113,20,147,75,71
46,36,349,94,327,136,358,105,131,76,214,439
46,37,440,288,226,176,119,97,267,324,48,211
46,38,6,421,53,62,508,217,402,374,299,258
46,39,294,297,228,302,471,299,318,392,126,142
46,40,290,222,358,261,505,125,51,388,477,449
46,41,335,499,217,443,90,392,501,170,261,457
46,42,386,62,268,23,403,211,493,432,105,442
46,43,346,427,300,34,412,284,207,383,149,85
46,44,350,76,213,438,182,369,430,184,366,215
46,45,481,168,220,356,158,357,60,398,262,42
46,46,388,346,374,438,357,145,88,286,362,290
46,47,122,127,344,95,132,478,55,256,460,395
47,0,226,373,122,448,170,483,70,82,462,171
47,1,306,400,484,19,46,146,436,232,184,149
47,2,114,272,5,12,242,130,179,323,331,325
47,3,164,315,22,143,188,41,418,87,149,304
47,4,59,453,206,209,488,252,307,343,46,484
47,5,446,510,314,71,14,484,142,386,138,236
47,6,223,97,256,198,283,379,159,233,31,485
47,7,303,432,17,382,8,475,452,242,157,26
47,8,370,463,11,175,325,13,492,63,477,439
47,9,511,14,466,154,302,288,141,380,407,86
47,10,280,32,303,462,119,249,366,198,107,100
47,11,178,33,220,311,211,452,13,231,36,409
47,12,356,315,80,139,151,448,489,273,90,238
47,13,401,365,411,45,330,153,290,435,154,334
47,14,502,324,387,46,115,470,56,441,391,274
47,15,245,30,352,293,228,431,459,39,74,81
47,16,428,135,294,127,260,153,222,123,191,322
47,17,144,346,303,177,190,449,459,91,193,259
47,18,419,407,358,309,179,438,167,153,144,119
47,19,362,464,384,79,297,412,107,204,9,421
47,20,409,160,145,373,178,195,355,93,478,327
47,21,288,362,260,438,457,169,243,283,477,106
47,22,6,237,372,450,458,378,492,97,508,244
47,23,341,143,387,394,222,368,167,297,134,58
47,24,431,508,427,88,290,55,443,90,258,186
47,25,211,180,69,460,262,242,511,263,260,63
47,26,293,234,483,8,381,317,298,282,217,415
47,27,220,389,233,311,53,193,168,434,399,352
47,28,249,139,215,90,356,347,339,489,440,229
47,29,179,449,401,334,411,153,45,302,384,47
47,30,115,324,292,334,404,502,46,294,320,387
47,31,245,293,352,81,60,30,244,275,98,241
47,32,127,135,294,71,153,323,428,196,222,482
47,33,442,16,303,193,215,91,144,401,346,426
47,34,407,95,419,179,216,438,220,242,265,283
47,35,253,142,282,399,223,106,67,464,221,24
47,36,8,327,93,437,430,293,272,349,468,180
47,37,288,226,48,417,298,119,503,168,440,336
47,38,6,107,257,419,234,421,508,390,207,372
47,39,294,297,228,318,392,302,212,206,46,221
47,40,16,176,281,456,130,247,231,29,509,318
47,41,415,410,272,264,486,279,268,204,281,158
47,42,389,268,420,48,403,436,358,172,499,489
47,43,342,224,497,126,380,83,406,421,414,284
47,44,160,385,338,248,350,76,87,454,395,344
47,45,237,303,220,103,186,51,239,328,280,75
47,46,25,145,88,283,432,155,484,311,297,53
47,47,127,445,254,79,163,90,343,451,395,322
48,0,261,88,83,333,169,165,214,380,194,114
48,1,206,70,74,178,97,32,400,146,466,46
48,2,270,114,372,409,357,312,130,5,89,59
48,3,310,249,269,335,293,235,408,496,188,205
48,4,325,465,506,252,496,488,198,233,59,222
48,5,236,468,154,190,446,1,142,482,292,100
48,6,468,150,79,158,13,256,144,260,379,97
48,7,242,10,158,399,199,425,372,303,288,60
48,8,87,350,175,46,11,319,496,113,425,283
48,9,111,214,68,361,142,506,79,377,132,502
48,10,28,424,188,400,107,177,443,506,454,488
48,11,189,185,268,273,234,250,163,20,84,213
48,12,389,9,63,386,459,253,288,277,390,42
48,13,6,33,387,347,506,273,286,93,423,251
48,14,212,486,231,14,69,117,340,506,411,94
48,15,494,375,6,193,491,271,199,226,306,61
48,16,441,169,201,429,87,401,240,278,26,120
48,17,272,172,422,72,431,484,499,372,105,267
48,18,376,264,42,184,49,370,6,87,471,85
48,19,377,509,342,454,3,192,257,174,383,127
48,20,210,485,15,457,30,441,442,248,55,313
48,21,394,418,255,33,264,100,379,392,131,304
48,22,30,134,60,223,293,41,345,18,264,457
48,23,334,450,290,260,461,323,242,414,27,496
48,24,319,113,496,46,11,213,26,393,111,447
48,25,35,214,442,111,14,45,122,140,47,353
48,26,188,299,488,424,126,109,506,280,404,28
48,27,498,141,189,258,163,129,268,17,350,273
48,28,94,336,169,433,283,386,505,290,78,175
48,29,461,347,6,169,423,157,37,222,291,160
48,30,94,231,278,281,377,439,102,441,161,276
48,31,491,13,18,365,463,487,396,119,494,375
48,32,181,452,169,409,391,87,429,401,108,312
48,33,325,387,246,462,331,304,211,93,10,508
48,34,308,376,419,423,153,435,120,462,348,411
48,35,480,257,246,106,92,342,275,260,508,269
48,36,210,453,114,173,137,456,441,321,142,105
48,37,264,302,10,338,214,21,501,243,134,379
48,38,237,457,377,97,235,134,220,162,458,381
48,39,83,469,97,285,496,505,167,42,356,313
48,40,290,304,98,449,398,448,141,281,309,214
48,41,511,214,310,148,363,162,457,443,335,391
48,42,217,165,86,496,162,142,143,292,450,425
48,43,333,346,417,358,502,511,124,505,448,40
48,44,76,290,105,214,213,286,209,480,54,395
48,45,220,47,303,51,168,237,223,266,75,328
48,46,388,346,297,88,145,85,230,255,374,484
48,47,95,122,344,399,127,242,179,398,322,157
49,0,226,136,490,483,239,453,144,220,373,448
49,1,393,400,431,19,152,484,193,259,146,469
49,2,114,322,372,89,396,5,357,358,51,46
49,3,310,188,496,379,225,235,399,113,14,41
49,4,488,252,307,403,209,453,392,59,153,325
49,5,188,236,228,190,98,468,1,14,446,142
49,6,158,309,260,144,468,379,233,256,345,150
49,7,414,112,165,242,382,399,432,287,113,76
49,8,115,87,350,175,46,319,425,11,458,335
49,9,48,45,111,167,214,34,360,506,68,222
49,10,28,454,177,492,355,96,396,160,392,107
49,11,189,185,268,213,243,355,273,296,62,358
49,12,42,39,386,389,283,336,324,292,175,54
49,13,291,34,33,93,157,6,251,286,273,506
49,14,438,486,436,117,448,409,340,94,417,14
49,15,494,375,199,6,193,178,271,163,288,289
49,16,441,231,406,87,370,133,120,224,275,278
49,17,246,431,462,43,334,272,503,163,120,422
49,18,376,87,399,264,447,302,120,485,305,85
49,19,509,155,377,3,257,148,342,408,407,37
49,20,210,485,248,16,30,441,442,15,457,55
49,21,302,418,25,255,379,134,131,394,10,392
49,22,457,134,235,18,377,482,341,287,383,393
49,23,450,334,244,260,461,27,290,494,242,331
49,24,213,46,394,458,319,111,262,115,393,350
49,25,34,500,353,167,384,45,360,442,223,295
49,26,28,277,175,454,243,177,492,126,54,475
49,27,62,355,268,189,99,413,185,243,253,213
49,28,94,386,39,175,187,294,336,447,433,283
49,29,347,93,33,291,286,251,34,504,160,157
49,30,278,436,231,161,234,438,117,65,14,448
49,31,375,494,271,449,199,6,383,365,244,289
49,32,429,23,441,87,92,231,278,370,26,120
49,33,488,334,43,419,246,10,503,462,508,499
49,34,376,87,399,447,485,120,302,423,10,88
49,35,155,257,173,377,509,172,408,3,148,385
49,36,210,441,321,104,265,173,131,217,121,132
49,37,302,10,134,131,418,135,394,96,257,29
49,38,457,235,377,134,341,18,173,312,287,446
49,39,496,167,97,83,19,469,464,222,331,45
49,40,98,449,290,309,304,428,173,200,127,332
49,41,391,354,342,340,228,214,511,496,261,162
49,42,423,143,242,86,142,217,372,466,215,263
49,43,456,333,172,505,65,497,502,358,421,49
49,44,282,324,480,48,193,203,505,202,209,169
49,45,366,266,419,231,239,186,303,124,484,223
49,46,80,471,374,230,18,86,207,346,507,16
49,47,79,301,445,478,246,496,418,206,244,497
50,0,261,88,333,83,169,214,262,165,90,331
50,1,70,431,206,97,400,393,453,469,259,19
50,2,114,372,5,59,270,282,312,41,242,323
50,3,310,235,293,188,249,269,225,335,14,205
50,4,488,307,496,403,106,325,252,465,249,59
50,5,188,190,1,142,392,446,369,386,236,71
50,6,345,125,150,309,233,289,223,256,468,395
50,7,303,242,26,84,475,414,144,432,452,327
50,8,163,370,325,295,488,11,151,175,457,497
50,9,14,141,506,407,90,511,68,154,209,109
50,10,280,211,32,488,109,299,279,23,119,212
50,11,409,231,273,434,33,311,211,397,141,127
50,12,80,356,217,315,470,139,90,290,448,317
50,13,411,334,302,435,105,253,423,250,483,154
50,14,441,387,260,324,56,130,95,238,269,191
50,15,98,352,245,39,392,30,358,74,73,481
50,16,260,476,196,153,45,482,294,123,322,135
50,17,190,394,259,398,459,91,235,449,30,284
50,18,419,358,119,128,228,407,153,357,147,501
50,19,362,384,457,446,9,222,79,204,172,297
50,20,230,160,355,490,336,51,105,483,478,349
50,21,457,362,324,288,440,308,243,202,369,443
50,22,6,237,284,372,285,267,214,97,322,272
50,23,368,251,103,394,353,313,167,387,393,284
50,24,163,204,370,457,431,409,199,439,269,508
50,25,432,410,260,109,407,10,183,69,211,420
50,26,212,279,437,381,143,473,282,419,49,390
50,27,409,434,347,86,392,231,215,384,370,221
50,28,189,94,440,90,461,494,315,11,290,80
50,29,362,179,449,460,224,2,457,411,119,334
50,30,260,441,274,95,160,377,212,146,499,187
50,31,98,392,487,352,358,74,119,463,73,193
50,32,260,476,391,196,409,320,282,375,245,429
50,33,398,470,190,299,347,259,333,340,210,407
50,34,128,119,228,347,407,351,153,276,453,206
50,35,362,457,446,172,453,9,297,434,136,384
50,36,230,327,355,348,258,490,483,169,25,51
50,37,457,324,334,308,362,288,443,313,477,142
50,38,345,284,75,157,261,41,322,6,420,205
50,39,294,297,228,302,215,318,331,115,406,77
50,40,364,262,141,135,304,261,398,290,448,309
50,41,217,363,399,263,37,471,300,185,364,213
50,42,319,463,293,169,37,383,368,142,404,413
50,43,24,322,124,346,358,284,131,110,300,85
50,44,505,358,402,290,76,350,359,213,184,484
50,45,223,10,144,47,168,226,220,37,283,481
50,46,357,290,374,346,85,388,232,230,92,194
50,47,478,122,301,55,496,344,242,224,497,138
51,0,232,70,215,220,453,396,90,166,128,456
51,1,409,431,393,192,453,443,214,146,19,444
51,2,291,114,123,306,46,151,41,103,358,56
51,3,310,188,14,24,379,399,405,217,482,32
51,4,153,207,488,209,307,252,37,403,453,102
51,5,188,228,392,224,142,167,1,91,162,71
51,6,227,345,144,306,309,150,445,474,198,158
51,7,224,112,414,58,451,84,432,319,239,17
51,8,115,76,325,388,147,414,207,46,397,490
51,9,395,501,84,154,82,214,360,506,398,380
51,10,454,188,325,255,280,461,96,299,160,28
51,11,78,358,189,408,366,63,17,316,382,355
51,12,386,39,470,283,446,230,461,59,317,505
51,13,154,423,60,37,364,16,34,287,334,35
51,14,441,269,276,274,294,461,387,56,470,102
51,15,487,119,193,491,13,510,396,98,459,352
51,16,260,409,500,245,282,201,505,181,391,196
51,17,325,237,410,285,331,452,442,398,306,259
51,18,419,179,153,119,501,57,484,358,228,128
51,19,362,75,341,129,457,384,308,498,506,446
51,20,349,230,105,327,478,160,214,202,395,488
51,21,288,243,324,457,284,440,41,211,198,328
51,22,6,97,235,458,237,284,397,214,312,172
51,23,313,83,285,103,167,353,368,251,493,323
51,24,295,370,325,163,331,457,204,197,11,186
51,25,141,432,14,511,90,183,306,360,462,407
51,26,279,473,50,280,381,212,282,238,419,299
51,27,409,410,126,78,86,231,434,503,141,178
51,28,189,372,356,11,494,48,242,32,327,456
51,29,321,435,457,287,362,302,385,184,119,364
51,30,441,260,268,19,160,411,274,95,14,117
51,31,487,193,391,119,98,392,30,491,185,352
51,32,260,429,409,282,201,480,391,245,375,505
51,33,190,299,398,470,50,305,347,210,333,259
51,34,119,228,128,347,407,179,26,87,239,351
51,35,362,446,297,453,457,222,384,341,426,9
51,36,327,230,348,487,473,131,394,243,64,214
51,37,457,324,308,142,334,488,344,477,5,440
51,38,284,235,456,157,322,312,409,374,170,97
51,39,294,297,228,302,318,115,77,331,454,215
51,40,262,364,304,290,141,261,60,398,193,118
51,41,217,349,44,335,499,455,366,471,52,257
51,42,143,142,319,242,352,496,315,140,423,300
51,43,346,24,124,172,358,322,110,166,333,45
51,44,395,169,282,186,48,206,505,290,167,209
51,45,484,239,366,266,223,231,419,186,220,303
51,46,471,80,280,5,207,86,177,383,466,507
51,47,301,433,478,4,246,496,399,79,332,122
52,0,70,419,446,451,107,414,18,220,494,145
52,1,409,443,431,393,259,444,214,232,508,64
52,2,282,41,335,123,114,323,394,5,193,393
52,3,392,310,24,482,379,262,62,405,78,51
52,4,153,432,488,209,19,252,424,334,430,453
52,5,202,280,224,449,188,352,220,142,334,492
52,6,306,227,445,345,330,395,60,198,144,81
52,7,224,319,451,142,58,239,112,84,498,432
52,8,113,76,40,14,46,105,496,294,414,132
52,9,506,90,377,395,79,154,14,449,20,360
52,10,188,202,506,160,488,280,368,461,255,325
52,11,408,189,78,484,20,498,258,355,316,197
52,12,446,386,39,8,48,440,451,283,54,445
52,13,34,503,60,35,33,347,6,248,311,286
52,14,94,461,486,102,441,499,377,231,243,105
52,15,491,193,13,494,487,119,343,105,365,199
52,16,169,201,87,429,368,260,299,424,370,130
52,17,325,272,378,285,276,462,504,410,265,105
52,18,308,88,87,441,411,376,284,261,423,137
52,19,257,480,342,454,509,269,407,246,22,303
52,20,453,114,210,105,30,137,123,58,130,456
52,21,302,134,257,377,501,418,70,506,338,41
52,22,235,490,134,12,256,257,97,340,284,319
52,23,83,285,97,107,469,299,313,167,199,395
52,24,367,14,370,488,105,65,163,447,269,496
52,25,90,473,183,141,55,20,416,79,209,14
52,26,109,280,366,188,160,279,299,419,215,298
52,27,215,20,465,258,231,331,137,498,446,129
52,28,169,505,185,94,80,433,283,325,308,144
52,29,334,461,169,347,6,373,266,129,2,37
52,30,95,441,276,102,281,94,499,377,439,150
52,31,13,491,396,365,487,119,71,18,463,193
52,32,452,169,181,87,391,409,260,376,201,312
52,33,325,494,265,246,93,387,462,480,331,78
52,34,419,308,423,441,411,376,104,120,269,358
52,35,257,480,395,275,92,509,246,302,234,408
52,36,210,441,453,114,59,173,121,75,265,321
52,37,302,134,27,169,257,377,280,10,96,243
52,38,235,490,256,12,340,341,83,90,493,443
52,39,167,496,97,83,469,200,285,505,284,273
52,40,98,449,304,290,428,309,448,214,200,402
52,41,214,511,219,310,342,228,391,354,489,496
52,42,143,423,142,242,86,263,294,298,372,217
52,43,333,172,456,502,358,505,346,65,448,421
52,44,282,324,48,203,480,456,331,193,169,322
52,45,366,266,231,239,419,382,484,136,424,428
52,46,471,5,207,454,383,507,80,107,477,363
52,47,4,217,119,301,324,246,90,75,137,496
53,0,0,425,270,322,99,95,247,316,9,145
53,1,409,304,214,30,390,431,240,293,490,169
53,2,388,22,394,42,360,263,393,310,69,449
53,3,433,310,24,78,379,62,482,70,96,339
53,4,432,65,299,424,293,90,64,308,316,488
53,5,191,126,90,364,280,165,429,487,131,109
53,6,461,304,286,137,0,428,457,279,395,210
53,7,355,296,41,142,188,411,108,369,367,143
53,8,113,70,105,496,14,11,477,498,104,294
53,9,301,404,20,90,79,133,377,154,395,77
53,10,188,278,160,49,509,263,98,340,114,506
53,11,78,62,408,189,103,279,63,197,370,121
53,12,48,503,386,426,18,215,303,440,288,1
53,13,33,248,286,506,309,503,347,504,333,35
53,14,425,409,117,377,94,231,461,14,486,6
53,15,494,193,383,375,491,199,289,163,343,6
53,16,370,168,87,240,169,275,441,130,236,401
53,17,214,486,285,378,272,504,431,78,346,47
53,18,200,88,111,33,411,509,106,299,496,157
53,19,257,509,9,309,275,480,342,260,91,3
53,20,210,217,145,173,121,416,396,59,409,302
53,21,360,27,85,506,254,451,134,169,280,248
53,22,106,187,241,188,425,306,493,257,253,388
53,23,167,496,97,242,285,334,450,83,495,21
53,24,70,46,113,232,105,90,294,498,313,27
53,25,404,301,20,133,206,418,77,79,26,267
53,26,278,509,489,114,243,69,28,292,450,475
53,27,62,355,98,185,399,279,408,108,484,97
53,28,386,503,39,433,447,215,110,3,426,311
53,29,504,93,33,353,198,273,69,357,4,97
53,30,234,409,377,231,79,14,408,169,390,95
53,31,494,199,343,315,192,289,375,383,193,6
53,32,168,370,429,135,92,375,240,236,169,70
53,33,188,38,406,508,311,177,257,504,210,486
53,34,88,111,33,87,200,509,353,411,376,157
53,35,49,310,3,173,509,464,372,309,172,260
53,36,217,121,145,173,300,416,178,396,409,210
53,37,134,96,302,10,29,85,27,360,451,372
53,38,106,187,241,425,235,188,504,54,173,96
53,39,496,167,45,464,97,242,477,42,356,199
53,40,449,98,77,309,200,280,428,448,332,86
53,41,489,342,378,296,178,511,21,443,214,354
53,42,506,165,86,357,142,242,298,174,143,221
53,43,505,44,331,333,300,479,472,86,49,278
53,44,186,282,177,193,480,472,119,39,501,285
53,45,316,419,269,382,266,241,186,136,424,303
53,46,227,167,80,86,384,383,31,443,503,110
53,47,77,206,246,235,301,176,75,310,217,418
54,0,54,451,446,163,414,302,24,471,211,402
54,1,413,431,390,124,320,58,259,48,483,373
54,2,33,445,396,145,179,22,394,256,71,370
54,3,24,379,235,78,62,310,217,367,220,70
54,4,432,65,293,488,299,116,424,64,334,105
54,5,452,364,280,492,191,449,380,394,484,302
54,6,304,457,0,330,286,306,464,184,115,411
54,7,296,355,142,227,392,451,188,12,359,47
54,8,113,70,14,496,509,155,262,477,105,204
54,9,90,14,141,20,154,63,506,511,301,79
54,10,188,202,280,263,298,506,299,160,488,314
54,11,197,78,150,446,258,63,331,185,207,434
54,12,386,48,503,356,412,461,18,185,188,288
54,13,37,423,311,6,506,35,286,33,302,50
54,14,441,276,366,102,269,470,274,294,231,387
54,15,487,193,510,119,352,491,459,392,98,358
54,16,245,201,500,505,260,196,482,403,191,62
54,17,410,452,272,237,259,442,378,216,480,276
54,18,419,179,358,153,57,284,468,272,501,407
54,19,129,341,67,75,440,308,353,207,498,356
54,20,214,349,142,13,354,90,346,138,131,310
54,21,288,391,243,140,501,116,328,493,41,438
54,22,54,241,397,6,134,496,172,493,235,173
54,23,493,382,83,316,199,313,73,78,323,285
54,24,325,402,370,61,295,207,330,509,191,331
54,25,269,141,14,154,146,471,185,395,511,506
54,26,280,279,238,92,400,23,473,369,456,314
54,27,150,53,181,33,63,410,428,468,78,322
54,28,315,356,355,11,48,494,442,80,94,290
54,29,26,506,188,101,411,141,287,302,328,47
54,30,147,154,160,19,213,461,105,334,130,441
54,31,193,487,352,175,391,510,508,271,491,119
54,32,505,403,500,201,110,482,245,35,424,239
54,33,164,410,442,272,261,16,359,106,215,237
54,34,419,272,179,284,95,305,109,239,308,501
54,35,372,275,342,312,472,341,480,49,356,451
54,36,217,121,173,39,210,24,142,114,492,131
54,37,96,134,501,10,360,25,243,420,29,27
54,38,54,235,173,241,90,341,83,140,493,12
54,39,167,496,464,256,242,272,97,323,274,138
54,40,449,98,309,428,127,448,113,200,77,332
54,41,489,342,443,178,511,354,219,391,378,214
54,42,506,165,174,298,294,86,221,14,388,357
54,43,44,472,331,479,49,505,333,502,173,3
54,44,282,177,186,358,193,442,480,131,331,317
54,45,412,173,226,266,186,220,349,269,303,456
54,46,80,383,503,31,471,219,426,167,207,346
54,47,206,246,301,50,120,310,309,491,496,296
55,0,206,450,110,498,1,182,231,241,166,484
55,1,453,259,486,142,19,220,431,409,470,400
55,2,396,291,179,71,33,424,59,259,394,213
55,3,217,379,470,124,235,310,78,496,24,231
55,4,432,125,453,488,153,342,257,84,50,19
55,5,302,484,507,452,492,167,502,224,111,380
55,6,60,392,306,464,395,330,295,114,398,231
55,7,142,355,9,263,239,350,80,451,12,227
55,8,113,262,367,294,477,105,509,96,457,14
55,9,90,141,449,20,14,79,154,130,142,506
55,10,202,263,188,506,314,280,298,461,255,286
55,11,197,20,484,434,492,273,409,511,185,207
55,12,325,168,97,265,356,446,283,386,433,461
55,13,286,37,126,35,6,423,442,50,311,4
55,14,441,377,14,231,269,274,470,499,95,212
55,15,193,491,487,119,13,510,494,459,32,105
55,16,429,409,260,169,201,344,500,87,191,74
55,17,325,71,304,285,259,105,398,265,272,340
55,18,419,358,153,137,119,468,57,179,228,501
55,19,362,446,480,457,275,257,9,475,395,308
55,20,114,105,137,453,395,151,230,210,349,39
55,21,501,324,457,288,280,243,140,254,128,445
55,22,235,6,232,12,493,134,402,203,272,233
55,23,83,285,299,97,107,167,496,321,469,73
55,24,367,163,197,488,370,14,204,105,457,199
55,25,141,90,511,209,55,504,14,289,109,407
55,26,109,279,160,280,121,473,381,202,282,390
55,27,409,434,231,215,331,465,386,384,315,86
55,28,325,185,32,315,356,24,189,456,94,90
55,29,442,287,449,302,411,461,43,119,45,362
55,30,441,274,150,377,95,499,276,385,105,269
55,31,491,119,487,510,13,365,463,231,459,193
55,32,409,169,201,181,500,452,391,429,260,87
55,33,325,331,71,112,469,398,508,494,224,259
55,34,419,411,325,119,239,357,228,87,308,19
55,35,275,362,372,257,457,480,222,173,9,342
55,36,137,114,121,173,210,131,39,217,105,453
55,37,501,118,243,131,96,445,420,469,489,387
55,38,235,12,493,173,203,140,18,341,32,90
55,39,496,167,256,83,97,285,356,331,469,42
55,40,449,98,304,290,398,309,428,4,448,229
55,41,511,214,342,310,159,443,348,162,440,178
55,42,174,165,151,217,86,294,14,47,466,298
55,43,333,44,331,505,502,86,49,133,346,417
55,44,282,209,177,331,186,193,214,358,174,131
55,45,186,412,220,237,241,349,266,303,484,227
55,46,219,31,503,80,383,230,374,346,507,85
55,47,246,79,445,301,398,95,254,478,242,310
56,0,333,88,169,194,261,83,214,331,109,165
56,1,70,453,206,466,306,382,178,234,36,15
56,2,179,312,114,365,130,12,259,242,158,372
56,3,78,376,24,340,374,200,310,69,103,482
56,4,9,458,197,12,424,412,430,422,295,409
56,5,212,419,464,234,302,224,1,436,449,231
56,6,223,37,395,97,95,493,139,286,125,485
56,7,179,303,29,37,359,368,355,344,148,286
56,8,290,163,370,508,320,507,305,55,488,197
56,9,211,69,410,511,267,263,260,420,44,288
56,10,374,217,293,303,298,453,290,64,282,44
56,11,220,352,311,375,178,139,452,123,239,13
56,12,11,356,80,151,489,315,241,347,130,45
56,13,483,401,45,17,384,349,290,334,460,203
56,14,320,46,93,115,85,404,391,239,68,367
56,15,228,65,64,275,31,76,30,187,245,98
56,16,127,153,123,398,294,470,261,501,378,204
56,17,303,0,193,406,401,346,282,329,403,459
56,18,419,309,407,467,144,502,167,300,352,179
56,19,253,238,412,19,24,409,11,471,510,21
56,20,373,437,272,310,469,289,176,93,195,204
56,21,288,32,438,132,2,168,113,227,162,237
56,22,6,372,378,363,492,244,37,87,108,484
56,23,341,387,143,394,183,482,297,167,371,174
56,24,427,258,186,216,251,4,431,112,320,55
56,25,211,460,263,242,285,262,69,420,317,359
56,26,293,483,415,307,501,89,365,453,217,381
56,27,220,233,352,131,139,308,153,432,312,56
56,28,249,11,345,347,190,139,151,442,152,365
56,29,401,384,179,435,43,344,17,51,416,380
56,30,115,46,93,153,404,320,277,239,443,292
56,31,31,228,275,245,65,64,81,419,352,102
56,32,127,294,71,323,123,153,482,204,101,175
56,33,303,403,193,0,214,16,44,190,101,426
56,34,407,494,144,418,419,51,294,440,309,487
56,35,253,223,238,142,308,21,19,24,40,399
56,36,327,272,437,373,8,195,430,125,133,469
56,37,288,48,166,63,168,152,2,32,387,423
56,38,6,421,508,141,197,378,496,272,299,409
56,39,294,228,297,302,318,406,510,77,392,403
56,40,16,176,74,395,437,499,199,247,233,218
56,41,415,410,485,330,439,204,272,334,486,368
56,42,294,496,489,82,36,341,446,181,450,140
56,43,342,464,224,421,126,212,403,308,497,120
56,44,282,209,177,186,390,472,249,441,131,220
56,45,220,186,269,237,484,268,266,168,303,349
56,46,388,383,503,80,31,219,230,507,443,346
56,47,301,478,95,246,122,399,186,398,242,206
57,0,70,232,215,220,453,128,456,166,396,178
57,1,453,192,409,259,484,232,15,443,19,220
57,2,114,12,291,323,179,331,130,123,269,242
57,3,376,340,78,69,24,103,482,200,374,151
57,4,12,9,197,323,424,412,458,240,422,430
57,5,212,347,464,234,293,382,232,449,419,28
57,6,37,103,139,178,95,298,395,286,0,325
57,7,37,78,306,401,297,359,133,423,29,264
57,8,508,112,507,290,50,429,305,237,55,17
57,9,211,263,499,460,267,44,127,420,373,466
57,10,293,217,374,234,44,317,365,453,303,113
57,11,220,139,233,131,14,352,114,123,168,375
57,12,11,151,249,489,511,347,345,356,372,80
57,13,483,51,401,127,384,17,203,197,26,349
57,14,93,239,46,320,404,367,68,190,384,443
57,15,64,228,31,98,352,65,431,30,76,402
57,16,127,428,153,260,294,123,267,222,309,398
57,17,282,190,303,346,406,0,193,165,449,25
57,18,167,419,114,467,407,309,358,494,144,438
57,19,238,253,412,107,11,399,19,21,471,141
57,20,51,355,373,272,178,101,433,102,289,490
57,21,288,438,362,32,477,324,443,233,168,29
57,22,6,363,372,378,244,492,87,458,329,62
57,23,394,143,167,464,297,368,45,251,111,506
57,24,258,443,260,4,365,277,500,290,204,237
57,25,410,23,460,260,511,211,246,127,17,484
57,26,437,483,6,50,415,381,307,108,293,474
57,27,139,35,114,308,14,347,193,123,89,239
57,28,190,11,13,372,511,440,51,345,356,442
57,29,127,179,401,449,138,40,483,51,411,443
57,30,46,239,443,384,260,238,16,404,1,428
57,31,98,31,228,30,402,352,64,74,245,297
57,32,260,428,127,222,294,267,476,71,96,355
57,33,190,282,144,224,455,25,91,38,449,187
57,34,256,407,418,494,153,20,312,351,206,419
57,35,297,362,107,9,204,29,412,70,79,141
57,36,355,51,483,4,327,373,160,272,101,311
57,37,362,477,457,288,324,180,122,151,438,443
57,38,6,235,363,324,170,62,462,47,204,409
57,39,294,297,318,228,104,338,103,77,510,302
57,40,364,176,135,168,262,16,448,342,304,141
57,41,27,462,300,439,285,23,133,363,299,356
57,42,319,463,293,169,37,265,462,243,318,434
57,43,24,322,266,224,131,421,497,124,182,342
57,44,358,402,505,350,177,203,352,336,6,59
57,45,283,226,455,269,144,399,173,418,37,254
57,46,80,357,290,280,374,92,503,106,383,208
57,47,301,399,433,246,206,55,332,478,186,496
58,0,70,91,419,106,107,232,302,448,411,133
58,1,409,443,259,453,21,232,120,387,484,282
58,2,179,123,269,331,130,259,12,471,323,220
58,3,494,470,231,217,367,304,262,41,51,500
58,4,153,453,207,488,19,432,68,41,252,297
58,5,484,302,224,352,314,12,460,419,452,380
58,6,330,60,395,295,306,432,198,227,67,114
58,7,224,319,272,12,498,464,227,9,159,330
58,8,133,262,96,294,458,46,439,370,105,326
58,9,484,449,142,109,240,376,209,324,104,144
58,10,107,280,506,489,243,390,319,509,64,474
58,11,434,311,13,211,33,231,215,384,197,511
58,12,80,356,130,274,315,283,46,2,238,139
58,13,16,334,435,45,411,253,154,423,2,40
58,14,387,441,324,502,274,191,56,95,260,391
58,15,245,352,187,15,30,293,481,241,98,275
58,16,153,260,294,135,322,123,482,45,11,196
58,17,459,91,346,190,303,449,144,177,201,259
58,18,419,119,179,153,144,228,128,358,438,167
58,19,362,79,307,384,297,204,9,464,457,222
58,20,160,490,478,373,349,311,409,230,483,44
58,21,362,288,457,243,260,308,324,504,283,440
58,22,6,235,90,458,322,341,134,54,172,234
58,23,387,394,341,134,143,58,368,247,167,353
58,24,431,508,55,163,88,290,6,216,370,89
58,25,69,211,263,44,410,420,260,511,262,180
58,26,234,282,365,280,390,381,374,279,293,453
58,27,220,434,13,311,33,392,178,211,389,74
58,28,139,440,94,2,80,356,24,264,90,489
58,29,449,179,334,411,435,45,416,153,302,401
58,30,324,441,274,115,56,391,294,470,502,37
58,31,352,245,241,98,15,293,30,81,135,481
58,32,153,294,260,482,196,45,135,123,501,245
58,33,442,215,259,91,222,398,223,303,379,410
58,34,419,242,501,87,119,357,128,376,334,325
58,35,509,362,49,457,275,222,173,372,342,492
58,36,121,173,217,492,178,145,210,456,39,313
58,37,96,134,29,501,302,332,25,338,10,360
58,38,235,90,256,12,173,341,203,83,340,490
58,39,167,496,464,256,97,242,272,45,111,274
58,40,449,98,428,176,448,127,309,304,200,395
58,41,342,178,403,443,354,391,496,348,296,511
58,42,174,506,462,90,165,294,242,243,357,14
58,43,44,472,331,479,505,173,502,45,333,49
58,44,177,282,358,193,442,331,209,324,459,322
58,45,173,412,349,231,239,226,484,37,266,269
58,46,219,80,383,503,471,207,5,31,107,433
58,47,301,246,4,206,217,310,496,120,350,75
59,0,308,67,53,322,49,95,70,145,139,451
59,1,21,259,409,64,443,78,1,453,390,44
59,2,337,39,431,179,173,92,145,396,394,74
59,3,70,494,51,62,262,470,24,500,367,379
59,4,293,432,50,116,65,424,19,412,64,122
59,5,380,506,222,502,165,252,358,240,484,429
59,6,60,464,306,295,184,395,0,501,330,432
59,7,12,355,392,493,319,338,142,32,47,498
59,8,133,294,258,262,113,96,443,105,326,455
59,9,79,20,449,434,133,284,103,484,377,88
59,10,474,263,298,461,475,468,483,235,110,202
59,11,20,62,458,121,484,504,73,120,316,355
59,12,188,386,447,76,503,39,325,511,200,487
59,13,149,33,504,333,353,309,357,4,32,262
59,14,204,476,444,145,489,117,430,169,409,184
59,15,383,105,418,25,298,287,255,163,343,186
59,16,169,275,272,312,168,223,487,87,243,428
59,17,486,71,325,264,38,374,426,504,315,347
59,18,46,258,261,88,172,87,411,139,200,325
59,19,275,15,509,480,369,9,260,342,320,133
59,20,121,217,137,255,114,302,396,30,39,145
59,21,501,248,118,85,499,280,360,377,194,84
59,22,140,12,493,83,235,90,204,190,501,232
59,23,464,285,167,334,495,97,276,496,450,469
59,24,133,262,105,46,40,390,107,214,258,294
59,25,449,79,331,88,20,360,223,26,90,427
59,26,474,263,491,504,28,319,278,461,243,40
59,27,62,20,98,484,121,253,355,97,68,388
59,28,188,446,39,447,396,386,97,8,283,94
59,29,37,504,33,149,4,333,353,347,60,357
59,30,94,281,499,231,476,377,234,319,385,150
59,31,13,494,491,365,18,343,383,463,199,418
59,32,169,429,92,344,401,391,409,475,370,87
59,33,325,71,304,264,198,508,374,480,387,321
59,34,261,411,258,88,325,302,87,441,277,139
59,35,275,480,172,15,106,234,260,457,302,257
59,36,137,114,453,121,210,105,267,502,255,39
59,37,501,118,248,194,324,36,371,85,27,506
59,38,140,235,12,190,493,438,90,83,275,501
59,39,83,285,496,469,167,505,97,356,256,42
59,40,449,290,398,309,304,141,98,448,428,106
59,41,511,214,310,170,363,217,148,354,261,335
59,42,298,357,19,151,142,86,276,466,415,211
59,43,417,333,346,300,146,505,331,358,502,306
59,44,214,387,290,480,81,285,174,56,156,324
59,45,382,239,241,223,133,302,235,171,424,227
59,46,48,383,207,471,177,67,129,507,156,80
59,47,79,206,301,246,50,360,4,361,218,496
60,0,206,450,110,498,231,1,241,484,166,509
60,1,453,259,470,142,409,484,21,443,328,468
60,2,291,179,396,259,123,59,269,424,306,242
60,3,124,188,217,496,399,470,113,367,310,231
60,4,342,153,125,453,257,279,50,84,122,488
60,5,167,302,484,224,502,454,369,492,452,111
60,6,60,392,306,114,464,231,395,31,493,330
60,7,350,142,239,202,263,9,344,80,493,355
60,8,113,477,262,367,294,370,509,439,457,155
60,9,14,90,141,506,209,511,443,20,154,79
60,10,280,202,188,506,314,298,211,107,263,299
60,11,409,197,126,207,434,78,231,511,63,9
60,12,356,80,265,130,325,446,90,315,489,273
60,13,334,154,302,365,37,330,411,253,290,16
60,14,56,183,277,387,502,44,143,171,470,130
60,15,275,146,187,508,65,252,30,162,459,81
60,16,153,123,501,18,378,70,345,43,482,226
60,17,236,284,109,116,174,490,25,201,303,465
60,18,419,467,300,179,153,309,352,137,358,407
60,19,190,464,24,412,44,27,246,19,39,152
60,20,353,409,395,204,189,311,181,14,490,373
60,21,288,504,243,2,69,106,152,237,80,350
60,22,6,372,12,402,466,271,235,233,175,134
60,23,341,143,387,167,160,179,438,222,303,188
60,24,510,70,34,312,419,31,197,260,92,88
60,25,263,70,195,249,187,499,404,388,414,359
60,26,44,239,381,56,6,307,161,374,258,217
60,27,443,479,304,252,89,311,220,392,146,179
60,28,356,215,139,16,80,151,264,233,90,383
60,29,334,449,411,179,500,119,266,356,15,202
60,30,391,505,99,470,324,304,502,384,191,61
60,31,275,187,30,146,74,15,481,308,402,138
60,32,135,153,123,260,43,2,345,11,71,10
60,33,144,303,177,91,190,490,259,387,272,109
60,34,419,239,358,468,308,179,501,147,325,135
60,35,457,362,372,234,222,475,342,435,275,353
60,36,114,137,453,105,210,267,131,456,502,255
60,37,501,118,243,324,128,371,280,489,194,369
60,38,12,235,271,501,438,49,232,256,32,402
60,39,83,285,167,107,496,469,256,97,505,356
60,40,304,398,141,290,449,309,229,428,459,214
60,41,511,214,363,310,170,217,335,19,213,261
60,42,142,86,298,415,210,211,19,174,357,466
60,43,346,417,333,358,124,300,502,24,448,274
60,44,214,290,480,285,505,322,387,462,402,56
60,45,382,223,133,302,47,424,227,169,241,235
60,46,48,177,207,51,471,5,129,23,370,188
60,47,79,360,324,218,119,272,246,36,361,479
61,0,88,333,261,169,194,227,83,331,90,214
61,1,70,453,178,206,15,306,400,484,259,234
61,2,179,242,130,453,12,114,323,365,331,5
61,3,259,114,481,457,278,158,351,368,109,436
61,4,162,31,108,139,474,236,120,300,362,171
61,5,397,277,503,287,178,217,359,403,261,412
61,6,511,369,386,363,465,167,128,229,355,351
61,7,507,204,127,454,384,102,68,125,53,416
61,8,271,24,494,495,16,379,180,120,302,352
61,9,192,182,461,124,147,7,223,248,74,224
61,10,217,293,303,374,44,32,453,298,489,249
61,11,220,375,139,352,14,123,114,312,87,233
61,12,80,489,151,11,315,511,241,356,46,108
61,13,334,483,45,17,401,365,127,331,449,349
61,14,238,46,404,191,239,391,443,330,387,190
61,15,98,65,228,222,481,76,31,431,74,30
61,16,153,123,428,260,53,294,453,501,96,222
61,17,357,282,190,418,449,455,459,303,284,382
61,18,419,467,309,167,144,153,114,352,358,179
61,19,412,238,107,401,190,39,362,464,297,11
61,20,178,28,236,204,295,0,145,36,317,97
61,21,402,168,288,237,477,438,45,357,170,260
61,22,6,458,234,372,55,391,363,492,87,237
61,23,452,166,341,501,143,188,167,295,245,387
61,24,50,443,253,431,92,166,34,225,419,112
61,25,137,195,499,399,337,408,69,260,163,414
61,26,197,6,363,381,59,234,108,477,153,374
61,27,55,14,383,131,13,312,311,193,392,79
61,28,511,190,356,233,440,315,13,80,215,264
61,29,179,449,127,334,45,26,119,202,260,401
61,30,190,384,428,324,68,330,470,391,497,258
61,31,352,356,65,30,481,293,245,412,241,112
61,32,123,428,195,294,260,53,22,415,196,452
61,33,91,211,144,284,190,455,259,25,418,272
61,34,419,239,325,467,147,468,501,268,134,19
61,35,457,372,362,275,342,509,475,357,341,451
61,36,114,137,453,105,210,131,456,375,267,502
61,37,501,118,243,324,306,36,280,371,128,489
61,38,12,501,438,271,402,272,285,340,256,203
61,39,83,167,285,496,469,356,107,505,42,272
61,40,398,449,290,304,141,309,281,448,229,280
61,41,511,214,363,310,217,170,261,19,148,335
61,42,142,86,298,211,210,466,415,357,19,151
61,43,417,346,333,300,358,124,306,502,448,497
61,44,214,290,285,480,322,505,387,462,56,402
61,45,382,223,133,302,47,235,241,424,260,227
61,46,48,388,207,177,51,129,23,5,370,340
61,47,272,324,414,119,451,218,246,137,361,221
62,0,308,500,145,339,370,432,367,27,189,80
62,1,20,358,44,431,138,220,89,324,258,337
62,2,394,69,417,445,64,492,100,477,22,152
62,3,24,78,62,14,235,200,310,482,470,280
62,4,334,424,432,316,430,90,105,309,295,505
62,5,280,449,452,202,111,492,102,191,429,293
62,6,114,210,428,238,286,457,169,464,144,40
62,7,344,152,368,294,142,340,179,497,304,403
62,8,488,367,370,163,65,446,439,105,280,457
62,9,55,90,183,209,511,141,109,289,14,416
62,10,178,366,109,121,421,311,365,32,123,230
62,11,215,434,211,256,409,273,86,310,126,511
62,12,302,189,325,436,327,185,24,494,356,130
62,13,453,435,156,2,16,167,442,29,250,224
62,14,441,95,377,439,269,311,274,14,268,420
62,15,193,487,491,13,119,396,510,459,494,352
62,16,260,201,429,181,505,391,245,169,282,191
62,17,71,398,132,325,105,331,50,328,259,504
62,18,353,411,119,401,509,442,278,325,111,29
62,19,362,275,222,55,480,161,309,457,353,342
62,20,105,202,114,453,137,39,230,210,255,349
62,21,501,451,128,200,280,324,372,506,306,194
62,22,232,504,285,301,399,355,402,13,279,257
62,23,285,83,107,356,167,103,199,299,97,353
62,24,354,488,446,367,370,163,439,218,105,99
62,25,183,90,209,55,141,473,20,291,449,109
62,26,109,178,366,121,421,230,455,311,69,160
62,27,215,20,211,434,137,310,360,511,126,23
62,28,302,325,185,189,436,145,433,461,110,94
62,29,435,2,156,16,224,357,453,290,265,461
62,30,499,441,95,377,280,14,311,269,439,274
62,31,13,491,396,487,193,119,71,365,463,510
62,32,391,429,181,169,452,409,401,260,201,191
62,33,71,325,480,331,304,387,504,374,328,188
62,34,29,353,509,411,33,442,157,392,47,119
62,35,161,362,275,222,56,480,457,45,55,454
62,36,137,114,453,105,202,39,210,131,255,76
62,37,306,451,501,324,200,243,128,118,372,506
62,38,232,402,504,501,285,257,301,279,399,438
62,39,285,356,83,496,42,107,167,199,505,97
62,40,449,304,398,290,141,281,106,229,309,280
62,41,511,214,217,335,261,310,363,440,19,213
62,42,341,86,142,211,298,391,357,349,210,415
62,43,423,417,346,300,333,358,124,306,270,149
62,44,505,45,290,88,214,402,156,285,252,421
62,45,240,241,223,382,66,302,280,207,136,362
62,46,48,31,9,296,115,227,207,281,458,294
62,47,306,414,128,408,3,276,232,221,217,345
63,0,370,61,52,163,16,415,404,92,105,308
63,1,20,358,467,324,44,138,413,390,48,220
63,2,394,445,417,69,134,505,258,145,267,22
63,3,24,62,14,235,78,200,482,280,96,310
63,4,334,424,432,105,316,65,293,430,309,337
63,5,506,452,240,449,202,111,280,429,245,102
63,6,457,286,464,210,238,114,184,89,171,330
63,7,296,142,368,448,304,355,152,344,159,148
63,8,367,488,199,14,105,65,439,163,204,370
63,9,90,55,473,183,141,511,109,20,289,274
63,10,109,143,121,236,374,83,282,366,280,49
63,11,434,215,231,409,331,23,492,370,120,20
63,12,189,185,216,24,325,32,36,356,23,225
63,13,167,2,506,175,156,442,453,309,187,224
63,14,377,95,341,441,420,150,187,1,300,269
63,15,13,491,396,119,365,193,487,32,61,511
63,16,169,401,452,181,260,391,409,87,201,500
63,17,325,187,331,235,78,71,504,266,398,304
63,18,402,442,411,509,119,403,240,157,418,357
63,19,362,480,81,257,446,309,342,260,275,45
63,20,453,202,114,213,137,210,30,39,105,248
63,21,506,128,501,451,200,64,324,254,129,457
63,22,232,257,501,399,285,402,493,504,13,425
63,23,285,167,83,103,496,97,82,107,395,299
63,24,367,105,457,488,65,446,14,439,204,370
63,25,183,90,55,473,209,291,20,141,164,133
63,26,109,455,292,121,236,49,83,202,282,160
63,27,215,20,434,231,331,465,409,137,23,492
63,28,189,325,185,366,433,494,32,216,94,24
63,29,175,156,198,224,2,309,333,346,442,187
63,30,95,377,300,1,150,187,341,385,218,231
63,31,13,396,491,365,315,119,487,32,318,511
63,32,452,401,391,169,282,181,409,245,429,87
63,33,457,325,480,112,319,164,441,71,266,437
63,34,402,442,411,418,366,240,509,258,157,33
63,35,378,45,480,257,81,275,260,372,454,222
63,36,39,225,213,114,137,453,202,131,30,240
63,37,243,290,501,451,254,118,372,194,506,128
63,38,232,501,257,217,402,438,194,493,187,13
63,39,285,236,83,403,104,242,97,71,320,14
63,40,304,449,428,141,414,290,502,109,229,34
63,41,214,191,511,368,310,256,463,363,336,355
63,42,86,415,298,357,496,229,315,155,485,425
63,43,333,417,346,423,508,495,153,500,418,311
63,44,290,505,88,282,331,24,76,207,214,227
63,45,241,223,455,367,240,25,233,269,248,220
63,46,31,458,138,281,257,232,33,387,85,243
63,47,3,306,128,242,413,276,42,246,398,417
64,0,139,342,434,52,432,322,67,27,308,232
64,1,486,20,324,358,44,220,467,10,431,89
64,2,267,445,396,505,394,213,33,417,145,69
64,3,62,24,235,14,273,482,51,200,78,339
64,4,334,424,432,65,105,90,293,64,430,316
64,5,506,452,240,449,102,111,202,429,492,280
64,6,457,464,398,286,114,238,184,89,172,210
64,7,159,142,296,448,355,368,152,304,389,314
64,8,367,105,14,439,488,199,204,457,65,60
64,9,274,90,126,183,473,20,109,55,79,141
64,10,121,143,109,202,455,83,280,236,49,285
64,11,331,434,231,120,23,409,215,370,328,492
64,12,216,189,185,325,23,24,36,32,494,2
64,13,175,198,442,506,167,333,156,309,33,485
64,14,300,341,1,95,150,187,377,105,385,84
64,15,13,491,396,32,365,119,315,39,511,494
64,16,452,169,282,401,181,391,260,53,245,409
64,17,325,266,187,112,304,504,480,211,78,285
64,18,402,442,411,240,379,418,509,408,278,357
64,19,81,378,480,362,275,446,342,45,454,257
64,20,39,30,213,202,453,114,256,59,225,210
64,21,53,286,243,130,506,293,324,264,346,134
64,22,232,332,493,438,257,511,18,13,425,399
64,23,285,83,82,97,103,42,167,496,505,71
64,24,105,367,457,446,14,199,218,204,393,488
64,25,183,90,291,20,55,164,274,473,109,79
64,26,455,109,280,49,121,292,285,188,202,279
64,27,258,331,231,20,215,434,355,498,315,253
64,28,366,283,325,189,505,200,94,185,494,36
64,29,333,33,175,198,375,169,347,156,370,6
64,30,1,218,300,150,95,330,187,102,231,341
64,31,13,491,396,365,119,32,19,356,315,511
64,32,169,337,452,181,282,92,401,87,391,429
64,33,325,266,112,319,252,508,457,93,437,164
64,34,402,411,240,442,22,418,366,357,423,408
64,35,480,378,372,81,275,49,454,257,208,508
64,36,39,225,210,88,265,131,300,240,213,492
64,37,243,290,10,420,501,264,139,422,293,0
64,38,232,217,332,493,501,438,18,393,271,449
64,39,285,236,194,55,27,19,88,213,76,204
64,40,414,428,34,270,420,109,304,10,239,229
64,41,191,214,511,482,471,232,510,70,349,72
64,42,165,302,294,496,315,5,162,425,47,413
64,43,311,500,417,116,333,508,48,262,418,14
64,44,301,282,184,506,75,207,314,227,183,290
64,45,241,220,168,385,25,237,79,268,356,85
64,46,31,429,495,337,281,9,82,438,85,56
64,47,408,242,433,448,276,318,139,246,403,442
65,0,67,139,113,440,118,179,133,428,497,103
65,1,486,20,324,358,44,220,138,50,258,431
65,2,445,504,394,69,505,417,179,134,22,364
65,3,24,62,14,235,78,331,379,310,200,217
65,4,334,424,65,432,105,309,293,316,430,64
65,5,452,506,449,240,102,111,280,202,429,94
65,6,457,286,464,210,398,114,223,330,395,238
65,7,142,368,159,355,15,148,344,303,152,296
65,8,163,370,439,367,488,295,14,11,457,204
65,9,141,14,90,473,55,506,209,511,154,68
65,10,109,280,202,32,506,299,188,374,366,314
65,11,215,231,492,409,434,273,23,331,211,511
65,12,356,185,273,130,308,386,189,202,433,325
65,13,2,16,302,290,154,330,24,224,373,417
65,14,441,377,95,269,14,212,274,80,231,470
65,15,491,193,13,119,487,396,510,494,365,343
65,16,181,169,401,260,500,409,391,201,429,452
65,17,331,325,494,508,78,47,306,504,237,410
65,18,419,238,119,501,179,242,358,484,15,57
65,19,257,362,480,9,446,308,309,260,222,342
65,20,453,114,105,202,137,123,130,49,349,327
65,21,288,140,243,324,440,128,254,501,457,113
65,22,6,257,402,232,399,372,272,271,442,493
65,23,83,167,496,107,256,285,103,97,321,469
65,24,488,367,14,104,105,197,65,370,204,163
65,25,55,141,90,473,183,14,511,289,109,154
65,26,109,282,160,32,279,381,23,366,377,238
65,27,215,231,465,409,141,434,509,20,126,86
65,28,185,456,189,90,94,356,461,80,505,494
65,29,461,2,334,373,287,391,17,347,46,302
65,30,102,95,441,269,276,377,499,281,274,428
65,31,13,396,491,119,510,487,365,71,511,463
65,32,181,409,391,169,260,452,87,201,108,429
65,33,331,494,78,325,112,306,398,443,469,237
65,34,153,443,442,179,419,57,407,308,357,401
65,35,257,480,362,454,113,246,436,457,334,222
65,36,453,327,105,202,114,123,456,278,213,349
65,37,288,440,324,243,318,398,369,0,506,373
65,38,6,442,217,257,399,489,234,378,147,346
65,39,294,297,302,406,228,318,215,77,462,395
65,40,304,290,141,214,281,122,201,262,96,155
65,41,91,310,363,335,191,118,256,471,82,511
65,42,86,142,319,386,183,450,413,217,174,106
65,43,346,24,333,124,358,85,423,173,254,6
65,44,350,76,505,402,213,290,358,480,413,144
65,45,223,481,168,220,382,226,282,72,218,428
65,46,357,290,25,31,374,346,85,232,67,438
65,47,254,445,79,242,306,135,163,345,321,315
66,0,83,214,169,380,88,165,109,194,333,249
66,1,486,466,70,206,349,74,158,356,389,448
66,2,259,312,179,114,270,130,60,214,365,331
66,3,310,188,14,235,335,379,4,113,217,65
66,4,496,325,257,35,233,252,465,506,59,106
66,5,46,236,250,436,294,58,98,452,1,468
66,6,398,464,59,114,485,510,352,457,209,482
66,7,142,372,60,52,378,159,81,355,242,144
66,8,14,113,105,155,509,191,367,96,496,294
66,9,90,14,141,473,506,20,68,130,462,79
66,10,188,109,202,280,263,285,279,506,121,214
66,11,331,231,446,258,23,197,78,498,7,409
66,12,356,169,325,273,185,202,433,288,308,2
66,13,506,311,6,333,375,328,33,169,442,175
66,14,231,102,105,94,150,276,377,441,281,212
66,15,491,13,193,396,119,487,365,510,494,511
66,16,169,452,181,87,429,401,201,391,260,376
66,17,500,325,211,410,78,93,331,285,237,494
66,18,411,373,443,308,257,6,405,272,291,501
66,19,454,246,480,342,257,508,372,509,334,378
66,20,30,453,456,248,130,213,131,202,388,210
66,21,243,293,453,338,379,420,10,418,53,469
66,22,134,496,18,442,233,473,214,217,235,493
66,23,83,285,469,97,107,167,42,496,376,505
66,24,14,367,447,370,496,210,105,488,65,149
66,25,90,14,473,141,122,55,506,407,154,300
66,26,109,188,23,279,299,488,280,328,238,32
66,27,129,231,258,141,255,446,402,465,215,498
66,28,505,169,94,185,433,356,90,144,264,290
66,29,461,347,169,266,373,334,208,411,6,39
66,30,276,94,441,102,281,269,231,377,44,333
66,31,491,13,119,487,365,396,18,71,463,193
66,32,452,181,87,169,409,391,108,201,245,92
66,33,331,78,325,462,211,237,387,494,410,151
66,34,419,308,179,132,153,443,272,373,336,435
66,35,480,257,407,246,269,127,408,454,234,508
66,36,453,114,456,321,210,137,492,131,105,213
66,37,243,420,264,338,135,0,10,503,387,309
66,38,442,217,226,173,134,314,127,458,371,402
66,39,469,83,97,285,167,493,71,108,272,496
66,40,304,290,98,214,141,449,281,398,122,442
66,41,511,310,214,363,191,228,358,209,256,170
66,42,217,86,496,413,506,47,165,361,233,151
66,43,346,333,44,124,40,331,448,500,511,248
66,44,331,209,290,282,358,103,480,459,505,76
66,45,220,412,47,241,428,223,226,168,455,266
66,46,388,31,219,346,85,230,374,383,80,33
66,47,95,122,186,301,398,242,20,310,478,306
67,0,506,396,453,45,215,220,509,124,381,335
67,1,349,49,345,146,356,201,486,234,282,506
67,2,114,259,12,242,331,53,11,489,291,9
67,3,375,188,318,298,213,304,3,164,210,258
67,4,206,202,153,484,59,451,501,343,70,122
67,5,436,209,250,237,314,189,294,26,438,308
67,6,223,485,464,493,369,97,398,210,395,490
67,7,303,144,452,142,26,445,183,8,102,46
67,8,163,370,488,295,439,325,161,457,395,368
67,9,14,141,420,90,55,511,259,302,209,49
67,10,32,109,280,366,374,119,390,100,27,249
67,11,178,409,215,231,211,438,434,311,13,126
67,12,80,356,448,238,315,274,273,130,11,151
67,13,154,334,435,411,302,290,330,483,16,365
67,14,56,441,387,269,324,470,130,260,338,95
67,15,98,352,245,30,39,392,65,508,275,15
67,16,260,153,123,482,294,171,45,348,378,322
67,17,463,284,222,485,394,459,91,259,361,215
67,18,419,467,153,309,358,147,128,228,407,179
67,19,362,412,384,222,307,79,248,130,395,9
67,20,160,490,101,336,409,311,230,349,478,355
67,21,288,457,362,152,324,169,440,162,438,260
67,22,6,372,378,492,380,217,458,284,497,363
67,23,394,387,353,284,199,368,245,247,452,299
67,24,431,199,370,50,163,88,508,365,161,355
67,25,410,211,109,69,180,44,499,420,511,337
67,26,234,143,374,390,282,64,218,366,509,363
67,27,392,13,434,33,231,311,383,220,384,467
67,28,440,189,24,46,315,461,356,216,347,274
67,29,45,449,334,58,179,362,2,253,100,214
67,30,387,324,441,95,274,276,341,102,470,294
67,31,352,245,98,15,293,297,275,380,135,30
67,32,260,322,294,171,135,482,45,415,245,123
67,33,259,463,215,398,190,91,216,394,457,361
67,34,419,153,407,228,280,128,179,351,442,357
67,35,362,384,79,106,222,457,395,307,9,446
67,36,230,327,160,349,105,311,394,123,490,478
67,37,288,440,457,362,506,324,166,443,152,423
67,38,6,420,237,458,285,226,473,170,432,217
67,39,394,353,284,393,387,103,167,247,313,58
67,40,262,141,135,304,364,290,395,120,311,121
67,41,399,217,37,87,489,342,335,133,363,23
67,42,319,242,293,142,386,37,450,413,463,390
67,43,24,346,124,120,266,358,44,322,166,508
67,44,505,402,350,290,395,76,358,199,1,184
67,45,223,226,471,47,10,37,64,186,455,451
67,46,357,290,280,92,374,207,80,85,363,274
67,47,301,399,55,122,332,156,96,478,20,209
68,0,419,70,411,91,448,58,483,122,106,283
68,1,232,387,409,443,234,282,184,63,21,177
68,2,429,288,114,130,409,489,11,259,425,476
68,3,369,167,258,22,148,304,394,149,188,164
68,4,206,153,501,23,463,95,259,59,320,297
68,5,181,484,314,434,300,441,189,310,138,448
68,6,404,409,464,482,398,227,126,485,326,97
68,7,372,161,13,330,272,382,436,485,230,159
68,8,96,113,213,294,133,105,206,344,458,390
68,9,360,240,233,130,236,216,364,376,26,82
68,10,285,436,202,110,28,337,420,57,264,188
68,11,355,316,504,62,458,20,253,163,268,197
68,12,199,389,283,187,149,488,200,373,386,487
68,13,33,333,20,72,353,164,357,463,35,186
68,14,150,189,105,455,169,117,106,165,94,409
68,15,383,13,491,418,474,131,461,317,478,25
68,16,490,446,272,419,223,282,169,92,382,230
68,17,325,386,378,504,319,285,480,486,227,471
68,18,397,376,273,411,297,423,87,496,373,121
68,19,509,454,310,145,480,109,377,23,342,192
68,20,30,225,39,131,492,210,248,16,88,240
68,21,96,10,134,422,293,302,420,399,418,24
68,22,134,473,235,217,457,411,312,68,90,18
68,23,446,334,372,42,450,465,290,470,19,259
68,24,113,46,473,107,96,159,105,407,509,80
68,25,360,27,26,20,404,240,303,462,90,287
68,26,285,455,504,188,28,277,319,40,292,450
68,27,355,258,498,62,20,253,268,408,500,163
68,28,488,283,386,94,200,500,467,199,39,325
68,29,33,333,347,504,186,407,35,6,229,135
68,30,231,94,150,374,106,409,105,169,430,335
68,31,13,418,19,25,383,491,396,199,282,315
68,32,429,92,337,446,169,506,346,424,490,230
68,33,476,386,508,319,93,325,480,257,65,504
68,34,397,376,297,411,423,87,496,302,360,273
68,35,310,509,463,173,372,368,23,3,49,348
68,36,217,145,178,88,121,24,236,4,353,173
68,37,96,134,422,10,441,302,332,338,243,85
68,38,235,203,256,457,249,90,347,134,18,312
68,39,167,464,496,242,477,223,284,272,97,111
68,40,98,449,428,448,176,295,200,135,168,395
68,41,178,342,403,285,219,284,300,391,65,74
68,42,174,388,506,14,90,218,242,462,243,294
68,43,44,479,472,331,49,505,182,148,131,224
68,44,442,177,315,331,282,395,193,324,248,37
68,45,226,231,186,45,173,37,412,349,239,366
68,46,219,80,383,471,52,433,230,194,207,97
68,47,301,206,50,478,310,350,122,79,186,120
69,0,450,206,419,110,484,231,431,58,70,273
69,1,453,15,46,201,142,232,35,443,374,275
69,2,76,317,348,92,364,117,45,355,302,417
69,3,376,340,69,103,444,78,68,151,62,391
69,4,197,12,9,424,323,412,409,422,272,149
69,5,212,347,464,232,449,293,419,382,32,342
69,6,37,103,286,325,139,178,95,249,202,473
69,7,401,78,306,37,368,448,423,103,2,431
69,8,199,508,355,186,50,290,112,88,92,305
69,9,263,274,499,211,44,126,109,195,420,70
69,10,365,374,217,143,234,44,307,293,27,366
69,11,392,220,383,311,33,105,399,87,352,356
69,12,151,216,241,302,315,356,11,46,80,189
69,13,435,485,154,334,253,365,179,401,290,16
69,14,391,171,387,115,85,191,48,1,190,99
69,15,275,187,30,146,218,481,65,252,15,380
69,16,153,501,123,135,345,18,260,378,70,348
69,17,418,144,116,357,284,177,238,459,303,382
69,18,419,467,147,438,153,300,502,352,167,179
69,19,238,44,362,401,190,39,464,86,397,11
69,20,204,409,490,390,353,373,223,386,97,28
69,21,288,237,402,260,152,168,45,2,330,169
69,22,6,484,363,380,458,403,378,108,452,492
69,23,341,143,387,167,58,223,222,188,160,501
69,24,281,34,92,70,88,419,440,253,431,112
69,25,499,412,263,408,195,137,403,404,373,163
69,26,44,239,143,6,369,79,191,374,197,381
69,27,479,220,392,304,443,105,144,146,420,311
69,28,233,215,190,1,356,151,2,511,264,115
69,29,334,179,449,187,356,203,253,411,362,349
69,30,391,304,171,469,298,61,1,387,99,505
69,31,275,481,187,252,30,218,65,420,146,135
69,32,153,501,123,135,2,260,249,18,276,348
69,33,144,116,303,418,455,288,177,490,201,382
69,34,419,407,153,179,467,147,438,358,57,501
69,35,106,44,401,11,91,464,246,39,107,297
69,36,390,327,409,386,373,204,311,353,133,490
69,37,288,260,169,45,332,237,168,48,280,266
69,38,6,420,92,403,342,62,234,351,94,299
69,39,341,167,143,387,222,198,223,58,160,134
69,40,16,499,120,402,135,231,176,348,205,262
69,41,489,61,130,439,100,390,23,296,268,350
69,42,218,37,423,319,131,420,48,79,354,463
69,43,425,224,456,83,173,497,24,126,124,131
69,44,232,358,195,1,327,49,501,103,505,333
69,45,455,366,37,226,376,324,453,412,419,136
69,46,357,290,486,145,194,374,314,252,481,43
69,47,445,79,55,122,301,412,393,143,496,242
70,0,88,333,169,262,83,261,331,487,114,194
70,1,70,15,484,178,77,306,443,436,453,97
70,2,130,114,12,372,270,365,242,323,312,453
70,3,259,481,114,158,457,351,368,89,278,226
70,4,162,108,139,31,236,300,474,451,120,484
70,5,397,277,503,287,45,178,359,467,261,412
70,6,369,223,465,386,167,363,125,511,229,97
70,7,102,507,127,204,454,384,68,303,273,53
70,8,271,379,24,163,370,290,495,488,494,180
70,9,182,192,124,461,223,147,224,69,109,511
70,10,32,366,374,489,303,249,453,365,64,221
70,11,220,178,452,392,211,438,215,311,13,223
70,12,80,151,315,356,11,241,238,274,489,46
70,13,45,334,483,154,17,435,365,290,330,2
70,14,115,281,46,404,324,441,387,260,238,56
70,15,98,352,245,64,392,30,39,65,162,228
70,16,260,171,153,294,45,222,482,123,476,348
70,17,284,394,485,459,223,222,245,418,144,346
70,18,419,467,309,153,300,484,358,179,147,144
70,19,412,141,362,307,190,250,130,39,248,19
70,20,28,236,204,274,101,311,82,355,69,36
70,21,438,288,402,477,237,152,332,260,243,168
70,22,6,458,55,508,363,372,492,378,237,234
70,23,452,394,387,245,438,247,393,251,297,199
70,24,50,431,44,443,220,500,86,305,216,370
70,25,211,195,499,337,163,410,263,420,69,260
70,26,197,363,6,381,234,217,108,307,474,408
70,27,14,383,312,55,220,222,311,392,56,144
70,28,190,233,511,356,45,13,151,440,241,315
70,29,127,179,483,134,45,334,449,362,212,349
70,30,190,68,48,384,428,115,85,67,16,239
70,31,65,352,245,364,98,30,275,356,402,252
70,32,123,171,175,260,294,348,324,428,328,322
70,33,284,418,455,222,144,238,459,357,224,69
70,34,467,153,315,407,358,266,57,237,419,312
70,35,412,141,193,107,91,29,362,401,39,297
70,36,204,178,373,8,502,327,236,82,28,101
70,37,332,288,280,477,402,260,237,122,152,324
70,38,6,257,234,62,458,231,508,420,409,363
70,39,297,294,318,143,228,341,387,406,452,212
70,40,16,74,176,439,135,262,1,395,497,402
70,41,410,61,485,390,272,87,279,130,486,229
70,42,218,462,319,243,131,293,37,152,294,159
70,43,44,83,224,421,124,24,497,342,406,131
70,44,74,441,49,336,459,177,358,331,350,103
70,45,45,226,37,173,136,455,324,254,125,481
70,46,357,290,219,388,393,262,230,194,383,80
70,47,478,301,122,451,496,74,138,206,163,60
71,0,232,70,215,220,456,453,128,135,310,396
71,1,192,484,409,15,453,443,232,436,259,444
71,2,114,12,291,323,331,130,5,242,453,184
71,3,259,481,114,457,89,278,351,158,368,452
71,4,162,139,108,236,362,300,31,474,247,120
71,5,277,397,316,503,287,359,261,45,178,217
71,6,465,369,386,511,97,229,122,351,355,363
71,7,204,127,384,507,454,102,416,53,68,125
71,8,352,16,271,180,379,302,495,411,24,494
71,9,192,248,182,461,223,224,147,165,124,7
71,10,32,366,198,293,217,234,317,363,27,298
71,11,168,131,193,14,187,233,312,220,139,428
71,12,11,151,489,238,80,462,273,372,356,241
71,13,483,17,401,330,384,127,246,460,344,203
71,14,320,19,68,93,213,46,249,404,447,260
71,15,175,64,228,245,65,392,266,352,98,66
71,16,171,482,428,470,90,207,101,476,294,245
71,17,284,144,16,164,442,401,306,215,222,394
71,18,419,179,309,300,407,57,361,482,167,501
71,19,129,421,75,510,384,341,353,142,307,412
71,20,488,349,478,354,409,310,298,459,511,170
71,21,288,440,211,243,233,181,284,162,113,48
71,22,6,378,450,372,492,497,406,271,55,278
71,23,394,387,368,6,297,341,313,228,143,199
71,24,186,331,325,370,163,419,295,402,431,88
71,25,185,363,320,420,269,511,262,180,62,299
71,26,50,234,29,279,23,433,317,456,238,425
71,27,168,178,33,374,409,122,141,13,311,509
71,28,11,372,107,494,356,473,350,174,327,264
71,29,119,483,287,359,398,324,213,411,302,188
71,30,19,147,213,345,175,269,160,470,56,130
71,31,487,293,352,231,175,66,245,81,392,356
71,32,196,90,245,505,482,225,260,500,470,216
71,33,215,164,306,237,123,143,359,222,268,67
71,34,407,482,179,257,134,57,229,332,82,440
71,35,142,129,193,113,399,40,75,384,308,292
71,36,327,349,488,437,93,8,310,468,278,65
71,37,226,48,288,440,166,211,97,81,336,298
71,38,6,363,107,62,145,312,409,407,141,421
71,39,294,297,228,318,328,510,46,360,206,338
71,40,16,456,281,497,231,352,29,130,176,262
71,41,79,415,410,272,29,87,486,279,314,328
71,42,268,386,280,48,236,172,95,122,291,489
71,43,342,266,224,284,360,497,193,380,126,83
71,44,160,350,336,352,76,103,281,74,366,385
71,45,226,103,220,481,37,367,252,324,64,418
71,46,383,466,357,280,53,290,80,374,219,16
71,47,301,399,478,332,55,433,156,496,206,475
72,0,70,91,419,106,107,232,448,302,411,133
72,1,409,443,232,15,21,259,453,484,444,282
72,2,471,282,130,41,331,179,323,489,114,12
72,3,304,494,167,500,164,41,315,394,470,136
72,4,153,297,484,377,300,453,139,451,162,206
72,5,484,181,314,503,397,359,289,300,30,287
72,6,330,198,395,227,60,432,97,306,295,96
72,7,102,127,477,58,224,330,273,372,68,232
72,8,344,379,352,302,24,16,282,271,21,141
72,9,124,223,182,224,275,461,368,192,147,240
72,10,280,32,489,243,27,107,366,390,109,64
72,11,33,215,211,409,13,231,178,384,311,434
72,12,80,315,356,238,130,274,46,241,151,448
72,13,45,16,435,334,2,154,411,287,253,290
72,14,441,324,56,387,502,274,260,269,95,115
72,15,245,352,98,30,15,39,293,241,220,187
72,16,294,260,153,482,196,322,123,135,45,127
72,17,346,259,215,190,91,284,442,187,459,16
72,18,419,358,153,407,179,167,119,438,114,309
72,19,362,79,307,384,113,464,297,308,123,147
72,20,160,349,478,369,148,409,483,311,105,202
72,21,362,288,457,440,211,324,162,471,280,64
72,22,6,458,217,372,378,380,266,55,492,456
72,23,294,228,297,435,387,58,247,134,199,318
72,24,508,88,199,163,331,466,355,161,365,370
72,25,63,211,17,67,69,44,420,109,410,304
72,26,234,50,282,279,230,381,390,509,152,365
72,27,392,33,13,86,311,211,220,193,246,360
72,28,11,46,372,189,494,356,51,238,139,107
72,29,411,435,119,302,394,40,250,200,16,385
72,30,19,249,324,130,387,56,262,374,274,441
72,31,352,245,30,220,15,81,241,135,91,412
72,32,482,153,300,196,204,479,294,216,272,277
72,33,463,457,215,90,102,67,259,91,333,187
72,34,418,280,407,442,379,209,351,403,5,74
72,35,193,113,291,362,353,40,307,151,7,431
72,36,65,470,369,327,349,160,250,394,202,354
72,37,288,166,440,226,48,373,448,314,381,152
72,38,6,380,197,421,62,234,361,456,356,147
72,39,294,228,297,318,392,328,510,104,115,77
72,40,66,130,48,123,270,32,218,125,365,352
72,41,91,37,54,363,281,463,21,481,160,162
72,42,294,390,442,14,215,415,29,165,418,8
72,43,243,85,266,373,156,300,83,279,406,44
72,44,339,282,266,366,79,442,301,395,169,275
72,45,231,237,239,220,484,269,303,45,280,54
72,46,219,383,80,471,433,207,52,16,317,5
72,47,301,4,206,350,478,217,496,365,310,399
73,0,116,70,248,393,457,206,23,166,110,219
73,1,409,443,21,453,259,15,388,111,502,12
73,2,41,350,337,323,331,12,396,374,114,130
73,3,41,494,304,262,367,51,164,500,123,315
73,4,153,297,453,19,11,125,50,342,122,59
73,5,506,289,314,181,308,70,224,231,452,484
73,6,60,306,198,295,227,97,464,395,96,491
73,7,12,224,145,464,17,319,189,126,169,249
73,8,294,390,262,133,181,46,96,423,134,121
73,9,153,240,450,26,344,104,142,430,467,310
73,10,107,243,71,213,506,325,14,249,229,475
73,11,49,350,332,511,424,464,104,185,108,163
73,12,386,80,356,150,315,277,448,130,450,297
73,13,154,16,184,387,22,417,302,290,288,250
73,14,441,269,14,439,377,56,212,80,274,95
73,15,487,193,491,510,119,459,13,61,30,352
73,16,409,500,260,505,201,245,181,87,191,62
73,17,325,452,508,187,259,410,331,442,285,143
73,18,419,179,153,57,501,358,238,119,407,135
73,19,362,257,457,384,446,9,480,341,307,395
73,20,105,395,114,137,349,453,327,160,508,230
73,21,324,457,288,243,440,501,420,387,176,391
73,22,6,458,217,234,203,32,54,452,372,496
73,23,83,285,299,321,167,107,496,256,103,199
73,24,197,163,367,370,488,207,457,204,104,325
73,25,141,504,511,90,154,14,55,209,289,109
73,26,279,280,202,121,109,238,160,381,390,473
73,27,409,434,78,408,231,331,465,279,385,215
73,28,32,356,161,11,325,372,315,48,456,350
73,29,457,442,302,119,411,287,362,398,179,449
73,30,441,274,401,377,187,105,470,19,1,269
73,31,510,119,391,487,491,459,193,27,30,61
73,32,409,500,201,429,424,260,245,433,110,505
73,33,325,452,469,187,112,331,62,442,143,508
73,34,25,407,179,69,501,39,57,408,238,272
73,35,308,40,222,362,123,307,341,142,75,291
73,36,327,508,94,349,30,33,173,395,430,332
73,37,144,288,382,300,267,503,440,234,324,125
73,38,6,421,508,217,452,32,393,409,147,258
73,39,294,297,228,302,318,510,77,215,406,115
73,40,290,304,262,449,281,230,163,100,460,218
73,41,485,443,511,440,217,363,478,454,257,457
73,42,215,217,376,507,361,165,294,58,10,439
73,43,333,346,339,85,331,412,18,427,156,430
73,44,275,131,442,331,282,169,395,79,76,174
73,45,484,220,237,452,303,231,349,443,63,269
73,46,219,383,80,250,466,490,177,433,16,203
73,47,301,272,414,137,246,350,310,478,218,206
74,0,242,179,197,16,49,53,145,42,189,184
74,1,21,259,409,78,64,443,1,12,484,94
74,2,337,39,396,41,173,316,35,449,273,430
74,3,494,262,24,70,367,433,379,58,339,391
74,4,65,432,412,293,64,424,116,316,299,334
74,5,222,165,506,186,380,102,429,107,351,22
74,6,295,60,36,306,464,184,286,141,251,0
74,7,12,355,338,392,61,359,296,142,411,244
74,8,66,258,133,164,44,105,220,375,242,50
74,9,499,404,133,456,372,301,79,246,418,134
74,10,49,258,474,353,292,160,263,235,402,340
74,11,2,62,295,120,403,459,14,66,112,114
74,12,503,511,45,188,386,487,411,76,1,240
74,13,333,212,149,4,32,76,309,33,182,405
74,14,469,453,234,184,238,204,239,209,408,150
74,15,494,383,380,343,311,297,501,32,295,110
74,16,70,61,168,453,125,275,263,428,492,240
74,17,418,38,41,315,455,476,282,382,257,486
74,18,258,88,360,46,139,172,484,200,496,397
74,19,348,369,509,15,130,310,309,260,335,9
74,20,24,236,217,274,121,416,396,82,480,458
74,21,84,499,85,472,118,332,218,152,27,245
74,22,204,265,140,493,134,425,148,90,187,85
74,23,167,452,496,450,464,21,82,276,36,407
74,24,133,390,258,220,262,44,66,164,95,443
74,25,133,499,404,456,360,246,301,427,26,384
74,26,474,235,292,353,475,263,110,69,49,340
74,27,62,295,2,98,388,403,121,14,382,253
74,28,188,386,76,190,511,396,503,447,433,39
74,29,212,32,504,309,353,443,93,333,24,110
74,30,234,384,408,239,377,453,238,95,391,169
74,31,494,383,418,199,343,218,380,297,402,65
74,32,70,428,168,375,429,61,453,8,236,123
74,33,418,38,315,455,282,476,41,317,235,277
74,34,258,139,88,302,397,172,87,221,496,271
74,35,15,369,348,310,260,130,172,49,276,309
74,36,274,217,24,236,121,102,480,416,396,336
74,37,84,118,499,290,218,29,472,422,270,85
74,38,204,140,85,265,235,90,83,173,338,84
74,39,496,167,452,446,464,295,480,82,495,21
74,40,449,309,448,291,98,428,86,49,88,314
74,41,356,178,390,129,403,496,27,440,88,89
74,42,19,165,14,90,159,57,282,191,199,388
74,43,244,44,234,45,476,11,479,91,326,125
74,44,248,282,141,286,234,302,368,266,119,366
74,45,32,269,408,237,220,231,262,182,394,484
74,46,80,219,384,60,383,16,293,271,52,346
74,47,206,186,50,301,398,310,496,242,229,120
75,0,206,450,110,498,231,1,484,325,166,241
75,1,453,259,443,470,21,19,142,82,484,67
75,2,396,71,291,179,59,213,33,269,370,114
75,3,367,87,188,124,496,500,41,379,113,217
75,4,125,453,153,279,218,342,50,95,84,442
75,5,302,484,460,132,167,228,107,506,88,139
75,6,60,306,392,295,36,330,231,31,364,424
75,7,350,12,221,239,493,263,202,319,9,142
75,8,220,347,96,113,262,375,423,66,295,367
75,9,449,79,90,499,82,130,377,142,456,141
75,10,258,324,202,263,115,188,353,347,506,299
75,11,2,403,125,62,197,120,331,295,73,20
75,12,97,5,265,168,240,362,234,386,200,39
75,13,333,149,182,4,33,6,82,463,35,87
75,14,105,184,455,247,231,209,476,94,102,326
75,15,13,396,491,32,365,298,418,506,383,64
75,16,282,452,53,419,92,99,490,169,32,424
75,17,41,476,347,504,285,370,378,257,404,319
75,18,261,292,60,139,277,140,411,87,100,496
75,19,335,348,290,312,454,77,480,509,342,296
75,20,458,24,30,480,142,82,131,248,246,210
75,21,84,270,42,267,403,109,245,118,218,152
75,22,85,338,233,134,212,466,496,5,140,493
75,23,285,82,334,83,194,199,430,323,483,242
75,24,370,11,439,96,325,175,243,95,295,46
75,25,141,14,90,68,154,442,473,82,506,214
75,26,109,188,299,506,238,280,107,243,213,202
75,27,141,258,163,350,498,23,397,215,84,20
75,28,433,94,386,505,197,169,489,264,63,356
75,29,154,461,58,184,169,181,334,16,347,302
75,30,231,377,212,408,14,441,281,94,102,95
75,31,491,494,375,193,13,18,199,271,71,32
75,32,429,169,92,400,191,62,181,401,346,201
75,33,387,508,148,285,480,325,376,257,476,50
75,34,268,419,239,9,60,140,45,86,325,292
75,35,335,348,312,290,386,260,368,342,488,465
75,36,458,274,142,24,217,39,246,480,484,194
75,37,84,270,109,165,42,95,267,420,218,22
75,38,85,338,5,493,134,235,140,233,466,508
75,39,82,285,256,430,236,71,19,495,21,242
75,40,428,449,291,209,60,314,49,309,346,470
75,41,356,129,495,50,260,192,453,293,62,336
75,42,272,165,19,305,162,296,159,14,199,360
75,43,234,1,476,163,125,443,430,494,332,449
75,44,312,415,161,57,368,197,110,325,234,404
75,45,408,32,63,43,74,218,485,425,168,237
75,46,37,88,293,60,434,292,271,31,85,297
75,47,79,299,242,95,398,496,157,229,445,256
76,0,88,333,169,261,194,227,83,331,214,165
76,1,453,70,259,67,443,400,484,206,178,469
76,2,396,179,242,312,130,114,158,12,270,331
76,3,367,87,113,399,334,124,379,188,115,41
76,4,11,453,218,59,279,342,141,189,125,309
76,5,302,132,231,88,308,228,289,484,369,486
76,6,60,306,223,125,284,361,424,198,114,97
76,7,497,17,126,303,202,142,239,452,263,109
76,8,295,367,95,395,488,423,370,163,175,66
76,9,141,14,90,209,82,473,506,154,449,20
76,10,280,506,314,212,109,202,107,366,324,211
76,11,409,78,331,197,231,207,63,161,403,137
76,12,197,265,362,5,234,356,168,261,162,97
76,13,87,126,4,182,149,58,333,141,357,37
76,14,441,105,95,231,14,377,269,276,102,274
76,15,487,491,193,13,119,510,32,459,352,105
76,16,260,282,409,201,245,394,344,424,500,140
76,17,325,404,259,410,442,398,304,80,272,470
76,18,419,358,119,153,501,179,137,228,128,468
76,19,362,446,384,457,480,9,222,395,188,275
76,20,105,230,160,151,349,114,137,142,336,210
76,21,457,288,324,501,308,254,243,362,391,280
76,22,6,458,214,372,217,233,402,466,436,147
76,23,313,285,299,83,167,103,297,368,73,353
76,24,163,367,457,96,508,439,409,370,197,294
76,25,90,141,289,407,511,209,82,55,180,109
76,26,280,473,390,279,121,381,324,153,109,243
76,27,434,384,13,409,331,181,389,315,20,484
76,28,325,94,24,185,442,91,315,274,461,356
76,29,179,449,442,506,334,10,275,126,411,401
76,30,441,150,274,105,420,377,147,218,329,499
76,31,487,13,463,185,491,119,352,193,212,506
76,32,344,260,169,429,282,201,409,181,191,397
76,33,224,71,325,442,426,259,469,272,187,374
76,34,407,358,325,39,153,419,179,228,357,501
76,35,480,275,362,457,193,91,446,384,308,9
76,36,105,137,502,114,160,327,230,267,349,453
76,37,457,280,324,501,288,506,507,254,128,445
76,38,6,62,285,402,418,378,496,359,478,139
76,39,294,228,297,302,318,392,60,328,212,32
76,40,497,290,398,281,304,141,262,459,97,231
76,41,91,363,213,423,355,217,303,421,19,388
76,42,211,142,319,290,378,298,291,386,415,234
76,43,98,346,417,358,497,124,462,24,421,224
76,44,290,214,322,505,350,402,285,336,76,232
76,45,136,226,252,223,362,382,455,37,272,64
76,46,357,290,48,129,507,388,274,14,413,177
76,47,260,143,233,122,416,242,301,296,478,470
77,0,87,436,143,287,29,159,90,449,84,20
77,1,204,407,364,161,339,66,271,432,399,109
77,2,320,46,229,93,416,448,149,177,34,251
77,3,511,508,87,119,367,97,349,334,116,496
77,4,248,307,210,328,492,183,194,254,181,218
77,5,307,228,105,132,208,392,88,186,156,308
77,6,303,436,25,205,306,343,361,100,287,281
77,7,62,126,180,82,391,109,240,385,34,96
77,8,315,95,338,96,220,295,347,424,367,375
77,9,82,112,90,473,141,400,424,79,133,20
77,10,324,42,396,115,294,375,506,136,319,353
77,11,403,161,315,150,96,2,125,295,70,120
77,12,197,362,292,92,83,5,355,403,443,240
77,13,182,357,333,507,4,111,271,218,341,87
77,14,184,105,208,217,327,417,165,209,23,453
77,15,418,298,396,13,506,203,474,105,32,446
77,16,490,282,419,506,223,230,142,446,32,272
77,17,476,41,257,227,504,232,418,311,206,370
77,18,329,456,73,45,60,204,140,180,382,411
77,19,77,348,296,335,312,509,454,290,342,61
77,20,503,24,458,82,314,274,480,236,165,200
77,21,84,270,267,218,139,158,140,403,196,245
77,22,95,313,85,67,4,5,491,482,411,275
77,23,82,194,285,36,256,447,483,446,31,9
77,24,96,220,375,95,214,347,315,338,46,473
77,25,384,360,404,133,112,26,153,450,82,499
77,26,235,315,333,474,324,110,42,475,396,294
77,27,295,403,62,2,285,253,98,312,458,292
77,28,62,386,240,487,83,71,197,270,172,355
77,29,182,504,32,83,333,33,389,134,360,404
77,30,79,453,23,398,423,469,390,217,239,409
77,31,418,380,494,343,311,65,25,383,199,405
77,32,70,506,61,375,149,424,8,419,490,322
77,33,476,41,418,65,257,38,194,232,315,227
77,34,456,329,397,45,382,271,73,22,131,204
77,35,77,348,23,310,11,276,372,166,369,130
77,36,274,503,236,24,217,200,314,480,102,82
77,37,84,96,422,139,290,22,420,196,29,270
77,38,67,95,46,138,313,4,85,491,107,294
77,39,496,167,452,111,223,464,480,477,194,495
77,40,449,309,428,86,470,402,218,49,216,143
77,41,178,390,351,356,312,20,52,302,290,440
77,42,388,36,165,80,506,302,8,199,159,272
77,43,44,133,234,125,451,472,309,331,197,203
77,44,248,315,234,441,502,362,150,209,183,228
77,45,237,220,168,379,270,213,269,412,42,303
77,46,445,219,60,346,25,232,292,85,230,374
77,47,254,445,398,242,79,427,229,475,186,95
78,0,261,83,333,88,214,169,380,111,165,194
78,1,70,466,33,449,206,432,315,271,349,67
78,2,416,259,46,312,150,331,5,270,130,93
78,3,367,87,304,41,346,188,349,113,379,65
78,4,189,496,453,233,27,35,257,218,492,183
78,5,228,88,307,132,105,171,250,392,186,208
78,6,186,436,100,308,474,108,448,303,25,317
78,7,82,34,38,180,47,240,404,62,54,64
78,8,315,347,220,96,338,439,375,214,455,295
78,9,90,79,20,141,424,301,473,133,82,400
78,10,324,188,42,294,256,115,235,396,136,49
78,11,150,125,403,2,96,315,185,20,197,120
78,12,355,240,62,292,403,322,487,386,26,359
78,13,182,333,33,311,6,4,459,217,357,360
78,14,105,453,455,326,476,150,208,23,231,327
78,15,383,396,418,13,501,491,32,311,405,298
78,16,282,61,223,419,490,446,424,53,272,149
78,17,41,261,476,323,227,257,272,378,319,418
78,18,456,376,397,60,45,73,382,411,286,204
78,19,77,348,509,23,296,276,454,335,312,290
78,20,458,24,503,314,82,165,274,480,367,246
78,21,84,270,139,165,152,342,267,403,422,96
78,22,85,5,430,134,496,411,335,482,313,383
78,23,194,483,236,470,447,450,126,138,36,142
78,24,134,46,96,473,220,439,223,456,375,95
78,25,68,442,346,96,153,214,450,111,506,154
78,26,213,107,71,299,506,471,48,119,206,379
78,27,49,163,511,84,273,492,141,197,397,211
78,28,290,94,489,356,113,63,96,264,433,390
78,29,184,302,385,288,16,154,22,417,387,250
78,30,80,212,233,14,441,314,136,32,154,95
78,31,22,193,426,68,346,169,375,37,54,61
78,32,429,140,23,74,91,163,480,58,391,51
78,33,365,305,50,389,499,372,12,398,328,84
78,34,119,347,264,302,350,318,26,49,184,128
78,35,426,453,222,362,192,309,162,37,277,174
78,36,243,348,16,485,45,291,363,211,78,55
78,37,255,46,324,379,131,150,418,468,453,297
78,38,41,205,345,261,287,30,456,75,57,284
78,39,389,334,323,27,338,285,215,337,9,331
78,40,138,173,309,335,354,172,508,64,4,278
78,41,55,240,244,391,354,491,495,103,336,482
78,42,272,140,165,417,154,36,288,331,496,315
78,43,476,168,14,418,430,154,500,338,155,309
78,44,197,207,399,433,209,397,234,451,184,76
78,45,220,168,47,328,103,158,25,203,94,388
78,46,85,388,219,346,60,230,374,307,67,27
78,47,398,95,242,497,138,301,273,427,475,296
79,0,506,396,45,453,124,215,381,509,484,423
79,1,49,33,345,449,436,282,234,25,453,166
79,2,416,114,5,242,53,331,12,489,11,323
79,3,304,41,375,318,210,349,164,188,367,427
79,4,206,153,484,189,202,209,70,59,451,377
79,5,209,237,397,314,386,50,356,308,66,138
79,6,474,223,369,448,412,150,186,490,97,167
79,7,102,452,445,46,475,8,303,144,26,372
79,8,325,370,295,163,439,243,63,488,175,395
79,9,14,141,259,420,90,49,209,511,506,302
79,10,280,32,107,27,366,119,23,100,109,249
79,11,33,178,231,409,311,215,392,141,211,438
79,12,80,356,315,238,11,241,448,151,46,273
79,13,483,45,302,253,40,330,17,334,460,2
79,14,56,115,387,441,191,470,85,130,389,277
79,15,98,245,352,275,162,39,65,15,187,508
79,16,260,153,348,171,378,482,123,294,322,345
79,17,361,485,463,284,459,222,254,394,215,223
79,18,419,309,153,358,467,147,118,407,501,361
79,19,130,19,362,412,222,141,333,307,50,248
79,20,490,311,101,34,189,409,469,478,393,51
79,21,288,152,162,243,166,438,471,457,133,335
79,22,6,372,380,492,378,363,458,480,55,88
79,23,394,284,387,247,222,393,368,353,477,87
79,24,199,216,355,186,90,365,370,225,431,489
79,25,410,211,263,44,499,420,109,332,403,180
79,26,234,143,307,89,374,161,317,217,290,369
79,27,392,220,432,311,383,33,105,459,2,295
79,28,216,440,2,189,347,46,487,24,494,152
79,29,45,179,449,334,416,203,100,362,2,483
79,30,300,276,1,115,404,95,387,324,341,338
79,31,352,245,98,380,297,15,187,392,293,397
79,32,260,171,294,482,245,322,135,240,415,378
79,33,222,361,463,215,394,259,457,333,237,398
79,34,419,407,280,153,5,379,179,351,358,128
79,35,362,79,45,384,100,222,106,431,436,112
79,36,327,34,160,230,101,394,349,311,490,478
79,37,166,288,440,457,362,324,226,506,48,65
79,38,6,372,170,458,363,418,432,403,307,234
79,39,394,284,353,387,393,251,103,121,167,368
79,40,135,141,262,364,304,395,18,74,438,34
79,41,399,87,489,462,83,439,350,363,37,210
79,42,242,293,319,37,386,142,390,268,450,439
79,43,24,346,124,44,322,120,359,266,508,246
79,44,402,505,350,1,290,358,76,49,184,59
79,45,223,226,10,455,328,124,366,324,37,64
79,46,357,290,280,80,374,92,85,67,200,383
79,47,301,399,55,122,332,96,156,206,496,242
80,0,419,70,411,91,448,58,483,122,106,283
80,1,232,443,234,387,409,282,184,33,15,63
80,2,429,288,130,489,409,11,114,5,425,374
80,3,369,148,149,258,167,22,304,164,41,394
80,4,206,153,463,219,23,189,59,453,218,95
80,5,484,181,356,314,50,40,434,300,383,88
80,6,100,448,474,409,482,186,424,21,36,404
80,7,372,161,330,13,342,138,272,98,82,229
80,8,96,213,46,390,214,133,458,394,375,220
80,9,424,216,322,499,384,82,360,233,240,376
80,10,324,235,333,110,475,115,57,347,337,205
80,11,403,2,62,125,285,316,295,458,120,504
80,12,199,389,355,283,240,187,386,487,62,411
80,13,182,333,33,459,111,192,357,353,217,360
80,14,469,453,326,409,105,117,169,165,411,417
80,15,405,418,25,446,203,288,474,199,19,380
80,16,223,272,424,243,490,506,142,134,278,61
80,17,476,41,261,262,227,257,486,323,471,418
80,18,397,376,60,456,273,51,297,480,496,45
80,19,77,509,310,348,23,276,300,454,166,368
80,20,236,458,24,367,480,248,165,274,389,240
80,21,96,84,139,422,420,24,134,399,42,378
80,22,134,5,235,70,377,141,85,173,94,430
80,23,194,36,447,450,9,452,156,42,483,372
80,24,46,473,213,220,80,133,375,96,113,390
80,25,404,360,384,499,26,233,430,153,240,27
80,26,235,474,110,475,333,224,320,277,57,337
80,27,62,98,295,253,355,47,490,403,14,382
80,28,187,386,433,188,389,39,270,487,467,240
80,29,504,32,212,347,361,33,19,389,134,240
80,30,411,409,234,79,169,390,398,384,434,453
80,31,199,218,343,494,418,383,65,25,297,380
80,32,70,375,428,419,168,340,123,429,8,61
80,33,418,476,38,257,188,317,41,315,235,455
80,34,397,456,297,376,107,302,271,45,496,101
80,35,310,276,130,348,260,77,412,173,232,368
80,36,236,178,24,217,121,145,302,274,503,262
80,37,96,332,422,84,134,139,420,441,485,399
80,38,235,134,359,256,90,377,457,312,347,83
80,39,496,167,464,111,477,223,452,480,236,284
80,40,449,98,448,402,176,200,428,234,86,309
80,41,178,390,342,356,285,219,61,403,312,348
80,42,218,506,363,14,466,241,8,61,68,493
80,43,44,479,38,472,182,148,198,331,261,131
80,44,441,177,232,370,510,48,459,234,193,59
80,45,231,45,226,412,220,173,186,239,473,349
80,46,219,80,262,52,383,67,374,433,252,358
80,47,206,301,50,496,310,242,398,478,497,350
81,0,450,206,419,110,484,431,231,58,463,144
81,1,453,15,46,201,443,374,461,142,35,232
81,2,12,242,453,291,76,244,114,323,416,5
81,3,376,340,259,481,278,457,114,103,109,69
81,4,108,162,362,12,139,474,9,300,197,31
81,5,277,261,287,178,397,212,359,412,403,45
81,6,369,465,363,37,386,511,355,167,128,202
81,7,507,204,454,127,102,384,68,125,273,416
81,8,494,24,120,271,302,180,379,16,495,290
81,9,192,461,124,182,147,74,7,223,248,165
81,10,44,366,374,32,217,303,363,489,453,293
81,11,220,452,123,356,139,392,223,312,87,383
81,12,151,489,80,241,238,315,302,511,1,130
81,13,365,334,290,154,435,331,401,253,17,349
81,14,46,391,238,215,387,330,502,56,171,414
81,15,30,65,481,187,402,218,79,76,112,146
81,16,153,501,123,18,260,43,398,428,324,70
81,17,54,357,418,16,303,284,449,98,288,238
81,18,419,467,352,144,153,167,407,114,309,502
81,19,238,412,401,464,19,221,399,141,122,107
81,20,28,97,204,386,178,390,176,8,145,272
81,21,288,2,168,330,438,402,106,120,47,259
81,22,6,484,363,197,108,492,55,474,244,87
81,23,341,143,387,167,166,188,222,439,490,46
81,24,253,86,112,429,427,320,371,92,34,225
81,25,163,263,499,408,266,137,128,466,267,242
81,26,293,44,89,307,217,374,415,234,303,197
81,27,220,312,123,105,365,429,308,193,153,341
81,28,151,241,420,249,1,356,511,489,16,215
81,29,179,449,127,401,500,334,15,203,275,384
81,30,46,391,153,384,85,68,428,502,190,24
81,31,187,275,65,30,15,218,380,308,364,135
81,32,43,135,153,123,428,226,260,348,501,398
81,33,144,303,177,16,418,54,382,214,193,284
81,34,407,419,51,153,438,414,467,352,484,216
81,35,238,464,309,362,314,221,412,222,141,288
81,36,327,8,272,145,204,28,122,373,437,176
81,37,288,168,417,477,2,298,357,438,502,312
81,38,6,484,107,234,38,508,53,342,419,16
81,39,341,167,143,387,452,58,223,222,394,123
81,40,16,499,176,135,141,395,233,402,448,348
81,41,439,61,285,489,23,485,296,415,348,279
81,42,319,265,218,93,95,131,33,488,389,462
81,43,224,44,497,126,425,124,131,148,83,414
81,44,454,103,177,190,308,358,350,501,458,160
81,45,226,37,176,324,154,349,493,45,280,136
81,46,357,290,393,67,509,457,374,166,45,462
81,47,445,242,55,79,496,35,156,135,229,504
82,0,88,333,261,169,262,83,114,331,194,214
82,1,70,15,77,484,178,443,436,453,97,46
82,2,130,12,114,5,453,323,270,242,372,365
82,3,259,481,114,158,351,457,368,226,278,89
82,4,162,139,108,31,236,300,474,451,120,171
82,5,277,397,287,503,467,178,359,45,261,316
82,6,369,465,363,386,167,511,229,355,223,125
82,7,102,507,204,127,384,454,68,273,53,416
82,8,271,24,379,180,16,494,495,302,120,352
82,9,182,192,461,223,147,124,224,74,7,248
82,10,303,32,489,249,217,366,191,221,453,64
82,11,220,33,392,105,178,311,452,87,223,176
82,12,151,241,80,11,315,46,356,238,45,189
82,13,45,92,334,253,290,89,460,275,401,485
82,14,115,391,171,85,191,197,404,56,505,195
82,15,187,275,15,245,162,241,138,252,65,380
82,16,153,378,294,123,43,501,260,348,322,345
82,17,459,382,418,116,288,303,201,449,245,357
82,18,419,167,467,153,309,144,135,502,407,147
82,19,362,397,401,11,238,149,248,204,39,307
82,20,373,490,319,51,311,220,504,204,44,271
82,21,237,288,30,233,132,106,260,45,152,332
82,22,6,458,363,484,492,508,378,234,406,53
82,23,143,341,387,58,490,167,223,222,188,394
82,24,92,225,34,216,440,281,431,288,320,112
82,25,263,499,412,211,69,373,193,408,418,163
82,26,89,143,44,369,381,217,6,191,307,453
82,27,220,16,311,176,392,257,55,383,144,158
82,28,233,152,80,440,139,190,1,315,224,341
82,29,449,416,179,334,45,15,197,460,196,331
82,30,391,115,469,404,197,191,171,405,294,453
82,31,187,481,247,275,15,352,218,252,245,135
82,32,153,294,183,501,43,123,247,70,22,378
82,33,459,455,215,418,382,288,201,116,449,303
82,34,419,407,153,179,144,468,467,237,57,334
82,35,401,11,107,21,362,44,39,427,112,130
82,36,373,327,386,204,311,176,220,216,278,178
82,37,288,237,332,438,135,45,250,260,151,504
82,38,6,234,403,80,342,367,53,508,363,458
82,39,341,387,143,58,134,167,223,490,123,222
82,40,499,74,16,395,176,135,88,262,141,233
82,41,61,23,300,439,390,410,27,285,348,124
82,42,218,243,462,319,131,420,408,127,48,152
82,43,148,83,425,124,131,224,342,24,126,214
82,44,232,103,177,358,190,74,510,34,6,84
82,45,226,412,37,154,176,45,493,136,376,306
82,46,357,290,393,433,262,166,462,93,509,274
82,47,122,301,478,399,143,242,55,496,439,257
83,0,232,70,215,220,456,128,453,135,310,178
83,1,192,15,409,484,453,443,436,232,444,346
83,2,114,12,323,291,331,130,5,184,453,501
83,3,259,481,114,89,457,278,351,158,368,452
83,4,162,139,236,300,108,31,153,247,362,451
83,5,277,316,397,359,287,503,467,261,45,178
83,6,465,369,511,386,122,229,97,351,355,363
83,7,204,384,127,507,454,102,416,68,53,125
83,8,352,16,411,180,271,379,302,495,24,494
83,9,192,248,182,461,223,165,147,224,7,495
83,10,198,366,32,217,322,243,27,293,191,241
83,11,168,131,193,14,220,33,187,139,233,36
83,12,11,151,80,489,238,315,241,273,356,139
83,13,483,17,401,330,154,365,290,45,411,460
83,14,320,93,68,46,56,404,324,115,260,283
83,15,64,175,228,245,98,392,352,356,431,30
83,16,171,294,482,470,127,260,428,135,153,355
83,17,284,0,144,346,223,303,222,442,394,16
83,18,419,309,300,242,467,179,407,361,153,167
83,19,412,510,24,177,409,464,19,421,39,297
83,20,395,133,409,189,176,478,311,440,488,178
83,21,288,12,243,260,69,402,477,105,151,233
83,22,6,458,378,492,55,87,53,271,89,497
83,23,387,222,341,6,179,394,143,160,167,245
83,24,431,90,186,419,50,312,88,73,507,489
83,25,263,211,420,249,195,418,180,403,69,410
83,26,237,56,290,217,369,197,234,381,89,8
83,27,220,383,105,187,34,399,432,392,153,407
83,28,315,241,347,426,161,420,151,16,440,152
83,29,179,334,449,45,89,349,483,416,203,460
83,30,115,24,505,85,104,153,171,221,143,68
83,31,162,275,65,98,352,30,245,508,293,187
83,32,378,153,123,135,147,17,294,43,260,16
83,33,485,62,144,303,6,490,223,245,228,37
83,34,419,407,153,438,242,389,179,177,300,309
83,35,99,246,39,19,141,152,91,464,130,165
83,36,327,204,176,8,391,409,189,395,128,181
83,37,288,105,417,250,241,237,45,48,486,234
83,38,6,342,53,508,458,170,234,421,312,94
83,39,387,341,222,143,167,137,402,156,394,439
83,40,16,205,140,262,233,438,456,395,506,439
83,41,61,41,485,285,199,87,410,439,272,444
83,42,33,218,177,291,423,319,131,398,57,473
83,43,224,83,483,126,342,425,164,359,406,456
83,44,74,49,103,350,190,195,501,452,297,84
83,45,453,226,324,13,354,37,469,300,376,481
83,46,357,290,486,383,374,9,80,85,280,414
83,47,301,399,122,143,433,55,206,478,186,145
84,0,70,91,419,106,107,232,448,411,302,18
84,1,409,443,453,15,444,21,232,259,484,282
84,2,471,130,282,331,5,323,184,489,119,232
84,3,304,164,41,500,494,315,167,367,394,87
84,4,153,484,297,377,453,300,139,209,206,451
84,5,397,484,359,314,503,181,287,277,230,403
84,6,330,198,432,306,395,60,97,21,227,96
84,7,102,127,330,477,58,384,319,273,98,68
84,8,344,24,16,302,379,96,141,352,282,91
84,9,275,368,223,124,182,224,386,461,240,192
84,10,107,280,243,358,489,27,506,390,32,366
84,11,211,33,511,332,350,311,49,270,104,464
84,12,80,315,356,238,274,130,46,448,151,241
84,13,154,435,253,16,334,287,179,411,401,290
84,14,324,56,502,441,387,115,391,191,274,46
84,15,245,352,275,15,293,30,187,481,65,356
84,16,123,294,153,127,135,260,322,482,428,196
84,17,190,346,144,91,459,284,303,449,193,259
84,18,419,358,153,144,167,467,438,407,179,119
84,19,412,79,464,362,253,107,297,307,238,399
84,20,373,178,160,355,437,145,101,93,195,483
84,21,288,168,477,362,438,457,324,402,237,113
84,22,6,458,197,378,55,492,237,421,508,363
84,23,341,394,143,368,387,297,103,245,167,449
84,24,50,431,508,88,443,186,55,6,427,4
84,25,69,211,260,195,460,262,472,408,306,137
84,26,293,6,234,468,374,197,363,415,153,390
84,27,383,14,55,13,389,220,131,312,452,74
84,28,511,440,249,241,315,233,139,161,190,152
84,29,179,449,45,127,334,275,153,47,180,202
84,30,428,190,324,68,384,330,258,437,98,367
84,31,352,356,65,293,60,30,245,444,195,81
84,32,294,123,415,334,428,452,53,196,260,280
84,33,190,442,211,193,91,144,16,459,81,222
84,34,407,467,153,419,256,242,179,438,57,334
84,35,412,253,107,362,384,79,401,223,24,440
84,36,327,160,289,437,373,504,8,412,349,138
84,37,288,362,237,32,407,382,504,48,241,162
84,38,6,508,234,372,458,363,421,271,147,342
84,39,294,297,228,318,302,212,406,143,77,341
84,40,16,29,439,74,1,176,456,231,332,318
84,41,410,415,272,130,439,486,258,61,2,456
84,42,95,462,424,131,48,218,319,243,93,318
84,43,421,126,224,439,342,497,297,406,17,83
84,44,336,350,103,232,190,74,500,331,69,177
84,45,37,226,173,481,39,308,231,346,220,136
84,46,80,357,262,383,290,219,207,93,441,393
84,47,301,4,496,206,399,217,478,350,75,223
85,0,116,70,248,393,457,206,23,166,96,219
85,1,443,409,21,15,453,388,148,111,12,259
85,2,323,350,41,331,12,184,337,374,232,130
85,3,41,367,164,304,500,123,89,87,226,241
85,4,153,297,11,377,484,209,122,219,189,218
85,5,503,397,359,287,277,316,178,403,230,261
85,6,60,306,284,198,369,97,21,190,426,395
85,7,127,204,384,102,68,454,477,416,507,53
85,8,271,352,180,495,379,302,332,24,120,16
85,9,182,223,124,192,224,147,461,248,7,368
85,10,107,243,213,71,14,366,148,318,295,241
85,11,49,104,511,350,332,464,424,130,254,270
85,12,450,356,80,315,40,73,448,386,150,130
85,13,16,154,184,302,417,22,290,387,365,330
85,14,441,269,377,274,56,14,470,439,268,212
85,15,510,487,119,459,491,193,30,352,13,495
85,16,409,260,500,344,201,282,450,62,196,245
85,17,325,259,398,508,452,71,187,340,410,304
85,18,419,119,153,57,358,179,501,238,407,357
85,19,362,446,457,384,9,308,257,395,5,341
85,20,395,105,349,114,210,137,453,230,327,160
85,21,457,324,288,243,440,120,501,267,420,211
85,22,6,458,217,496,234,97,203,54,492,497
85,23,83,285,199,321,493,299,167,430,323,107
85,24,197,163,370,325,207,488,457,367,295,204
85,25,504,141,511,14,154,86,407,90,109,289
85,26,280,153,279,390,121,202,238,82,473,365
85,27,409,385,78,408,434,231,374,141,315,63
85,28,356,32,290,264,315,161,94,11,48,371
85,29,457,302,119,179,449,442,334,411,26,362
85,30,470,274,441,401,105,212,160,3,377,283
85,31,510,459,119,193,487,352,30,27,74,188
85,32,409,110,245,500,201,260,429,424,482,39
85,33,259,272,109,234,452,508,159,53,398,340
85,34,407,419,119,179,272,153,501,128,148,15
85,35,362,313,222,307,384,341,92,457,253,372
85,36,395,327,349,37,56,138,508,354,8,214
85,37,288,120,324,144,267,503,468,488,301,243
85,38,6,452,393,508,234,32,257,456,139,299
85,39,297,294,318,302,228,77,406,510,462,215
85,40,262,290,304,145,222,460,500,403,230,141
85,41,217,2,363,103,170,62,324,454,432,165
85,42,23,215,319,236,424,272,225,289,426,501
85,43,346,284,333,95,40,427,388,497,161,445
85,44,350,76,232,213,107,184,79,502,183,490
85,45,220,168,452,231,63,481,240,147,158,308
85,46,219,80,250,383,466,262,177,384,9,507
85,47,301,272,399,414,496,49,36,225,206,205
86,0,103,495,49,198,95,145,53,189,99,425
86,1,259,409,21,1,94,78,390,30,443,491
86,2,337,39,35,41,435,238,364,45,479,211
86,3,262,41,433,494,391,339,367,379,70,24
86,4,149,65,64,432,412,299,316,424,488,436
86,5,165,222,506,351,380,102,107,7,186,22
86,6,499,60,36,295,306,503,103,432,286,249
86,7,12,392,338,234,423,324,386,244,355,61
86,8,133,220,66,305,375,164,50,44,70,423
86,9,499,404,133,246,456,301,79,418,195,372
86,10,333,263,49,340,79,353,474,235,292,197
86,11,62,295,2,312,403,458,120,175,185,459
86,12,240,503,386,411,45,76,5,511,399,188
86,13,333,309,182,459,149,212,33,360,134,32
86,14,209,453,469,208,292,117,409,234,204,169
86,15,380,383,65,494,311,343,405,222,364,297
86,16,70,61,275,168,123,348,125,322,424,492
86,17,418,41,315,238,476,69,257,284,38,357
86,18,258,139,172,60,88,200,397,271,140,46
86,19,348,296,369,77,335,509,417,386,290,130
86,20,274,236,82,458,24,36,217,389,480,30
86,21,84,42,499,403,270,380,152,472,245,27
86,22,204,140,338,85,5,493,238,246,265,212
86,23,295,447,452,271,509,36,501,167,285,450
86,24,203,133,423,390,262,375,424,220,46,96
86,25,404,384,360,133,499,246,26,456,301,128
86,26,474,235,333,263,475,292,340,110,49,277
86,27,62,312,121,295,355,388,2,403,163,382
86,28,5,188,386,396,240,503,487,362,443,39
86,29,134,33,333,149,504,341,309,182,360,110
86,30,209,208,217,184,326,94,247,48,231,292
86,31,418,383,19,25,343,65,494,199,32,396
86,32,70,424,61,506,168,370,429,123,144,171
86,33,476,418,257,284,508,94,69,238,41,315
86,34,302,60,258,139,140,292,271,107,113,397
86,35,348,77,335,296,417,369,290,386,15,312
86,36,274,458,82,217,236,24,36,165,414,102
86,37,84,270,42,380,290,20,22,218,420,403
86,38,140,338,5,493,204,212,85,466,235,238
86,39,82,295,256,285,480,496,464,495,167,97
86,40,428,309,449,141,470,402,304,200,113,346
86,41,356,390,260,219,47,362,129,440,88,86
86,42,19,345,360,433,487,159,334,353,305,14
86,43,234,102,332,9,282,44,363,244,455,330
86,44,57,251,244,110,234,262,161,302,312,410
86,45,32,394,408,74,448,65,118,63,231,404
86,46,80,434,37,383,219,194,384,437,67,387
86,47,206,50,299,186,301,496,120,90,304,497
87,0,206,450,110,498,484,1,231,166,325,241
87,1,453,259,443,21,142,409,470,328,67,449
87,2,291,396,228,59,350,208,143,461,337,331
87,3,41,496,87,124,188,465,164,115,367,15
87,4,125,453,153,279,488,59,102,252,500,249
87,5,484,228,302,139,107,289,224,29,167,460
87,6,60,432,499,1,231,198,330,385,392,283
87,7,221,12,423,392,493,319,350,412,61,386
87,8,423,46,424,220,86,262,133,66,237,305
87,9,499,195,404,142,337,377,160,424,456,133
87,10,333,263,79,197,442,475,205,353,258,235
87,11,312,295,2,62,73,403,175,185,292,156
87,12,5,240,362,386,97,396,443,411,283,188
87,13,149,333,360,182,134,111,459,341,33,479
87,14,209,208,184,105,292,326,94,327,217,247
87,15,13,396,491,298,418,105,506,32,383,365
87,16,282,452,169,391,490,458,257,419,32,92
87,17,476,41,257,227,69,272,504,480,378,370
87,18,292,140,60,138,113,139,456,271,302,9
87,19,335,290,348,77,296,386,312,509,488,454
87,20,458,82,274,503,389,236,142,200,131,480
87,21,84,270,42,380,403,22,173,20,267,170
87,22,338,466,85,212,5,174,217,430,1,493
87,23,509,447,295,285,82,271,315,483,199,83
87,24,96,423,424,220,338,95,203,473,375,348
87,25,384,90,291,82,386,360,27,112,303,164
87,26,333,256,188,475,235,109,40,324,205,277
87,27,258,355,161,338,315,285,498,191,136,203
87,28,197,5,169,443,362,240,386,355,505,403
87,29,479,33,111,37,407,169,333,347,134,6
87,30,105,94,150,208,231,102,95,209,326,377
87,31,13,396,491,365,119,19,32,487,71,418
87,32,452,282,169,391,181,87,409,53,337,32
87,33,476,257,370,325,378,285,227,387,94,93
87,34,60,140,292,138,302,113,456,268,470,272
87,35,77,335,348,296,290,312,386,417,61,250
87,36,458,274,142,82,414,389,165,24,217,39
87,37,84,270,42,380,20,22,75,218,290,420
87,38,5,338,212,174,493,85,1,466,430,482
87,39,285,82,256,295,97,167,83,480,430,242
87,40,428,309,304,141,449,470,113,496,98,346
87,41,356,260,47,214,362,191,129,219,440,390
87,42,345,433,19,360,487,159,334,353,204,443
87,43,234,102,332,9,282,465,455,331,346,326
87,44,57,251,244,234,110,262,161,368,410,312
87,45,408,32,394,63,74,448,65,404,118,43
87,46,37,483,152,434,490,356,364,457,283,31
87,47,299,79,260,494,470,496,168,407,423,378
88,0,88,333,261,194,169,227,83,331,165,214
88,1,453,70,206,259,443,449,178,484,67,400
88,2,312,365,130,59,270,114,158,242,147,350
88,3,41,113,87,310,496,304,188,205,394,124
88,4,59,453,325,410,496,35,106,488,423,252
88,5,228,302,484,289,461,270,224,231,49,446
88,6,432,385,198,1,499,60,223,97,150,284
88,7,17,452,490,303,221,242,8,126,96,169
88,8,423,46,175,11,370,86,424,95,439,181
88,9,142,68,154,442,73,376,506,141,111,71
88,10,107,71,506,366,333,213,432,322,475,488
88,11,511,273,84,49,185,430,250,422,350,126
88,12,5,315,197,362,80,150,96,356,277,139
88,13,253,334,435,92,154,365,200,17,250,411
88,14,391,171,48,190,67,63,85,183,143,215
88,15,65,508,187,112,336,481,503,364,275,509
88,16,195,501,324,226,197,123,153,44,276,204
88,17,284,238,54,357,25,69,98,174,16,90
88,18,467,419,179,137,153,358,504,407,502,167
88,19,412,238,401,190,221,253,399,247,11,343
88,20,178,236,295,28,204,317,0,289,474,97
88,21,402,288,168,237,438,45,162,152,12,170
88,22,6,466,458,363,372,55,34,492,212,234
88,23,341,501,387,295,143,188,166,58,167,245
88,24,50,253,34,365,166,92,281,431,44,225
88,25,195,408,137,499,163,263,420,399,414,211
88,26,197,363,6,307,234,427,59,108,317,44
88,27,55,383,14,312,392,71,144,193,426,131
88,28,233,190,51,341,511,152,86,241,151,115
88,29,179,334,449,26,127,92,253,197,203,266
88,30,190,497,428,283,48,153,298,242,391,171
88,31,65,252,30,412,420,500,336,308,205,135
88,32,195,123,153,226,501,204,71,335,197,94
88,33,98,25,463,53,265,326,284,455,211,16
88,34,419,407,467,468,179,134,256,315,167,209
88,35,412,401,221,147,341,70,151,178,105,238
88,36,327,13,289,204,474,170,192,278,65,295
88,37,288,402,237,303,342,420,69,126,152,241
88,38,456,418,508,342,94,6,117,214,53,458
88,39,341,143,387,167,123,237,89,490,212,166
88,40,499,452,439,456,29,195,16,306,3,352
88,41,334,61,410,468,329,199,439,272,29,165
88,42,496,159,433,288,204,285,420,487,300,492
88,43,406,345,234,83,414,439,422,220,126,85
88,44,57,234,368,262,110,244,302,197,454,331
88,45,408,63,32,394,74,118,262,237,448,218
88,46,37,152,483,356,364,490,434,388,219,283
88,47,260,494,470,305,168,381,299,416,233,290
89,0,87,436,29,143,159,287,449,84,90,20
89,1,204,161,364,321,449,133,407,432,355,489
89,2,229,177,146,251,320,149,93,40,10,46
89,3,41,397,346,87,310,374,442,511,496,119
89,4,328,307,194,183,248,464,492,254,6,210
89,5,228,270,461,105,388,87,373,311,156,341
89,6,436,385,205,303,108,499,25,248,1,112
89,7,82,0,38,339,34,96,126,109,240,62
89,8,11,86,424,46,370,423,477,175,295,473
89,9,154,141,442,68,14,506,466,71,395,286
89,10,107,506,366,276,191,119,488,27,422,249
89,11,49,211,511,273,33,208,177,109,311,196
89,12,80,489,315,197,151,356,92,139,241,238
89,13,365,253,154,334,92,17,290,200,435,250
89,14,171,391,46,336,505,56,412,85,195,183
89,15,146,65,508,275,30,192,509,252,187,53
89,16,123,153,398,226,204,501,44,324,18,481
89,17,284,174,54,283,238,236,116,303,215,463
89,18,419,467,300,407,352,179,502,242,309,137
89,19,24,309,222,238,190,177,76,221,99,152
89,20,327,204,28,176,181,26,440,474,97,157
89,21,288,12,106,402,152,69,237,168,259,2
89,22,6,95,363,318,174,458,92,394,308,378
89,23,341,143,387,167,46,439,212,160,123,507
89,24,419,31,166,365,507,253,355,73,9,186
89,25,195,263,163,249,420,408,399,317,466,200
89,26,44,363,307,365,332,197,79,453,381,351
89,27,220,312,105,155,179,34,223,177,383,392
89,28,420,151,233,240,489,241,302,161,51,369
89,29,365,435,154,179,203,334,89,227,477,184
89,30,46,56,171,85,505,391,48,153,302,491
89,31,143,30,81,65,275,281,76,192,250,508
89,32,153,123,226,204,398,501,43,328,324,309
89,33,303,463,63,6,283,284,174,54,0,403
89,34,407,419,467,352,242,300,293,354,119,202
89,35,309,314,222,238,142,426,292,40,24,76
89,36,327,204,494,440,34,8,318,125,430,272
89,37,106,288,420,298,168,12,237,142,267,385
89,38,95,418,6,107,508,174,456,234,421,92
89,39,143,341,46,212,167,387,292,228,234,123
89,40,439,16,456,195,29,231,281,499,3,110
89,41,439,61,427,199,279,29,296,486,334,86
89,42,36,433,159,487,340,19,70,499,288,165
89,43,234,406,414,224,126,455,345,79,83,353
89,44,57,368,234,454,251,404,244,302,397,161
89,45,213,501,404,163,69,159,485,73,253,103
89,46,113,10,364,152,154,483,209,53,346,304
89,47,27,494,470,260,168,277,305,410,233,284
90,0,230,313,155,125,202,410,57,389,204,428
90,1,204,246,274,449,17,407,404,72,295,173
90,2,279,458,373,412,43,136,413,177,85,7
90,3,41,346,397,116,87,310,508,12,431,442
90,4,328,210,195,183,254,6,464,194,248,314
90,5,228,461,105,270,388,341,311,385,307,208
90,6,108,205,219,385,470,248,319,25,419,499
90,7,38,0,339,64,34,240,85,291,338,82
90,8,86,509,424,220,295,11,46,477,394,315
90,9,82,130,154,86,424,337,128,142,242,395
90,10,136,82,42,107,333,256,254,506,375,79
90,11,185,312,511,197,338,273,203,499,175,268
90,12,173,443,74,197,92,71,116,356,403,357
90,13,154,334,179,184,287,253,435,364,449,302
90,14,56,171,387,130,191,183,391,46,96,85
90,15,187,275,65,252,245,380,15,222,135,352
90,16,153,123,501,43,226,324,378,70,482,453
90,17,116,284,357,238,382,418,174,463,25,215
90,18,419,467,179,502,167,153,352,300,361,504
90,19,190,76,412,238,427,401,44,27,53,19
90,20,28,204,176,36,236,133,319,14,386,427
90,21,288,106,298,152,243,121,12,84,330,417
90,22,138,6,174,430,46,67,93,92,95,294
90,23,179,341,439,58,490,143,387,137,222,288
90,24,92,199,371,216,419,34,31,507,331,112
90,25,266,195,263,228,163,499,211,36,403,373
90,26,369,307,161,143,89,197,363,56,217,351
90,27,220,150,383,105,312,176,419,55,407,179
90,28,420,240,233,482,241,442,16,151,355,216
90,29,179,416,449,295,197,92,334,203,477,134
90,30,115,391,1,153,171,85,392,190,428,48
90,31,275,252,187,65,503,364,15,455,352,308
90,32,43,153,123,226,22,501,18,42,204,71
90,33,429,98,25,238,116,459,418,485,303,382
90,34,419,407,467,344,51,502,484,153,504,456
90,35,401,412,76,427,221,152,190,40,314,326
90,36,327,204,122,391,27,192,257,96,278,28
90,37,288,417,298,106,151,168,153,385,402,12
90,38,430,46,138,67,174,6,272,107,294,64
90,39,341,481,166,490,143,123,387,58,228,212
90,40,499,16,3,29,199,74,88,439,249,452
90,41,61,407,160,93,427,330,199,439,86,134
90,42,433,487,159,340,165,94,258,499,19,115
90,43,234,406,414,83,239,345,243,492,120,439
90,44,491,368,454,57,234,404,302,441,199,299
90,45,163,213,485,69,43,501,253,159,504,262
90,46,10,113,154,364,209,152,304,53,86,219
90,47,27,233,90,410,277,92,284,504,470,77
91,0,125,230,428,225,57,150,204,142,388,111
91,1,295,246,173,449,72,375,301,407,274,204
91,2,373,43,458,47,279,413,7,177,85,146
91,3,41,87,310,346,116,397,379,431,78,374
91,4,210,254,195,183,464,248,492,461,194,488
91,5,389,341,461,385,228,388,311,59,208,375
91,6,108,222,470,336,57,340,385,343,331,25
91,7,64,38,291,39,0,85,338,240,360,34
91,8,509,86,295,11,220,117,424,477,390,439
91,9,82,130,246,141,400,424,154,14,360,395
91,10,333,136,82,42,254,205,283,256,79,183
91,11,203,403,185,312,499,338,150,197,78,290
91,12,443,74,173,240,355,116,71,343,374,429
91,13,360,182,194,507,319,333,459,83,446,134
91,14,208,105,295,60,236,23,326,453,401,231
91,15,446,491,13,383,32,396,311,501,365,298
91,16,282,208,223,257,92,61,419,506,480,272
91,17,257,302,41,476,227,446,206,210,272,311
91,18,73,180,133,382,60,51,425,329,45,216
91,19,77,348,296,61,509,335,134,290,386,23
91,20,458,274,367,159,389,200,82,503,165,480
91,21,84,270,282,298,22,42,403,365,380,68
91,22,430,294,138,67,174,46,64,107,85,141
91,23,175,447,509,295,403,483,9,240,446,82
91,24,117,375,220,338,424,98,95,96,221,394
91,25,384,360,26,216,112,451,229,292,82,164
91,26,333,235,136,256,42,475,254,294,205,315
91,27,203,338,355,315,483,185,312,253,161,62
91,28,74,173,443,71,240,374,452,116,83,386
91,29,360,194,83,134,33,182,341,407,507,459
91,30,208,60,295,94,217,23,326,236,411,105
91,31,418,25,199,330,347,423,394,232,123,105
91,32,506,446,424,208,366,490,257,317,443,321
91,33,257,476,65,302,41,262,419,511,446,69
91,34,73,397,133,382,60,180,425,51,197,456
91,35,23,134,348,310,509,130,49,484,276,372
91,36,367,300,265,246,484,165,217,159,492,24
91,37,420,243,96,365,157,298,10,22,264,472
91,38,138,430,46,294,67,107,174,141,92,64
91,39,27,138,115,450,483,9,13,76,448,23
91,40,270,143,234,324,470,420,382,251,49,362
91,41,293,407,231,404,184,179,129,302,103,221
91,42,165,80,8,296,496,217,241,340,388,315
91,43,133,476,339,86,54,385,44,30,48,5
91,44,404,491,454,368,248,184,409,393,76,234
91,45,69,485,163,237,379,253,213,262,425,220
91,46,445,10,209,304,219,154,346,60,364,25
91,47,254,445,410,398,277,90,27,229,95,163
92,0,261,88,83,214,333,169,243,380,194,109
92,1,449,301,70,33,173,350,375,315,334,400
92,2,177,85,384,5,373,332,150,245,312,270
92,3,310,188,41,379,346,235,14,65,64,87
92,4,106,496,325,35,257,252,59,488,410,169
92,5,228,311,1,236,389,386,468,461,98,250
92,6,336,265,108,186,331,25,474,470,205,436
92,7,242,64,60,452,10,38,47,372,189,144
92,8,175,439,295,509,11,262,319,117,370,46
92,9,361,111,443,68,214,154,141,130,14,82
92,10,107,424,28,506,211,280,188,508,177,205
92,11,197,185,250,511,273,141,84,422,189,268
92,12,277,390,356,63,37,288,433,150,290,297
92,13,387,273,302,50,91,265,312,274,385,97
92,14,14,212,506,231,80,138,486,377,441,127
92,15,193,6,494,375,346,61,226,306,491,199
92,16,429,201,74,58,140,26,23,191,243,299
92,17,365,105,422,305,389,499,50,372,467,61
92,18,264,184,347,376,211,119,471,49,87,496
92,19,342,377,356,14,222,454,509,192,414,388
92,20,214,327,58,485,508,55,15,210,76,30
92,21,453,288,420,33,255,243,379,267,418,100
92,22,6,179,41,267,172,402,97,446,456,450
92,23,83,42,285,493,323,376,73,316,242,260
92,24,11,191,325,370,433,63,283,175,389,477
92,25,141,154,301,506,442,111,14,340,129,360
92,26,119,506,314,280,279,299,488,238,92,322
92,27,273,141,511,197,78,322,84,328,471,235
92,28,290,356,94,48,80,113,264,315,421,491
92,29,364,435,184,411,385,461,50,154,302,347
92,30,461,268,127,32,243,14,160,305,69,212
92,31,193,37,306,61,491,212,6,271,346,302
92,32,442,23,283,174,424,26,120,62,429,500
92,33,273,410,364,355,480,53,260,285,440,50
92,34,179,293,407,337,507,493,414,39,284,19
92,35,487,142,418,356,1,469,123,71,292,245
92,36,327,90,214,332,138,94,445,318,18,339
92,37,198,288,453,277,420,135,447,144,478,382
92,38,6,234,413,496,299,179,421,53,139,342
92,39,297,294,228,318,302,77,406,42,242,215
92,40,449,106,198,425,503,495,357,417,87,145
92,41,2,283,170,499,361,19,501,508,259,147
92,42,424,367,312,426,225,56,466,55,61,23
92,43,49,185,412,464,149,458,388,156,391,25
92,44,156,350,427,224,76,79,33,364,194,249
92,45,481,70,220,233,280,153,371,324,168,338
92,46,357,290,165,374,85,346,132,42,230,67
92,47,122,143,478,55,301,498,242,398,399,95
93,0,506,396,453,45,381,124,215,509,484,188
93,1,449,49,436,345,301,24,453,33,234,201
93,2,114,5,53,11,489,416,291,12,331,242
93,3,41,304,318,375,210,164,258,3,188,427
93,4,206,153,202,484,209,472,388,70,59,501
93,5,26,250,228,209,314,137,386,189,138,356
93,6,474,223,485,150,97,448,256,379,432,21
93,7,452,445,475,372,144,26,438,161,303,46
93,8,325,283,295,175,11,370,191,189,497,439
93,9,14,141,139,506,420,299,49,154,0,304
93,10,280,507,23,27,107,279,32,488,314,92
93,11,231,33,409,178,9,446,258,141,110,255
93,12,80,356,315,273,11,90,448,73,241,151
93,13,483,302,334,17,411,330,105,40,344,119
93,14,56,277,293,183,143,130,115,44,437,191
93,15,245,508,275,98,162,352,65,81,39,187
93,16,153,482,378,17,123,348,324,171,294,501
93,17,284,485,223,0,379,6,361,174,141,254
93,18,419,467,309,56,300,179,361,153,501,57
93,19,19,510,50,99,412,130,177,409,141,44
93,20,189,28,93,133,176,440,310,385,181,459
93,21,288,69,243,259,283,39,105,50,12,28
93,22,6,378,492,87,458,53,55,450,22,108
93,23,387,222,341,308,6,394,147,183,393,245
93,24,186,216,90,146,489,468,31,507,292,334
93,25,211,263,420,316,249,169,160,403,269,499
93,26,237,56,217,232,290,411,89,369,381,307
93,27,105,146,220,34,432,392,16,2,153,196
93,28,426,241,161,420,151,369,498,51,45,152
93,29,179,89,228,90,45,483,344,187,334,500
93,30,505,153,143,277,24,85,104,115,345,210
93,31,162,275,508,352,65,98,15,245,380,81
93,32,147,378,17,175,482,101,153,240,213,65
93,33,485,6,0,303,463,223,379,323,214,74
93,34,407,106,419,242,300,56,82,341,437,309
93,35,152,177,19,456,99,130,292,165,50,333
93,36,327,391,122,189,91,128,181,311,459,133
93,37,288,312,105,153,39,48,234,478,382,151
93,38,6,53,363,299,342,147,378,234,458,508
93,39,297,294,228,302,318,387,406,222,341,247
93,40,16,395,456,233,318,438,140,159,231,363
93,41,41,87,439,272,444,365,236,61,410,46
93,42,177,33,482,291,423,398,137,139,473,169
93,43,161,359,483,120,445,365,83,492,406,119
93,44,74,49,103,350,190,297,352,452,84,6
93,45,324,481,226,453,158,13,503,381,230,366
93,46,357,290,374,280,85,36,267,441,232,201
93,47,301,143,399,122,55,433,186,332,156,206
94,0,419,70,411,91,448,58,483,122,283,106
94,1,232,234,443,387,409,301,282,37,334,449
94,2,429,288,489,409,130,11,5,114,332,374
94,3,369,148,41,258,149,167,22,304,164,394
94,4,206,153,219,463,23,501,59,453,320,95
94,5,484,356,50,40,181,343,488,138,314,189
94,6,331,448,100,474,409,308,21,186,482,419
94,7,372,161,13,330,138,436,272,382,229,342
94,8,96,213,46,458,117,390,86,394,262,133
94,9,360,352,233,130,376,82,84,322,384,216
94,10,205,333,475,436,28,420,508,110,82,337
94,11,185,62,197,458,355,316,268,315,504,136
94,12,389,199,283,386,443,187,240,403,487,411
94,13,182,333,360,33,194,97,507,341,111,353
94,14,105,208,169,326,117,409,469,165,60,417
94,15,405,418,446,347,199,25,287,19,288,136
94,16,272,223,243,424,479,429,506,480,278,26
94,17,257,262,476,386,227,486,471,210,209,65
94,18,376,397,496,51,273,297,46,60,87,456
94,19,509,377,192,23,173,310,454,300,134,103
94,20,248,442,367,485,492,30,410,15,246,480
94,21,96,420,10,293,422,264,418,24,441,134
94,22,134,235,141,249,473,326,420,335,430,234
94,23,129,450,483,142,138,9,446,470,290,27
94,24,46,117,107,473,80,113,319,5,223,159
94,25,360,384,240,27,26,233,430,353,229,338
94,26,333,235,224,475,465,71,110,57,250,336
94,27,225,163,486,98,285,500,338,477,84,253
94,28,94,300,389,433,283,175,386,500,20,156
94,29,145,268,85,293,494,143,347,498,236,22
94,30,17,339,266,501,2,510,495,9,224,176
94,31,34,448,260,141,506,371,71,232,401,200
94,32,71,36,473,230,352,446,177,435,490,141
94,33,482,114,447,366,365,12,135,424,257,290
94,34,333,376,454,116,397,350,420,446,445,40
94,35,232,208,236,368,355,274,173,509,137,466
94,36,88,30,265,492,442,144,300,107,410,152
94,37,96,420,441,10,302,243,135,468,387,157
94,38,235,249,457,173,134,446,197,312,477,341
94,39,27,236,242,338,274,477,448,496,9,450
94,40,295,234,61,449,437,470,60,322,270,229
94,41,178,219,403,391,440,481,477,285,342,109
94,42,14,241,425,506,165,496,183,296,51,8
94,43,44,472,479,331,133,49,502,278,198,30
94,44,442,395,441,331,510,358,282,184,228,103
94,45,220,226,231,173,37,45,186,349,366,379
94,46,80,219,383,52,374,67,85,358,346,203
94,47,50,206,301,398,496,242,465,485,64,215
95,0,450,206,419,110,484,431,231,58,463,144
95,1,453,15,46,201,374,35,449,443,232,145
95,2,12,291,76,453,242,114,364,244,45,127
95,3,376,340,259,481,457,69,278,103,114,109
95,4,12,9,197,323,409,108,162,450,149,362
95,5,212,347,464,234,342,232,382,477,293,194
95,6,37,139,103,202,369,178,249,388,298,95
95,7,133,423,456,37,507,78,401,29,359,264
95,8,320,112,290,507,50,371,55,508,253,17
95,9,263,267,499,211,163,317,266,288,44,460
95,10,217,293,374,44,307,365,453,303,64,234
95,11,220,105,312,352,383,392,452,304,16,123
95,12,151,241,80,108,489,46,315,511,482,420
95,13,92,401,334,435,485,45,349,275,197,253
95,14,391,85,171,190,115,46,42,191,48,1
95,15,187,275,364,65,112,252,162,15,380,85
95,16,153,43,123,501,378,183,18,348,226,98
95,17,357,54,16,382,25,418,111,288,133,465
95,18,419,352,467,153,167,144,51,309,114,407
95,19,238,412,122,19,401,221,141,58,464,427
95,20,28,204,36,317,139,206,97,8,319,276
95,21,288,168,132,2,106,357,330,438,152,417
95,22,484,6,363,108,378,492,244,458,53,508
95,23,341,143,58,295,166,387,222,16,167,481
95,24,92,253,86,371,112,429,427,305,199,260
95,25,499,163,137,263,266,328,169,408,195,337
95,26,89,197,307,59,293,44,217,415,483,363
95,27,312,220,257,55,153,14,158,123,345,193
95,28,420,190,151,241,511,233,152,249,341,215
95,29,179,127,449,15,401,334,500,203,197,295
95,30,190,46,391,384,68,469,428,238,85,191
95,31,187,65,275,30,364,218,15,135,195,503
95,32,43,123,153,135,428,195,226,22,260,501
95,33,144,418,54,16,357,111,303,382,98,25
95,34,407,419,51,153,467,167,144,484,256,135
95,35,412,238,107,464,29,401,141,221,399,362
95,36,327,204,8,145,236,373,355,28,178,317
95,37,477,288,168,332,438,357,417,298,485,316
95,38,6,484,234,391,16,508,38,342,107,502
95,39,167,341,143,452,387,58,166,123,245,490
95,40,16,499,135,395,176,141,262,437,448,439
95,41,285,61,439,390,178,296,23,124,348,27
95,42,218,462,319,243,488,131,265,127,293,280
95,43,44,224,83,425,148,131,124,414,24,492
95,44,177,358,308,103,190,454,232,501,441,100
95,45,349,226,45,37,173,324,176,493,154,253
95,46,357,393,290,509,219,457,262,222,441,274
95,47,445,242,143,79,35,74,439,135,55,301
96,0,88,333,261,169,262,83,194,331,114,487
96,1,70,15,77,484,178,436,46,443,453,256
96,2,130,12,114,270,5,365,453,372,323,242
96,3,259,481,158,114,351,457,278,368,89,226
96,4,162,139,108,31,300,451,474,236,120,484
96,5,397,277,287,503,359,45,178,467,261,237
96,6,369,167,465,363,125,386,223,511,490,229
96,7,102,507,127,204,454,384,68,273,53,125
96,8,271,24,379,494,180,16,120,495,302,290
96,9,182,461,192,124,147,223,74,224,7,211
96,10,303,217,489,32,366,249,44,453,374,191
96,11,220,33,392,352,311,223,87,105,452,312
96,12,151,80,241,315,46,356,11,489,238,108
96,13,334,92,45,253,483,401,197,290,154,435
96,14,115,391,85,404,171,281,46,320,191,56
96,15,98,245,162,65,275,352,187,30,481,222
96,16,153,171,260,123,294,378,501,482,348,345
96,17,284,346,0,485,245,459,449,303,418,382
96,18,419,467,309,144,361,56,137,179,300,502
96,19,19,412,510,141,130,238,50,44,177,99
96,20,176,189,93,28,133,97,310,311,204,51
96,21,288,12,243,402,283,227,69,233,113,105
96,22,6,378,458,492,363,234,55,237,62,508
96,23,394,387,341,222,308,183,247,284,143,147
96,24,186,146,216,90,31,73,507,86,489,468
96,25,211,263,160,420,418,242,249,410,499,169
96,26,237,217,56,290,89,369,8,293,232,197
96,27,220,105,432,16,34,352,146,153,2,311
96,28,241,152,151,426,108,347,215,315,369,224
96,29,179,89,401,90,334,449,384,45,203,100
96,30,115,85,505,24,277,221,153,143,183,320
96,31,162,275,65,397,508,245,187,30,15,188
96,32,378,153,147,17,213,123,294,16,127,348
96,33,0,485,303,6,74,284,403,228,141,199
96,34,407,419,242,364,300,144,179,141,334,338
96,35,223,99,19,152,242,409,135,510,21,44
96,36,327,8,176,437,373,272,133,195,128,136
96,37,288,119,2,32,166,417,152,419,436,43
96,38,6,421,409,419,62,342,147,53,508,234
96,39,341,387,143,167,394,123,212,4,490,46
96,40,16,176,74,233,499,395,231,165,29,88
96,41,439,485,410,61,415,486,272,23,279,273
96,42,95,33,389,436,75,420,77,48,299,93
96,43,95,126,342,224,164,497,83,243,120,406
96,44,303,49,350,74,336,466,190,6,177,103
96,45,481,346,39,307,324,154,176,306,457,498
96,46,357,290,393,417,45,374,276,222,361,33
96,47,122,301,478,143,399,55,496,209,124,242
97,0,506,396,453,381,135,45,188,124,423,152
97,1,201,49,25,15,234,232,436,472,443,419
97,2,489,53,244,423,5,114,12,453,278,11
97,3,448,170,72,213,298,345,114,304,41,89
97,4,206,451,484,162,286,171,377,243,481,373
97,5,397,277,45,503,287,316,359,467,237,403
97,6,369,229,465,167,223,97,363,386,19,122
97,7,102,46,361,384,127,454,204,488,68,507
97,8,379,271,180,332,450,24,495,302,266,456
97,9,182,224,223,124,192,461,147,248,368,74
97,10,27,32,107,366,280,322,473,213,243,119
97,11,33,328,155,409,220,109,311,383,178,392
97,12,80,151,46,241,356,11,40,315,238,448
97,13,17,45,483,89,253,334,40,460,511,330
97,14,115,56,171,85,277,44,143,183,391,191
97,15,65,275,162,508,98,30,146,187,252,245
97,16,153,123,482,378,501,17,324,348,260,171
97,17,284,485,0,223,303,116,174,141,6,463
97,18,419,467,309,300,56,179,144,361,501,407
97,19,19,510,412,141,24,307,292,50,44,130
97,20,310,93,28,440,133,204,437,189,128,327
97,21,288,12,69,243,152,259,283,50,113,402
97,22,6,378,492,363,372,55,87,244,53,22
97,23,387,394,341,308,247,393,58,245,251,147
97,24,186,216,468,249,86,146,270,507,419,173
97,25,211,420,263,160,499,405,410,403,195,213
97,26,237,197,56,112,234,317,217,369,282,381
97,27,220,105,153,110,392,34,33,312,469,383
97,28,11,241,161,369,151,420,152,46,95,189
97,29,364,89,483,187,344,370,45,179,40,411
97,30,183,56,153,419,437,130,85,505,293,333
97,31,508,65,162,81,98,275,250,143,245,30
97,32,482,153,17,123,324,175,171,147,261,213
97,33,284,74,463,199,215,485,303,383,81,0
97,34,407,419,467,179,300,343,280,57,244,209
97,35,24,510,292,177,99,19,333,456,307,479
97,36,440,226,327,459,2,133,488,5,28,128
97,37,69,288,40,97,48,211,433,94,267,167
97,38,6,342,234,53,89,432,511,508,299,421
97,39,387,393,341,237,58,212,147,394,6,234
97,40,16,352,456,195,439,222,363,153,32,306
97,41,272,37,324,29,87,427,334,61,328,439
97,42,484,33,131,386,268,23,291,218,177,169
97,43,220,420,120,266,427,71,445,161,360,359
97,44,49,74,350,352,103,269,6,297,213,243
97,45,324,64,226,242,158,421,500,262,481,26
97,46,357,290,374,280,379,383,375,274,391,232
97,47,301,399,55,122,478,433,143,332,209,156
98,0,419,70,411,58,448,122,446,483,283,353
98,1,232,443,409,387,345,484,436,21,12,234
98,2,409,114,288,322,429,5,12,489,11,119
98,3,148,188,392,149,205,41,258,394,243,164
98,4,206,169,153,209,59,388,480,252,462,77
98,5,142,314,137,138,484,438,481,14,128,339
98,6,260,97,256,227,198,181,223,79,306,283
98,7,161,13,382,372,276,229,436,49,242,26
98,8,113,46,509,96,319,26,70,496,477,350
98,9,111,352,360,353,130,404,395,296,196,376
98,10,188,424,28,202,403,54,436,420,205,506
98,11,189,268,355,315,213,185,197,486,250,163
98,12,471,389,148,403,386,283,59,175,453,39
98,13,6,311,506,33,347,304,286,463,385,372
98,14,94,486,105,231,461,340,69,409,117,383
98,15,375,199,289,288,287,105,19,315,25,178
98,16,490,133,278,441,299,26,272,370,231,446
98,17,172,386,431,272,103,93,70,43,422,267
98,18,376,6,264,87,453,72,496,251,297,184
98,19,509,377,385,192,468,342,131,454,145,37
98,20,210,485,16,30,248,442,15,239,457,246
98,21,394,418,264,10,379,255,420,302,229,293
98,22,249,134,235,420,457,18,470,496,97,267
98,23,334,450,27,260,244,463,129,372,461,465
98,24,46,113,319,327,26,496,109,229,350,394
98,25,353,296,35,111,404,214,384,45,360,442
98,26,340,28,403,243,188,285,424,292,126,277
98,27,355,268,413,189,408,258,163,253,250,456
98,28,94,306,283,500,148,175,336,488,386,471
98,29,347,33,128,193,372,484,314,291,407,251
98,30,94,438,278,231,69,352,427,411,212,65
98,31,19,13,491,375,365,25,383,199,449,396
98,32,429,337,169,201,346,110,370,391,506,23
98,33,334,103,43,468,511,10,246,419,508,362
98,34,462,376,251,423,447,72,302,6,411,359
98,35,385,155,257,480,148,372,127,286,508,377
98,36,210,227,265,88,313,441,246,485,142,492
98,37,394,302,264,441,10,134,392,418,139,135
98,38,249,235,457,377,18,134,420,470,218,54
98,39,244,110,334,27,285,242,23,323,51,138
98,40,486,173,451,208,295,309,172,449,493,53
98,41,391,287,240,361,491,42,385,354,55,440
98,42,217,80,231,366,151,212,143,165,388,496
98,43,86,133,77,172,476,111,91,30,300,474
98,44,248,338,315,433,209,276,395,205,207,184
98,45,303,237,379,443,22,328,280,186,268,51
98,46,374,346,80,286,465,18,85,463,342,55
98,47,206,50,64,242,153,301,398,127,412,496
99,0,450,206,110,419,231,182,484,431,498,144
99,1,453,46,142,15,449,232,49,201,484,436
99,2,291,114,12,372,242,209,409,5,269,259
99,3,78,24,482,374,14,376,331,392,62,363
99,4,424,197,9,12,412,430,295,323,240,458
99,5,212,464,449,293,234,382,232,347,202,491
99,6,37,286,395,369,223,116,95,290,125,238
99,7,368,303,179,37,286,148,78,226,401,152
99,8,163,370,290,508,488,88,492,457,325,36
99,9,109,69,511,180,211,289,55,410,420,44
99,10,32,366,27,374,119,390,365,280,107,282
99,11,211,311,492,215,13,392,384,350,434,438
99,12,356,130,274,448,80,139,2,489,315,96
99,13,302,250,154,290,16,387,411,365,148,330
99,14,377,441,470,324,95,212,56,269,274,502
99,15,30,193,352,459,245,510,241,293,143,508
99,16,153,260,123,482,135,409,196,505,294,204
99,17,259,284,91,398,303,463,144,331,494,90
99,18,419,119,179,358,467,407,137,228,128,347
99,19,362,222,309,384,79,412,307,457,297,5
99,20,160,349,230,478,178,105,488,101,490,336
99,21,324,288,457,362,440,243,176,283,162,181
99,22,6,237,378,284,492,363,458,87,55,374
99,23,387,341,143,167,353,368,134,313,103,147
99,24,312,508,163,431,510,88,290,370,507,50
99,25,263,249,44,187,260,420,195,70,69,400
99,26,56,290,390,153,279,44,381,301,234,143
99,27,479,13,443,220,89,311,146,347,384,187
99,28,264,383,94,90,440,274,2,315,139,448
99,29,179,334,362,460,45,449,411,260,89,24
99,30,505,99,324,291,95,274,441,68,502,451
99,31,146,294,30,275,352,293,98,74,241,373
99,32,260,196,153,355,2,294,10,131,123,11
99,33,91,236,259,304,470,398,144,222,80,490
99,34,407,153,419,438,351,128,242,459,179,119
99,35,362,384,106,91,457,99,297,79,302,475
99,36,160,230,151,353,395,385,278,478,502,327
99,37,324,362,288,457,280,350,495,169,250,308
99,38,6,420,284,394,458,299,421,456,53,94
99,39,387,353,341,167,143,198,368,405,108,313
99,40,262,205,16,120,290,364,439,141,304,281
99,41,210,251,410,444,228,439,489,363,297,165
99,42,319,33,268,37,386,293,236,493,103,504
99,43,173,164,24,497,284,346,224,421,124,456
99,44,195,402,290,505,49,452,232,76,336,213
99,45,471,455,223,226,37,168,399,324,6,400
99,46,357,290,374,346,88,25,76,274,85,86
99,47,445,79,55,242,127,254,227,460,249,122
100,0,333,88,261,83,169,262,194,331,214,114
100,1,97,46,70,77,32,178,158,436,484,306
100,2,409,270,372,114,312,158,89,239,295,59
100,3,249,293,335,269,205,310,182,82,408,237
100,4,465,325,506,488,59,252,106,496,410,241
100,5,236,468,446,190,482,142,263,1,14,71
100,6,185,13,97,468,233,223,80,112,256,79
100,7,242,303,158,191,199,425,26,438,10,316
100,8,11,175,425,191,283,439,503,356,325,87
100,9,68,214,111,361,14,154,141,506,132,161
100,10,424,280,10,488,125,129,107,299,188,48
100,11,273,422,250,371,163,84,234,511,492,268
100,12,390,459,63,37,356,253,228,290,288,9
100,13,387,461,302,411,347,385,50,423,128,426
100,14,212,14,160,127,231,470,441,486,69,377
100,15,193,491,61,494,271,119,6,375,13,510
100,16,201,191,87,500,429,26,169,10,240,58
100,17,422,105,365,325,499,467,272,331,328,410
100,18,119,264,238,347,419,184,179,49,501,471
100,19,342,309,257,222,509,9,260,377,388,453
100,20,214,210,58,55,327,248,7,453,485,76
100,21,418,453,420,379,255,288,254,100,131,33
100,22,402,267,41,6,287,261,457,237,496,134
100,23,83,496,285,107,42,376,167,414,505,493
100,24,11,370,325,65,104,14,439,46,498,90
100,25,20,90,55,473,79,154,48,26,14,301
100,26,366,119,107,488,506,215,206,280,92,109
100,27,511,141,23,273,256,17,137,75,20,279
100,28,386,433,189,48,94,290,18,63,356,101
100,29,504,154,181,387,302,16,411,241,184,186
100,30,231,377,439,14,161,95,269,338,117,408
100,31,18,491,375,388,193,494,463,314,199,271
100,32,400,429,191,92,201,505,169,62,309,401
100,33,469,331,8,160,410,325,83,276,442,387
100,34,238,407,419,179,436,153,362,272,459,119
100,35,260,342,309,308,262,222,455,257,426,372
100,36,327,94,173,318,76,445,214,388,216,508
100,37,288,144,440,226,166,36,327,71,128,113
100,38,6,145,464,441,97,363,299,234,503,342
100,39,297,294,228,42,302,510,318,323,356,77
100,40,449,198,281,290,503,336,106,95,398,332
100,41,303,148,169,314,19,511,499,170,261,427
100,42,211,386,328,367,61,483,105,158,375,23
100,43,511,278,412,333,149,117,505,65,49,497
100,44,350,190,285,492,103,194,279,76,427,119
100,45,226,143,37,481,302,324,99,370,303,308
100,46,357,290,388,274,297,438,88,85,346,374
100,47,122,127,79,344,55,451,132,95,143,207
101,0,226,373,122,448,170,82,483,462,70,171
101,1,306,400,46,436,484,184,149,234,442,153
101,2,272,114,5,12,242,331,461,130,489,184
101,3,332,164,296,318,366,377,143,95,22,315
101,4,59,206,209,343,286,258,484,453,46,306
101,5,510,138,446,71,334,14,314,386,142,438
101,6,223,256,283,97,198,159,432,335,485,80
101,7,303,432,26,8,475,382,157,17,46,276
101,8,463,13,425,325,477,63,175,106,11,388
101,9,380,14,154,407,141,506,511,275,466,97
101,10,280,32,119,462,107,279,506,23,299,366
101,11,409,231,33,211,511,311,434,384,178,215
101,12,356,90,139,448,273,130,315,73,291,238
101,13,411,302,330,445,442,423,50,435,365,250
101,14,441,274,269,324,470,377,502,338,268,160
101,15,487,510,459,352,193,491,13,119,293,30
101,16,260,344,196,245,409,201,282,391,505,181
101,17,259,325,398,71,187,470,340,91,365,272
101,18,419,358,228,501,119,128,179,407,357,153
101,19,362,480,446,457,384,275,123,353,9,308
101,20,105,137,160,230,349,114,502,336,151,142
101,21,457,324,280,501,288,440,254,362,308,445
101,22,6,285,458,402,237,372,501,217,378,203
101,23,297,285,299,313,353,107,103,32,272,199
101,24,163,457,370,446,488,508,409,439,325,367
101,25,209,289,90,511,407,141,449,109,223,55
101,26,280,121,390,279,119,455,153,109,139,299
101,27,434,211,484,13,20,215,331,384,409,315
101,28,325,94,356,274,264,461,185,489,130,290
101,29,423,334,442,154,37,449,506,411,16,443
101,30,329,274,441,269,489,499,377,385,212,150
101,31,193,487,491,185,13,212,463,37,459,510
101,32,429,344,191,169,201,505,181,391,409,465
101,33,71,374,224,67,259,325,398,194,105,328
101,34,325,378,7,407,509,228,358,119,261,210
101,35,193,362,353,457,275,91,446,364,143,20
101,36,105,137,327,349,160,267,94,502,65,114
101,37,501,324,457,280,288,507,194,128,336,254
101,38,6,285,402,372,420,237,234,117,91,272
101,39,294,228,297,318,302,328,212,32,46,60
101,40,497,281,290,398,16,141,304,28,231,459
101,41,91,363,303,217,19,314,421,213,29,423
101,42,290,211,378,142,319,415,291,110,210,509
101,43,98,462,497,483,358,417,421,346,126,124
101,44,214,322,290,505,324,129,336,285,190,103
101,45,252,136,226,37,382,272,223,186,45,28
101,46,290,432,357,25,129,97,274,207,283,48
101,47,254,445,127,79,451,343,90,157,485,163
102,0,88,261,83,333,169,165,214,380,194,331
102,1,97,178,70,206,74,32,46,400,466,158
102,2,270,114,372,409,357,312,322,5,130,89
102,3,249,293,269,310,496,113,205,8,335,408
102,4,465,325,506,59,233,252,496,156,488,35
102,5,236,468,154,482,446,188,190,142,292,250
102,6,468,150,158,13,79,256,97,181,260,144
102,7,242,399,199,158,425,10,372,303,191,113
102,8,509,11,319,350,87,175,283,425,46,496
102,9,111,214,167,361,68,45,142,501,506,443
102,10,403,188,424,28,202,506,280,299,488,296
102,11,189,250,268,273,185,258,397,197,402,141
102,12,306,42,389,9,336,288,253,356,277,63
102,13,6,506,291,311,347,157,33,314,463,224
102,14,231,486,105,94,212,438,140,92,388,90
102,15,491,193,375,13,199,494,105,226,287,185
102,16,169,201,429,401,299,26,181,62,87,391
102,17,422,272,246,172,504,365,43,499,103,484
102,18,376,264,184,370,6,120,85,251,42,49
102,19,454,509,408,385,342,269,257,480,22,508
102,20,210,30,453,456,15,321,485,442,407,248
102,21,418,264,379,304,394,255,33,302,41,420
102,22,237,134,377,203,267,18,162,457,235,42
102,23,285,83,334,97,469,496,107,42,493,260
102,24,393,447,496,111,370,213,14,30,367,105
102,25,45,34,47,90,122,473,167,164,20,14
102,26,109,188,441,299,202,404,280,279,403,292
102,27,258,498,243,355,408,268,20,402,413,253
102,28,336,505,283,306,169,94,78,432,294,305
102,29,160,291,169,157,34,347,6,33,112,461
102,30,278,65,231,124,94,438,102,150,499,377
102,31,13,491,365,396,18,32,463,119,487,71
102,32,169,452,391,181,409,429,346,87,92,401
102,33,246,325,334,321,10,462,480,304,387,93
102,34,462,485,411,308,423,164,120,85,447,376
102,35,480,275,302,106,257,234,457,372,408,385
102,36,210,114,453,137,325,105,121,39,456,131
102,37,264,302,501,10,36,489,243,420,21,118
102,38,237,377,457,420,162,458,372,272,217,91
102,39,285,83,469,97,167,496,505,107,321,313
102,40,304,290,449,428,214,98,141,398,281,152
102,41,511,214,310,279,363,191,457,148,170,335
102,42,86,142,496,162,415,298,319,217,273,51
102,43,333,346,417,124,502,24,358,448,505,254
102,44,214,290,480,331,76,505,438,402,213,462
102,45,241,223,220,382,424,47,168,25,51,37
102,46,388,346,85,290,230,357,297,374,207,24
102,47,122,95,399,478,242,344,127,504,132,451
103,0,226,490,136,483,239,453,220,144,373,146
103,1,393,400,152,431,484,19,469,146,193,259
103,2,322,114,372,89,357,396,5,358,409,46
103,3,310,496,188,225,113,399,87,379,54,205
103,4,403,209,307,453,252,488,59,106,392,325
103,5,188,236,228,190,98,14,468,446,142,1
103,6,158,309,260,256,379,233,144,468,234,345
103,7,414,112,113,242,432,382,165,399,191,475
103,8,115,425,319,87,335,175,46,179,350,11
103,9,45,111,214,167,360,82,501,361,37,493
103,10,403,454,28,396,492,406,177,93,508,243
103,11,413,189,296,185,268,213,181,48,250,358
103,12,42,305,306,389,39,386,283,336,277,292
103,13,291,34,157,93,347,273,33,97,115,6
103,14,486,15,438,409,436,117,417,473,138,506
103,15,375,199,288,289,494,163,178,426,105,19
103,16,278,231,272,441,406,133,26,429,490,243
103,17,43,334,431,246,503,486,301,120,10,365
103,18,376,87,399,264,305,120,302,447,485,46
103,19,509,155,377,385,148,3,408,173,37,342
103,20,210,485,16,248,30,442,15,457,441,291
103,21,418,10,379,302,255,134,131,25,453,297
103,22,457,134,235,377,18,287,341,54,482,383
103,23,450,260,334,27,461,494,242,389,244,36
103,24,46,213,109,319,458,111,394,115,393,229
103,25,353,34,500,167,45,384,442,360,214,111
103,26,175,454,28,277,243,441,177,126,404,54
103,27,413,268,355,189,243,62,250,84,273,185
103,28,94,175,386,39,305,336,290,306,283,433
103,29,347,291,115,504,33,93,34,251,157,160
103,30,161,231,278,438,427,15,436,234,352,69
103,31,375,271,199,494,6,449,138,365,193,383
103,32,23,441,278,120,168,87,370,429,240,92
103,33,334,10,246,419,43,120,503,488,462,508
103,34,376,485,120,399,447,87,423,251,42,164
103,35,155,257,385,377,3,509,372,173,408,148
103,36,210,441,104,321,409,131,59,492,425,265
103,37,302,10,134,135,29,257,131,418,387,377
103,38,457,235,377,341,134,18,173,289,162,351
103,39,167,496,97,83,469,19,222,464,375,331
103,40,98,449,304,290,173,200,428,460,280,309
103,41,340,354,228,391,342,159,145,310,489,296
103,42,143,423,242,86,142,466,263,348,217,211
103,43,456,172,333,65,502,505,497,425,421,478
103,44,324,282,203,480,48,285,322,505,202,193
103,45,366,266,419,186,231,303,428,124,223,424
103,46,471,80,374,18,230,207,194,346,232,86
103,47,79,301,478,445,206,496,418,244,122,132
104,0,261,88,333,83,169,214,262,331,165,114
104,1,70,97,206,453,400,469,431,393,38,443
104,2,114,372,282,5,41,242,312,59,270,323
104,3,310,293,235,113,14,225,188,269,249,88
104,4,403,488,106,307,309,59,496,252,209,257
104,5,188,190,386,142,446,392,369,71,14,1
104,6,345,125,289,309,233,150,223,507,256,158
104,7,432,303,475,242,414,26,112,452,144,84
104,8,325,115,163,370,295,175,425,11,497,463
104,9,141,14,407,506,68,154,209,90,214,111
104,10,280,211,368,32,109,299,107,119,488,366
104,11,231,141,273,511,409,397,250,211,350,78
104,12,356,80,315,470,90,139,297,317,290,217
104,13,334,411,154,302,253,179,435,16,287,449
104,14,387,441,56,191,46,200,238,470,324,391
104,15,481,352,245,98,74,39,30,501,65,73
104,16,260,123,153,453,294,276,501,482,322,22
104,17,190,459,284,418,449,116,282,91,144,25
104,18,419,467,358,144,153,167,179,309,119,147
104,19,362,412,204,307,297,107,9,79,39,395
104,20,160,178,490,355,51,483,311,101,230,236
104,21,362,288,457,168,402,324,260,237,283,152
104,22,6,237,458,363,492,89,55,53,284,234
104,23,387,58,251,68,394,353,368,341,179,143
104,24,431,92,225,50,508,281,370,260,88,163
104,25,195,137,499,412,69,263,193,50,333,260
104,26,197,437,44,6,390,381,234,22,59,374
104,27,239,311,14,383,392,13,176,193,347,89
104,28,440,461,94,356,139,80,90,238,478,339
104,29,334,449,179,460,362,411,119,17,306,202
104,30,391,238,387,274,190,441,428,479,470,95
104,31,481,352,389,74,98,245,420,293,500,52
104,32,153,276,260,22,294,482,123,195,196,501
104,33,470,398,259,91,394,284,125,418,459,215
104,34,419,153,179,407,128,169,119,315,467,86
104,35,384,362,11,421,222,44,112,307,412,510
104,36,327,349,478,160,394,295,230,192,311,102
104,37,288,168,144,226,402,440,151,48,438,153
104,38,6,363,147,458,89,53,407,403,263,342
104,39,387,58,341,223,134,353,167,490,247,368
104,40,499,16,262,29,456,263,233,352,364,135
104,41,272,80,61,350,233,103,324,201,328,268
104,42,268,386,23,218,131,291,48,319,422,33
104,43,284,24,425,427,497,346,266,120,34,359
104,44,232,350,402,49,505,68,369,103,76,74
104,45,64,376,37,226,220,168,421,481,158,61
104,46,357,290,374,346,194,85,192,67,212,369
104,47,478,122,301,55,127,496,242,344,475,224
105,0,232,70,215,220,453,396,128,456,166,369
105,1,409,393,192,431,444,453,443,146,214,469
105,2,291,114,123,46,41,306,151,103,322,358
105,3,399,188,310,164,405,500,113,394,436,32
105,4,153,209,207,403,488,307,353,484,37,469
105,5,188,228,162,142,386,287,392,71,91,230
105,6,227,345,309,474,150,445,158,198,306,233
105,7,224,432,112,414,58,84,451,475,319,17
105,8,115,40,42,445,76,147,475,428,282,269
105,9,501,82,380,395,84,154,214,407,360,505
105,10,454,368,325,255,467,461,243,495,96,299
105,11,358,296,213,316,19,315,355,78,366,102
105,12,283,470,386,230,446,39,298,59,461,156
105,13,34,60,112,410,154,364,35,96,291,287
105,14,441,294,269,276,274,53,366,130,32,56
105,15,487,491,510,119,193,459,352,13,61,39
105,16,409,500,260,201,424,210,87,282,245,191
105,17,325,452,410,285,187,508,62,112,306,442
105,18,419,57,153,179,501,358,114,407,284,300
105,19,75,129,308,341,457,362,384,113,372,446
105,20,349,395,214,508,105,293,86,56,202,114
105,21,288,243,120,267,224,440,457,211,180,317
105,22,6,458,97,497,234,55,237,397,479,378
105,23,294,454,83,493,199,285,510,105,321,465
105,24,325,163,370,86,307,477,331,207,63,197
105,25,141,405,14,90,511,63,154,360,306,462
105,26,279,408,223,50,280,87,238,296,433,60
105,27,381,53,409,465,141,322,78,126,231,509
105,28,11,372,399,48,419,404,356,161,32,90
105,29,457,302,321,287,119,411,384,385,330,250
105,30,19,508,160,292,249,447,105,351,441,461
105,31,510,119,487,491,193,27,163,208,101,212
105,32,409,424,500,505,429,210,336,201,230,438
105,33,187,442,410,67,62,16,34,325,272,284
105,34,244,57,179,213,407,229,283,272,165,286
105,35,129,75,308,327,92,123,147,433,483,223
105,36,94,508,349,214,131,117,64,30,76,251
105,37,288,48,440,119,226,271,154,301,503,409
105,38,6,374,62,234,258,53,497,97,390,222
105,39,294,297,510,454,383,228,302,470,299,318
105,40,290,355,304,251,505,482,460,40,207,449
105,41,499,264,170,443,508,347,295,377,90,324
105,42,23,268,403,386,236,508,132,379,62,75
105,43,427,280,346,333,412,329,110,107,256,85
105,44,350,213,76,457,438,290,402,103,273,156
105,45,481,220,114,324,168,508,401,449,223,333
105,46,357,80,383,374,290,232,346,280,156,33
105,47,301,433,55,399,478,496,122,206,156,209
106,0,70,419,446,451,107,18,414,220,415,494
106,1,409,443,393,431,444,259,214,64,21,144
106,2,41,335,282,114,123,323,393,193,5,394
106,3,392,310,24,262,379,482,405,469,399,64
106,4,153,209,432,488,469,102,64,68,252,77
106,5,188,334,220,352,202,142,280,224,162,165
106,6,306,445,198,345,227,330,81,395,234,60
106,7,224,319,58,451,432,112,498,142,289,438
106,8,42,40,76,113,265,413,147,300,428,46
106,9,395,154,360,506,377,505,462,501,212,465
106,10,188,368,202,506,454,255,461,495,325,96
106,11,408,189,340,355,316,484,296,288,477,78
106,12,446,386,8,447,39,283,103,149,445,59
106,13,34,60,35,112,347,410,503,33,248,463
106,14,94,65,448,461,278,486,102,243,438,105
106,15,491,193,105,13,487,287,343,119,163,255
106,16,201,169,424,283,368,429,87,299,74,370
106,17,325,272,378,462,285,276,47,410,10,246
106,18,441,308,376,269,87,284,88,120,261,411
106,19,480,257,454,342,269,509,22,408,303,407
106,20,105,453,137,114,210,349,123,58,230,160
106,21,501,257,324,338,457,302,134,116,36,70
106,22,490,235,134,256,97,54,271,203,340,496
106,23,83,285,313,107,167,97,493,469,353,134
106,24,163,370,367,457,488,325,11,439,269,63
106,25,141,90,209,289,55,14,223,407,79,511
106,26,109,280,368,202,32,160,506,299,188,419
106,27,215,20,231,258,498,465,137,126,331,141
106,28,505,169,94,433,384,185,90,461,418,389
106,29,60,34,160,169,461,112,413,347,37,410
106,30,281,499,441,95,276,102,231,269,94,278
106,31,13,491,396,365,487,119,510,71,18,463
106,32,181,87,169,409,452,391,429,201,108,376
106,33,494,331,325,462,508,78,93,246,195,304
106,34,419,308,423,441,269,411,376,104,153,435
106,35,257,480,395,275,86,302,385,372,246,172
106,36,210,441,321,131,114,121,88,508,265,234
106,37,302,134,27,10,257,377,169,243,135,489
106,38,235,490,341,12,256,340,443,90,83,257
106,39,167,496,97,83,469,200,284,19,477,320
106,40,98,449,304,290,428,200,214,309,402,448
106,41,214,310,159,511,489,342,228,219,340,162
106,42,143,423,242,142,86,263,372,466,470,294
106,43,456,333,172,502,505,358,65,478,497,173
106,44,282,324,203,480,48,322,456,193,505,214
106,45,366,266,231,239,428,419,424,136,223,382
106,46,5,471,207,383,80,507,454,107,477,370
106,47,4,217,119,301,324,75,246,90,478,128
107,0,0,425,270,322,99,95,247,316,145,9
107,1,409,214,30,304,390,240,490,21,393,7
107,2,388,394,22,360,310,449,393,42,263,69
107,3,24,433,379,310,482,70,78,62,51,262
107,4,432,65,299,424,64,293,90,308,316,105
107,5,126,280,364,90,165,191,429,452,102,449
107,6,304,461,286,137,0,411,457,306,395,279
107,7,355,296,142,41,188,411,338,244,451,285
107,8,215,113,70,40,14,105,496,313,477,294
107,9,301,404,20,90,377,79,395,133,154,14
107,10,61,188,454,66,180,49,160,506,202,98
107,11,340,5,78,121,62,408,197,189,288,63
107,12,503,48,332,386,447,18,445,3,303,487
107,13,34,112,33,35,333,6,406,96,291,503
107,14,94,105,425,461,438,409,117,231,473,385
107,15,105,25,199,289,375,315,383,287,494,491
107,16,424,275,370,169,223,272,199,441,87,26
107,17,486,378,285,272,214,504,321,93,276,334
107,18,441,88,200,411,376,373,46,496,310,507
107,19,509,155,342,299,257,454,480,3,133,148
107,20,217,210,121,59,30,173,115,442,248,145
107,21,10,134,27,96,85,360,377,453,302,472
107,22,241,296,54,106,388,134,173,257,425,493
107,23,372,334,450,495,285,236,446,97,465,242
107,24,40,46,113,70,229,96,107,473,484,214
107,25,360,384,404,287,394,20,34,206,353,26
107,26,188,61,454,28,368,66,504,506,180,277
107,27,355,498,408,279,62,253,340,5,258,97
107,28,447,332,386,94,283,500,3,503,48,433
107,29,112,33,410,60,34,347,406,160,193,6
107,30,94,231,278,105,349,161,499,234,370,124
107,31,491,13,494,365,32,18,25,375,315,19
107,32,169,429,391,400,424,401,337,370,201,346
107,33,325,285,321,508,10,480,246,304,334,378
107,34,441,411,88,423,200,376,269,174,325,87
107,35,155,480,310,23,368,275,172,509,372,3
107,36,173,492,240,217,357,131,296,145,121,265
107,37,96,134,10,36,243,29,302,85,462,511
107,38,54,173,83,235,90,341,217,113,425,452
107,39,138,23,115,450,196,17,253,319,274,411
107,40,270,251,300,469,86,393,4,356,96,358
107,41,391,302,301,464,54,52,457,196,155,383
107,42,165,296,102,8,241,74,183,315,14,233
107,43,85,48,500,142,379,350,14,466,418,311
107,44,186,227,207,143,76,362,394,472,483,399
107,45,220,419,316,233,186,231,356,25,248,268
107,46,86,110,346,80,443,232,219,374,286,362
107,47,206,77,235,398,242,246,301,418,310,373
108,0,54,446,451,163,414,24,302,471,211,402
108,1,259,124,390,431,48,58,90,341,490,373
108,2,396,33,179,145,445,394,256,370,41,22
108,3,379,24,367,62,310,470,235,217,70,78
108,4,432,293,65,299,116,64,424,488,105,334
108,5,452,364,280,492,302,484,380,394,506,449
108,6,304,330,306,0,457,411,60,464,286,395
108,7,355,142,296,451,227,392,12,188,244,338
108,8,113,70,215,14,509,40,262,294,155,313
108,9,90,14,141,20,79,395,404,511,82,506
108,10,188,298,202,280,66,368,506,109,61,160
108,11,197,78,9,331,231,409,258,446,63,434
108,12,315,356,80,461,130,196,384,412,48,386
108,13,334,154,179,449,287,16,253,435,37,365
108,14,387,441,324,56,200,191,46,502,276,260
108,15,64,245,228,74,266,431,98,30,352,297
108,16,127,222,294,260,135,428,171,267,322,53
108,17,144,282,346,190,449,177,406,303,459,394
108,18,419,167,144,358,114,407,438,309,206,153
108,19,107,464,297,362,412,238,471,248,209,204
108,20,51,355,373,178,145,490,483,101,409,395
108,21,288,477,438,362,457,50,443,332,243,324
108,22,6,458,53,363,378,474,492,244,508,329
108,23,394,438,368,111,464,143,251,297,284,179
108,24,258,443,431,260,427,73,4,290,500,88
108,25,410,211,260,460,511,267,70,63,127,484
108,26,483,437,293,6,415,381,108,414,474,56
108,27,220,114,139,239,14,123,352,233,131,375
108,28,190,13,249,440,347,139,1,345,457,77
108,29,401,179,449,127,51,362,275,483,416,462
108,30,239,46,115,404,443,384,16,260,238,93
108,31,98,228,245,64,294,352,31,275,297,402
108,32,127,260,222,294,135,71,267,428,355,230
108,33,190,282,403,144,406,308,224,193,32,424
108,34,407,312,315,153,144,494,438,351,20,334
108,35,107,362,297,29,9,70,253,178,232,79
108,36,355,327,373,272,51,285,8,483,482,463
108,37,477,288,362,438,457,324,485,151,316,122
108,38,6,420,372,363,197,62,409,496,421,105
108,39,294,228,297,318,104,150,406,27,302,115
108,40,364,176,135,342,262,168,36,497,259,141
108,41,300,124,462,27,285,128,439,23,190,489
108,42,319,265,462,463,293,243,296,339,169,318
108,43,131,24,421,322,124,148,273,224,44,266
108,44,358,177,203,350,76,100,341,505,183,402
108,45,183,220,226,173,455,399,325,10,283,239
108,46,80,357,290,106,67,374,286,208,27,346
108,47,206,301,50,242,135,496,55,122,355,240
109,0,206,450,110,498,1,182,231,484,241,166
109,1,453,259,486,142,470,400,220,19,409,443
109,2,291,396,179,424,259,71,33,269,59,394
109,3,124,379,399,217,188,470,500,496,231,113
109,4,342,125,153,453,432,84,442,50,279,257
109,5,302,484,452,167,224,492,502,142,132,328
109,6,60,306,493,392,330,464,395,114,485,31
109,7,142,263,355,239,350,9,80,224,451,493
109,8,113,262,294,367,96,457,477,287,509,105
109,9,90,141,20,449,209,79,14,130,377,142
109,10,202,506,495,368,280,109,243,325,298,188
109,11,484,20,197,409,511,434,211,126,215,315
109,12,325,446,356,283,130,8,265,315,461,80
109,13,154,16,184,179,334,302,365,290,435,417
109,14,441,56,46,269,502,387,414,377,274,324
109,15,459,30,510,244,74,73,293,79,352,487
109,16,260,135,409,45,2,428,196,153,191,482
109,17,259,190,91,177,144,303,109,394,490,80
109,18,419,358,407,119,179,153,137,438,228,128
109,19,384,362,79,297,457,204,307,9,446,86
109,20,160,409,353,395,490,355,230,145,151,478
109,21,362,457,169,288,324,260,162,280,64,133
109,22,6,87,492,55,89,458,450,378,53,237
109,23,368,387,143,167,313,341,297,353,160,222
109,24,312,510,163,508,431,88,290,197,70,204
109,25,187,180,260,263,70,249,400,511,44,432
109,26,390,56,437,381,509,153,279,64,212,44
109,27,13,434,479,443,467,347,384,89,360,311
109,28,264,383,315,509,274,440,356,90,461,94
109,29,179,449,362,334,119,460,411,45,214,24
109,30,324,99,274,505,502,329,441,260,239,57
109,31,146,74,30,293,294,275,352,48,481,308
109,32,260,196,2,131,10,344,153,135,294,53
109,33,91,259,190,340,398,304,224,470,144,490
109,34,153,351,358,407,438,419,179,228,128,20
109,35,91,362,457,79,384,106,446,193,297,107
109,36,160,502,353,105,355,483,195,409,230,327
109,37,362,280,457,288,324,169,64,180,97,176
109,38,6,420,458,452,299,421,62,508,234,378
109,39,294,297,228,318,150,198,406,212,392,302
109,40,497,16,120,231,176,29,332,439,262,141
109,41,91,135,486,228,61,410,268,296,489,272
109,42,462,319,293,48,243,463,37,378,318,242
109,43,224,497,421,126,322,173,124,24,425,458
109,44,203,232,290,336,76,350,505,103,49,402
109,45,166,399,37,479,226,10,481,455,471,366
109,46,357,290,106,374,346,481,232,67,256,493
109,47,445,79,55,242,122,301,285,129,496,329
110,0,88,333,169,194,261,83,214,331,109,227
110,1,70,453,206,306,466,234,15,178,382,248
110,2,179,365,453,323,130,242,331,12,312,114
110,3,259,114,481,278,158,457,351,436,368,109
110,4,162,31,139,108,474,120,300,236,362,171
110,5,397,287,277,503,178,217,359,403,412,45
110,6,511,386,363,128,465,369,167,351,355,229
110,7,507,204,454,127,102,53,384,68,273,125
110,8,494,24,271,379,180,16,495,120,302,352
110,9,124,182,192,461,147,223,74,7,224,248
110,10,32,366,303,374,298,217,489,249,293,44
110,11,220,352,452,223,139,36,123,87,114,178
110,12,151,80,489,241,11,315,356,238,511,130
110,13,483,401,290,334,17,365,154,349,203,45
110,14,46,115,93,391,320,85,333,414,367,281
110,15,76,65,192,31,81,112,30,508,250,280
110,16,398,123,153,127,501,226,309,44,481,324
110,17,303,193,0,54,403,101,284,86,406,194
110,18,419,352,407,467,502,130,358,114,144,167
110,19,238,253,399,221,412,142,309,11,222,160
110,20,272,49,327,437,289,331,93,26,373,8
110,21,288,438,277,168,106,259,419,2,224,391
110,22,6,378,363,244,492,87,444,37,108,484
110,23,341,143,167,482,387,45,506,469,46,371
110,24,251,258,427,4,290,320,272,237,112,443
110,25,460,317,33,285,263,511,262,466,11,288
110,26,44,415,483,453,293,307,381,374,6,311
110,27,131,114,308,452,220,233,223,230,432,139
110,28,489,1,249,151,511,264,356,80,139,130
110,29,365,334,401,179,378,51,138,17,449,154
110,30,46,414,93,443,391,239,56,471,95,319
110,31,31,30,143,76,281,402,53,192,250,81
110,32,309,127,398,409,123,153,236,204,263,207
110,33,303,86,282,121,194,284,193,403,294,406
110,34,419,468,407,494,256,294,130,153,137,179
110,35,309,253,222,106,238,11,234,160,110,364
110,36,327,49,272,396,26,13,8,195,373,288
110,37,288,85,168,332,32,118,280,48,106,81
110,38,6,62,234,421,508,342,282,147,141,477
110,39,143,167,341,469,45,482,506,387,212,46
110,40,176,231,398,281,16,170,419,332,439,168
110,41,486,177,410,279,439,178,37,314,61,467
110,42,420,95,312,218,319,268,211,462,14,93
110,43,224,126,497,254,342,421,464,414,360,406
110,44,336,458,279,177,285,462,103,350,358,214
110,45,498,173,226,37,324,136,382,421,56,72
110,46,357,290,67,85,200,293,281,274,129,503
110,47,122,478,399,301,55,242,496,163,72,153
111,0,232,70,215,220,128,453,456,166,396,178
111,1,192,453,409,15,259,484,232,443,177,120
111,2,114,12,323,291,331,453,130,242,5,179
111,3,259,481,114,278,457,158,351,368,89,109
111,4,162,139,108,362,31,474,236,300,120,247
111,5,277,397,178,287,359,217,316,261,403,503
111,6,465,511,386,122,369,351,128,363,355,229
111,7,204,507,125,454,384,127,53,416,68,273
111,8,16,180,302,352,271,495,24,494,379,411
111,9,192,248,461,182,147,7,124,223,74,165
111,10,217,293,496,241,366,303,198,453,317,363
111,11,220,139,131,452,14,168,233,176,375,223
111,12,151,11,489,80,241,511,365,249,238,279
111,13,483,401,17,334,384,127,365,51,203,349
111,14,46,239,320,93,367,404,191,391,443,85
111,15,228,431,64,31,98,222,266,402,65,30
111,16,127,153,123,260,428,222,294,53,267,453
111,17,282,406,190,303,346,455,193,449,16,165
111,18,114,167,419,144,467,407,502,358,309,153
111,19,412,238,253,107,57,471,19,450,399,141
111,20,51,178,355,373,102,433,289,272,101,490
111,21,288,438,443,477,32,362,243,162,233,210
111,22,6,363,378,53,498,244,458,87,62,492
111,23,394,368,464,143,251,111,167,45,477,297
111,24,258,260,443,4,431,204,277,365,320,500
111,25,410,23,372,260,211,432,484,127,511,246
111,26,437,282,212,483,415,381,6,307,234,231
111,27,308,239,35,139,375,114,347,123,89,193
111,28,440,190,13,347,511,1,51,90,2,408
111,29,179,334,449,79,127,17,411,138,45,306
111,30,238,260,68,443,46,153,441,387,404,324
111,31,98,74,228,352,392,64,31,297,30,311
111,32,260,476,355,428,421,482,196,294,222,143
111,33,190,283,394,338,144,223,14,410,82,121
111,34,153,407,419,256,280,179,242,451,369,57
111,35,362,9,297,384,24,412,160,421,112,21
111,36,355,327,483,51,230,478,45,102,101,160
111,37,288,362,48,324,477,457,151,226,32,210
111,38,6,62,234,417,47,420,45,53,462,393
111,39,251,394,368,353,103,464,313,387,438,393
111,40,262,364,135,153,141,165,16,120,283,355
111,41,133,439,399,272,273,352,311,457,87,223
111,42,319,463,293,169,268,37,248,93,183,432
111,43,24,322,346,266,173,497,284,427,358,44
111,44,402,505,350,290,358,99,352,6,169,59
111,45,324,10,223,348,144,226,26,294,390,158
111,46,357,290,80,374,280,383,232,420,194,288
111,47,399,301,433,122,55,143,206,496,478,332
112,0,70,91,419,106,107,232,448,302,411,133
112,1,409,443,453,259,21,120,232,387,177,484
112,2,179,471,331,282,323,269,130,489,123,119
112,3,114,259,436,158,351,457,481,304,89,167
112,4,139,300,162,108,297,31,153,120,377,362
112,5,397,287,503,403,178,359,277,217,412,316
112,6,330,395,60,198,128,432,511,306,96,386
112,7,507,331,454,273,204,53,125,127,68,477
112,8,16,302,352,24,141,495,21,379,271,180
112,9,182,124,223,461,192,368,165,495,224,147
112,10,489,148,243,366,280,213,107,295,465,323
112,11,332,464,351,104,254,49,475,180,454,160
112,12,80,151,315,46,238,130,274,241,356,385
112,13,334,253,435,16,179,184,449,92,154,401
112,14,387,391,191,56,441,502,324,115,294,200
112,15,187,481,245,218,380,65,222,247,15,352
112,16,153,260,501,123,453,70,276,43,322,18
112,17,418,357,459,382,288,201,116,449,282,391
112,18,419,467,167,153,144,135,119,114,360,147
112,19,362,11,238,397,401,9,107,222,86,248
112,20,490,373,319,102,386,390,101,51,220,271
112,21,288,237,260,45,168,402,151,438,457,144
112,22,6,403,234,458,363,452,502,492,55,197
112,23,387,223,58,341,134,188,143,490,167,353
112,24,281,92,225,431,258,34,204,70,216,443
112,25,412,137,499,263,511,193,420,211,408,373
112,26,44,59,374,381,290,390,89,437,6,369
112,27,220,383,392,311,55,176,467,384,347,13
112,28,440,190,233,24,461,13,139,315,1,456
112,29,449,179,331,45,334,362,460,411,416,197
112,30,391,115,428,384,171,387,95,274,190,1
112,31,481,241,30,352,218,245,247,293,187,402
112,32,153,260,294,501,428,196,276,22,123,135
112,33,259,91,398,222,215,125,470,459,494,394
112,34,419,407,153,179,309,128,351,357,256,69
112,35,362,412,11,384,222,112,431,24,44,421
112,36,327,349,160,478,289,504,373,409,488,189
112,37,288,440,237,374,402,144,336,410,438,504
112,38,6,363,234,147,310,80,378,356,423,407
112,39,294,297,302,228,318,406,490,58,215,122
112,40,16,29,499,262,120,456,74,233,281,318
112,41,61,410,100,350,103,272,415,348,258,268
112,42,386,291,95,319,48,33,61,268,131,218
112,43,497,421,342,224,284,44,266,256,24,425
112,44,232,49,350,74,103,505,190,336,76,73
112,45,37,220,226,324,64,481,376,455,280,158
112,46,357,290,80,383,194,374,112,86,207,217
112,47,399,301,4,206,50,496,433,128,55,246
113,0,308,67,53,49,322,70,95,139,42,145
113,1,21,259,409,443,64,78,1,453,390,12
113,2,337,39,179,431,173,396,41,74,344,497
113,3,500,494,262,51,470,367,41,399,309,167
113,4,293,50,432,122,264,116,64,19,153,221
113,5,380,506,502,252,300,484,358,165,362,132
113,6,60,306,464,81,395,295,184,501,432,330
113,7,12,319,493,392,355,498,32,272,497,47
113,8,294,96,406,194,203,326,133,262,72,113
113,9,449,79,88,434,284,188,20,360,377,335
113,10,382,461,200,504,474,202,420,325,255,228
113,11,20,484,504,62,316,355,458,285,61,373
113,12,447,188,8,446,386,325,200,500,142,237
113,13,410,112,149,452,132,262,96,476,361,492
113,14,430,489,329,273,499,17,398,62,145,385
113,15,105,418,315,186,123,287,203,506,442,371
113,16,169,192,424,272,50,223,32,243,487,465
113,17,486,71,325,374,426,234,317,504,143,476
113,18,261,441,46,87,269,325,88,172,411,174
113,19,275,480,509,133,233,454,15,342,234,106
113,20,121,255,114,217,39,137,30,502,453,163
113,21,501,377,85,118,248,257,506,472,10,245
113,22,140,12,493,83,235,90,54,501,438,271
113,23,285,495,356,32,334,469,97,236,414,272
113,24,40,142,46,441,107,105,393,262,344,294
113,25,79,20,331,26,88,449,90,384,360,27
113,26,200,504,368,454,28,461,455,495,243,475
113,27,20,258,355,484,498,253,62,268,340,137
113,28,8,446,261,325,283,94,386,200,433,39
113,29,112,60,34,410,347,33,160,37,6,504
113,30,150,278,231,94,499,377,281,329,124,65
113,31,491,13,32,494,18,365,199,463,61,193
113,32,429,169,401,92,400,391,201,181,191,346
113,33,325,71,387,304,246,321,10,480,188,334
113,34,261,441,411,269,325,87,302,120,447,88
113,35,275,480,302,457,234,106,133,260,172,455
113,36,137,114,453,105,267,210,502,163,121,39
113,37,501,118,257,377,36,248,254,85,324,194
113,38,12,140,235,256,190,493,232,90,438,501
113,39,285,83,469,167,505,496,107,97,256,42
113,40,449,304,290,398,141,448,309,428,98,281
113,41,511,214,217,310,170,363,148,47,355,229
113,42,298,142,86,357,211,210,415,276,19,151
113,43,417,333,346,124,505,358,502,448,331,146
113,44,214,290,480,285,505,387,203,402,324,156
113,45,382,223,239,302,241,47,133,235,424,338
113,46,48,207,471,383,177,119,5,51,129,315
113,47,79,50,206,360,246,324,301,4,485,438
114,0,206,450,110,498,231,484,241,1,374,325
114,1,453,259,470,142,443,484,21,328,409,468
114,2,291,179,396,282,259,242,424,269,331,350
114,3,124,188,399,217,113,367,470,500,496,87
114,4,342,125,279,153,50,453,122,84,257,95
114,5,167,224,369,300,502,454,484,138,452,503
114,6,60,493,306,114,31,395,392,511,223,96
114,7,350,112,344,239,179,263,202,80,142,9
114,8,367,370,113,457,294,163,105,287,446,262
114,9,209,141,90,14,449,506,289,20,142,104
114,10,202,506,280,495,382,109,368,461,325,121
114,11,484,211,511,126,20,434,409,492,215,197
114,12,356,325,446,265,130,8,297,433,139,90
114,13,387,302,154,250,16,290,417,91,288,22
114,14,441,14,377,212,80,233,506,470,269,439
114,15,193,491,487,391,459,61,119,22,510,185
114,16,201,429,505,500,74,210,62,260,91,140
114,17,410,306,194,284,143,105,160,378,237,272
114,18,179,419,358,153,57,468,137,501,361,300
114,19,75,129,341,498,506,113,454,469,313,269
114,20,349,478,327,488,138,214,230,160,433,105
114,21,288,243,440,211,369,324,328,338,79,283
114,22,6,402,172,372,406,54,55,397,378,450
114,23,313,251,368,294,83,103,285,493,393,382
114,24,325,370,11,163,295,191,283,186,161,395
114,25,432,14,141,360,511,90,462,306,83,111
114,26,279,50,296,473,280,238,456,381,433,212
114,27,410,126,78,409,141,110,258,381,322,397
114,28,372,11,356,290,242,48,90,94,189,264
114,29,287,302,385,321,411,457,362,119,461,250
114,30,19,249,160,508,268,321,441,424,461,243
114,31,391,193,32,212,123,83,371,487,119,283
114,32,480,282,121,62,424,332,245,110,223,201
114,33,210,410,306,299,272,67,285,105,287,381
114,34,419,239,179,19,2,272,15,87,468,334
114,35,372,434,342,208,362,234,233,355,49,222
114,36,105,137,131,453,114,388,30,267,169,39
114,37,501,324,243,377,118,254,445,489,257,36
114,38,12,235,170,256,285,402,271,501,217,232
114,39,285,83,167,469,42,505,496,107,272,356
114,40,398,304,290,449,141,309,281,459,229,448
114,41,511,214,363,217,170,213,310,261,377,47
114,42,142,298,211,415,86,210,357,319,352,466
114,43,417,346,333,124,448,358,306,24,497,505
114,44,290,214,505,480,285,402,322,462,156,56
114,45,382,223,302,133,239,47,260,241,169,424
114,46,48,207,177,5,471,51,23,119,256,393
114,47,360,79,324,218,119,137,246,272,36,438
115,0,88,333,261,227,169,194,83,331,214,487
115,1,453,70,178,15,306,206,400,248,484,234
115,2,179,453,242,130,323,244,365,12,331,183
115,3,259,114,481,278,158,457,351,226,109,452
115,4,162,31,139,120,108,474,236,300,61,171
115,5,397,277,178,503,217,287,403,316,467,359
115,6,511,363,128,465,386,369,351,355,167,504
115,7,384,204,454,507,127,53,102,68,125,416
115,8,271,180,16,24,494,495,120,379,352,302
115,9,192,182,223,147,124,461,74,165,7,248
115,10,303,32,221,366,249,148,489,298,293,217
115,11,220,352,375,139,87,123,178,452,36,223
115,12,80,151,315,489,241,196,238,356,46,511
115,13,334,483,45,449,17,401,365,331,179,127
115,14,238,404,46,191,387,115,391,260,190,85
115,15,98,65,481,245,74,228,275,352,39,147
115,16,260,294,153,123,276,453,482,476,96,322
115,17,284,449,459,190,346,382,282,303,201,418
115,18,419,144,309,467,358,137,114,179,153,407
115,19,412,362,307,204,39,9,79,11,209,510
115,20,490,51,160,483,355,311,373,178,478,319
115,21,288,362,457,168,243,283,101,126,260,133
115,22,6,285,363,272,458,374,271,351,157,466
115,23,387,58,68,394,251,353,247,341,393,208
115,24,225,216,92,305,431,440,55,370,89,508
115,25,211,420,499,50,221,137,69,410,193,333
115,26,437,282,234,212,381,191,217,290,366,453
115,27,33,239,311,392,178,220,153,377,13,176
115,28,80,94,440,139,264,291,46,461,238,356
115,29,334,179,460,449,411,17,455,119,306,45
115,30,391,387,130,238,441,56,479,191,293,183
115,31,481,245,247,187,98,389,135,352,65,420
115,32,276,482,153,22,260,118,453,294,501,123
115,33,215,463,90,284,394,379,442,259,74,218
115,34,419,239,325,269,441,308,29,272,268,9
115,35,234,106,275,233,457,372,388,302,422,480
115,36,137,453,131,114,105,210,39,456,388,142
115,37,501,257,377,243,306,36,118,489,254,280
115,38,12,256,272,402,501,490,217,285,232,271
115,39,285,83,469,505,496,167,42,107,199,97
115,40,449,304,290,398,141,448,309,428,281,214
115,41,511,214,310,363,217,170,148,261,335,279
115,42,142,298,86,211,210,415,357,310,466,73
115,43,417,333,346,358,124,502,448,306,505,497
115,44,290,214,480,505,285,402,322,156,462,56
115,45,223,382,302,133,241,47,260,424,37,169
115,46,48,388,207,177,51,23,5,119,129,370
115,47,272,324,414,119,137,218,451,246,36,85
116,0,129,73,145,328,27,232,367,460,220,174
116,1,44,20,431,89,258,393,324,138,220,337
116,2,69,394,445,134,417,179,22,220,75,370
116,3,24,78,14,62,200,235,482,310,280,379
116,4,424,432,334,65,316,105,430,90,309,167
116,5,202,449,111,280,506,245,464,240,419,94
116,6,286,114,184,395,210,457,464,306,428,77
116,7,344,368,142,179,296,355,304,15,152,340
116,8,367,163,105,488,446,439,295,457,14,199
116,9,90,209,141,55,511,289,473,109,79,20
116,10,121,143,109,319,455,123,374,69,450,415
116,11,492,434,409,331,20,211,215,137,23,370
116,12,325,185,442,130,356,24,352,110,189,2
116,13,4,290,442,156,309,167,187,16,151,346
116,14,377,95,441,14,150,499,341,269,274,311
116,15,13,491,487,119,193,343,32,365,494,511
116,16,169,260,401,181,409,429,344,391,505,500
116,17,71,325,404,398,105,504,486,259,194,164
116,18,411,509,325,173,47,157,33,88,53,119
116,19,362,275,309,9,480,222,260,342,446,509
116,20,114,137,105,453,210,121,151,255,267,230
116,21,501,324,280,194,118,457,254,128,248,506
116,22,501,232,285,340,12,402,504,13,275,187
116,23,285,83,167,496,107,299,356,256,103,199
116,24,446,105,370,439,163,81,488,367,204,65
116,25,209,90,449,141,511,55,79,20,289,133
116,26,455,109,450,121,69,445,311,319,49,384
116,27,331,484,434,20,437,137,231,492,35,215
116,28,325,185,366,130,494,442,505,167,273,110
116,29,4,346,248,123,367,156,461,135,151,24
116,30,377,95,231,441,499,338,14,150,274,218
116,31,491,487,13,463,119,193,18,511,494,365
116,32,401,429,409,344,169,391,181,201,191,282
116,33,71,325,194,404,387,441,8,398,365,304
116,34,509,411,22,119,325,47,228,33,157,261
116,35,260,275,362,457,446,309,480,15,342,455
116,36,137,105,267,114,163,210,161,453,121,151
116,37,501,254,280,194,118,324,457,507,248,176
116,38,501,232,340,402,12,285,275,438,504,13
116,39,496,505,167,469,83,285,107,360,356,375
116,40,398,290,449,141,281,304,448,280,236,419
116,41,214,148,511,47,363,217,19,355,261,310
116,42,211,298,210,142,357,263,86,319,276,450
116,43,417,346,333,358,497,124,505,300,65,421
116,44,214,290,324,203,193,505,285,402,322,396
116,45,382,223,186,302,136,37,226,47,241,235
116,46,48,207,129,296,370,507,236,38,257,5
116,47,4,128,321,324,119,217,246,361,341,75
117,0,37,328,377,322,52,27,174,15,411,16
117,1,258,138,220,358,44,214,20,89,390,324
117,2,69,445,417,394,117,134,317,102,220,336
117,3,24,78,62,14,376,235,374,333,493,200
117,4,351,424,266,505,295,9,309,272,432,65
117,5,169,449,245,293,464,280,111,94,134,191
117,6,407,114,210,286,428,172,171,457,395,221
117,7,344,396,368,193,179,286,15,142,294,70
117,8,163,370,457,446,367,488,290,204,11,439
117,9,209,511,90,55,141,68,14,289,154,133
117,10,121,455,123,40,390,319,109,230,417,100
117,11,492,434,35,211,360,273,137,163,409,384
117,12,352,325,130,356,442,110,91,185,433,141
117,13,4,442,290,273,274,123,265,286,148,156
117,14,441,377,338,95,212,14,470,274,385,269
117,15,193,494,491,459,487,463,510,13,408,506
117,16,429,191,74,391,243,401,201,169,409,260
117,17,71,105,504,328,398,194,325,259,374,486
117,18,509,29,157,228,351,33,119,173,378,411
117,19,291,309,260,342,446,161,222,455,56,275
117,20,137,210,105,453,267,163,412,151,7,349
117,21,254,501,451,64,176,128,507,457,118,506
117,22,402,232,13,501,503,504,148,182,285,425
117,23,285,505,496,356,83,167,450,107,469,199
117,24,446,163,367,65,488,370,457,36,439,105
117,25,55,511,90,289,209,205,459,288,276,183
117,26,455,121,109,390,249,123,319,450,230,100
117,27,331,384,23,360,434,211,215,13,386,492
117,28,325,352,130,110,141,24,442,274,167,433
117,29,4,16,24,442,290,123,151,346,302,325
117,30,377,274,95,338,441,269,414,280,311,439
117,31,463,18,159,491,494,487,314,199,32,134
117,32,429,191,400,409,401,391,408,419,344,92
117,33,8,71,404,304,398,259,325,194,441,91
117,34,228,509,351,33,29,411,119,157,173,47
117,35,291,446,457,260,275,342,480,455,309,172
117,36,39,163,137,267,105,161,160,412,255,225
117,37,254,501,507,194,451,243,457,64,372,280
117,38,402,501,232,285,13,182,504,187,148,275
117,39,505,285,469,167,83,356,506,496,199,161
117,40,449,8,398,290,141,448,236,336,309,281
117,41,148,27,511,378,47,214,217,261,132,125
117,42,298,211,357,210,6,278,191,341,415,348
117,43,417,333,65,358,505,497,511,300,117,278
117,44,193,296,279,290,39,396,285,407,91,24
117,45,370,302,241,471,382,112,280,399,237,456
117,46,31,426,427,68,257,129,296,38,481,458
117,47,316,196,128,141,3,286,484,170,75,401
118,0,342,52,27,232,139,308,500,322,339,99
118,1,486,220,324,10,20,138,44,103,214,89
118,2,69,445,394,417,214,22,220,170,190,505
118,3,24,78,62,173,376,324,374,69,235,303
118,4,334,167,424,505,309,65,266,272,316,430
118,5,111,102,449,280,245,464,452,506,429,147
118,6,398,210,171,172,286,114,457,221,59,387
118,7,159,411,368,142,152,348,344,396,193,179
118,8,370,163,204,367,488,11,439,65,290,457
118,9,55,90,289,183,141,511,400,288,416,259
118,10,121,109,455,107,366,280,143,346,285,319
118,11,386,492,23,273,120,434,215,45,331,409
118,12,462,325,189,185,352,141,130,494,433,23
118,13,453,175,274,265,2,224,442,151,273,91
118,14,377,269,213,95,311,338,441,218,439,231
118,15,491,494,18,463,193,13,32,408,314,318
118,16,194,400,429,401,181,391,191,505,201,169
118,17,136,71,325,486,331,194,498,504,8,328
118,18,411,228,119,509,157,240,351,33,496,442
118,19,260,342,309,291,509,446,275,480,222,455
118,20,39,267,105,202,161,210,163,137,349,131
118,21,254,134,501,64,85,118,362,165,346,420
118,22,232,504,501,400,425,399,511,332,394,402
118,23,505,285,167,356,83,450,42,107,496,355
118,24,439,446,367,370,457,163,82,204,65,488
118,25,183,90,55,511,289,209,26,259,154,276
118,26,455,366,319,121,506,206,109,280,202,107
118,27,23,215,137,20,511,211,492,331,323,386
118,28,325,433,386,189,141,130,462,489,356,24
118,29,16,2,151,442,265,123,273,302,224,325
118,30,377,95,14,269,231,441,274,414,212,234
118,31,18,463,491,487,494,32,13,159,315,314
118,32,401,429,400,391,191,92,409,272,505,201
118,33,8,325,504,71,404,398,259,365,194,387
118,34,228,119,240,411,351,442,402,22,509,33
118,35,342,260,81,509,446,480,372,154,275,457
118,36,39,225,256,142,407,131,154,240,265,210
118,37,243,264,53,511,420,254,165,309,139,200
118,38,232,332,460,217,501,402,400,399,438,504
118,39,138,221,126,15,356,204,285,450,414,76
118,40,270,8,185,86,298,420,109,449,341,239
118,41,116,440,278,231,214,148,253,132,118,483
118,42,272,165,496,162,8,341,315,271,63,427
118,43,339,97,196,317,202,500,14,197,184,430
118,44,506,252,286,76,193,22,184,407,375,303
118,45,29,225,207,229,302,443,168,220,25,339
118,46,31,88,294,281,115,337,85,426,467,56
118,47,242,408,484,417,442,73,449,433,246,232
119,0,27,129,317,238,468,139,73,489,479,102
119,1,486,220,8,10,20,324,103,44,390,496
119,2,445,69,417,258,505,394,123,22,220,79
119,3,173,78,24,356,62,235,333,303,14,310
119,4,231,214,167,309,8,334,505,266,105,272
119,5,111,245,306,102,280,124,452,449,472,429
119,6,398,171,210,387,114,116,172,407,457,238
119,7,411,348,159,142,368,344,152,179,396,296
119,8,457,163,367,204,439,370,488,11,65,14
119,9,90,289,55,459,141,511,183,209,68,109
119,10,121,455,109,285,17,280,202,83,390,160
119,11,386,23,331,120,492,434,409,185,124,273
119,12,462,325,189,24,185,433,141,130,36,386
119,13,453,175,442,290,265,274,224,198,273,64
119,14,377,341,269,338,420,95,311,385,441,300
119,15,463,18,491,32,494,487,408,13,159,134
119,16,401,391,429,400,201,181,282,169,191,409
119,17,71,194,325,8,136,504,398,486,404,387
119,18,228,411,119,240,351,402,509,442,157,33
119,19,260,342,446,309,480,275,378,509,455,291
119,20,39,161,267,163,210,105,407,225,137,202
119,21,254,134,53,165,264,64,453,130,346,359
119,22,232,332,425,400,18,438,501,399,504,496
119,23,505,42,285,450,167,71,83,334,356,360
119,24,439,446,163,367,457,82,370,96,204,295
119,25,289,90,459,511,26,407,55,276,183,321
119,26,455,121,285,280,206,17,40,292,109,243
119,27,331,23,384,434,315,350,409,231,386,68
119,28,433,325,141,24,130,283,489,3,461,189
119,29,442,198,33,224,175,4,357,273,123,249
119,30,377,244,338,1,274,150,441,420,408,14
119,31,463,18,487,491,159,32,494,315,134,318
119,32,401,409,282,400,429,391,201,191,92,245
119,33,325,8,404,71,234,504,304,480,476,307
119,34,402,240,411,228,351,442,22,357,509,33
119,35,260,372,81,480,342,378,446,384,457,275
119,36,225,39,210,142,256,131,246,267,161,76
119,37,243,53,254,264,134,96,165,420,10,359
119,38,232,332,217,18,85,90,438,235,402,391
119,39,323,138,356,334,15,498,110,448,23,67
119,40,173,420,449,64,169,496,209,270,229,440
119,41,231,463,443,383,359,478,302,391,393,243
119,42,217,496,165,8,162,363,233,413,466,296
119,43,125,339,85,430,267,369,444,331,168,196
119,44,116,307,76,362,184,224,343,315,207,227
119,45,220,237,168,238,443,181,90,25,425,507
119,46,31,346,88,271,374,232,281,206,438,25
119,47,254,242,398,445,79,361,442,141,507,408
120,0,83,214,169,380,165,109,88,249,194,333
120,1,486,466,70,206,220,349,74,389,158,132
120,2,259,312,214,114,179,239,270,60,130,372
120,3,310,4,235,335,379,188,78,14,405,113
120,4,496,257,506,325,35,252,309,106,488,465
120,5,236,111,294,250,1,452,436,98,58,4
120,6,398,464,59,114,210,352,171,510,326,482
120,7,142,159,355,378,193,372,500,344,60,81
120,8,457,163,367,113,11,204,439,370,14,65
120,9,90,14,68,289,506,20,141,209,55,142
120,10,455,285,121,280,202,109,506,100,218,299
120,11,273,492,434,397,331,418,23,185,7,163
120,12,462,433,325,63,288,356,185,386,283,366
120,13,265,274,273,91,33,6,357,333,123,135
120,14,231,377,150,441,212,213,105,439,486,374
120,15,494,491,193,199,388,375,13,343,510,32
120,16,169,429,194,401,201,240,168,87,26,400
120,17,136,194,486,71,387,504,325,253,328,498
120,18,411,496,87,264,325,240,273,228,119,405
120,19,480,509,342,454,275,257,309,166,378,372
120,20,225,39,210,30,256,88,291,262,456,137
120,21,293,165,243,267,85,418,130,379,469,10
120,22,496,134,18,233,217,366,371,383,232,85
120,23,334,42,450,505,285,356,372,495,446,83
120,24,446,46,439,370,105,96,11,367,113,393
120,25,90,122,14,20,352,26,289,506,55,209
120,26,455,202,285,274,299,109,280,506,194,324
120,27,258,498,150,350,397,253,23,141,331,20
120,28,433,386,488,325,505,489,283,273,462,366
120,29,461,456,58,347,6,504,186,357,123,265
120,30,231,150,234,377,374,14,441,408,281,105
120,31,18,463,491,487,199,388,494,375,193,134
120,32,401,429,92,391,400,201,169,147,108,191
120,33,325,8,386,404,387,480,106,311,103,413
120,34,402,411,233,272,240,268,376,273,373,423
120,35,372,342,368,480,509,286,23,508,260,454
120,36,131,225,39,265,76,142,210,88,246,115
120,37,243,420,165,10,309,96,134,342,472,112
120,38,217,371,508,418,173,80,332,378,263,85
120,39,294,115,297,138,450,76,337,492,455,77
120,40,270,437,86,324,339,358,292,185,96,319
120,41,498,463,179,44,391,232,383,302,249,97
120,42,165,296,272,233,162,496,315,442,352,274
120,43,85,500,48,184,116,418,14,134,11,428
120,44,76,286,184,213,438,207,307,227,393,451
120,45,220,168,25,268,42,481,356,181,158,370
120,46,374,346,85,232,67,88,463,281,33,388
120,47,398,242,95,122,345,296,496,302,301,63
121,0,506,396,453,45,215,509,220,381,124,423
121,1,349,345,49,146,506,486,356,306,201,282
121,2,114,259,12,242,331,53,11,9,291,489
121,3,375,188,318,297,304,298,210,28,3,111
121,4,202,206,153,309,59,484,169,257,122,501
121,5,294,436,250,44,236,26,111,1,209,137
121,6,210,398,407,223,352,485,510,116,171,493
121,7,142,344,303,183,445,148,144,348,26,368
121,8,163,370,457,488,439,325,295,65,11,290
121,9,14,511,55,289,459,288,90,141,506,259
121,10,280,100,249,121,109,202,92,160,390,32
121,11,178,434,23,211,409,231,36,492,273,215
121,12,489,462,356,130,433,185,325,297,45,11
121,13,91,265,274,273,16,290,302,224,24,154
121,14,269,439,441,377,212,95,338,274,414,470
121,15,494,193,491,18,463,510,32,314,388,13
121,16,191,429,505,201,400,394,181,401,87,263
121,17,331,83,8,136,325,328,132,365,71,187
121,18,238,119,228,496,436,401,419,264,19,501
121,19,309,260,342,222,9,455,257,349,509,480
121,20,327,214,210,105,267,349,49,248,161,76
121,21,453,288,254,376,36,440,243,46,71,128
121,22,6,402,237,450,496,501,458,54,413,378
121,23,285,83,505,167,469,107,42,376,496,242
121,24,11,370,65,439,498,488,325,367,46,14
121,25,90,511,68,55,205,459,259,382,141,154
121,26,119,506,366,249,107,92,488,299,475,109
121,27,23,511,141,84,75,211,215,273,253,350
121,28,433,386,189,462,356,48,147,325,242,101
121,29,504,265,273,181,461,302,154,224,357,216
121,30,231,377,269,155,441,408,274,14,212,161
121,31,491,18,193,494,463,388,487,375,459,32
121,32,191,400,429,201,92,505,169,391,62,245
121,33,325,331,442,83,276,8,469,272,410,160
121,34,407,436,238,179,419,69,227,349,111,408
121,35,342,262,308,372,222,291,480,40,375,483
121,36,327,94,388,349,9,214,468,445,76,267
121,37,144,440,288,166,48,79,121,226,473,409
121,38,6,363,234,448,479,80,399,503,441,97
121,39,297,294,302,228,77,318,510,505,323,42
121,40,290,281,449,106,198,50,448,336,398,419
121,41,148,169,314,303,335,214,499,511,427,29
121,42,211,386,450,158,39,59,483,403,61,268
121,43,511,412,358,333,65,256,149,497,360,219
121,44,193,194,285,76,350,492,279,119,288,103
121,45,302,226,324,143,370,481,37,133,224,168
121,46,357,290,274,284,464,196,280,42,412,369
121,47,399,301,122,55,143,332,496,156,359,242
122,0,419,70,411,91,448,58,483,106,122,283
122,1,232,387,443,409,234,282,184,63,21,219
122,2,429,288,114,409,489,130,425,259,11,331
122,3,369,167,148,258,22,394,188,304,149,500
122,4,206,153,463,23,501,95,320,453,259,202
122,5,181,484,314,434,438,189,289,250,300,441
122,6,398,482,404,464,326,409,227,352,126,306
122,7,372,161,13,330,159,272,382,500,445,498
122,8,96,113,206,213,294,105,133,46,33,390
122,9,376,90,20,360,130,236,104,142,26,240
122,10,285,455,202,28,319,121,194,110,504,274
122,11,20,62,504,120,185,323,83,316,253,315
122,12,199,283,325,200,488,389,149,187,386,86
122,13,333,33,135,4,72,357,353,55,442,186
122,14,150,105,455,231,385,374,189,409,162,430
122,15,491,343,494,311,193,18,283,32,487,134
122,16,201,424,194,272,401,92,282,429,400,243
122,17,136,486,504,325,194,386,378,471,71,227
122,18,397,411,273,87,376,496,297,240,75,233
122,19,509,454,480,166,342,23,372,378,100,310
122,20,458,225,39,262,240,30,40,179,248,265
122,21,96,420,10,134,293,422,418,342,338,84
122,22,134,235,217,173,505,473,411,478,233,234
122,23,446,334,498,450,42,372,242,356,483,236
122,24,46,113,473,96,105,33,509,107,159,477
122,25,360,26,90,353,27,130,462,122,240,430
122,26,285,274,188,455,28,277,40,506,280,299
122,27,258,355,498,253,268,0,98,350,84,397
122,28,488,386,433,283,200,505,500,94,489,187
122,29,33,347,333,504,6,55,463,135,123,407
122,30,231,94,150,105,408,374,212,106,377,441
122,31,18,418,463,487,491,494,19,25,343,199
122,32,282,429,424,147,201,506,92,337,240,391
122,33,476,508,378,285,325,480,386,191,311,93
122,34,397,376,411,423,302,272,297,87,240,174
122,35,310,23,299,368,372,509,155,276,348,463
122,36,217,24,121,145,236,178,265,131,102,410
122,37,96,134,10,422,243,84,420,469,332,85
122,38,235,359,457,90,172,347,134,312,341,173
122,39,323,452,242,356,274,194,477,284,82,464
122,40,86,309,420,449,123,34,60,409,270,173
122,41,391,443,178,219,77,440,356,354,51,145
122,42,241,231,506,14,217,496,215,165,84,509
122,43,44,472,133,91,86,85,49,55,278,479
122,44,228,362,282,331,395,321,438,76,105,441
122,45,220,231,186,379,25,237,303,233,11,412
122,46,80,374,67,232,383,85,346,8,52,219
122,47,206,301,50,242,398,442,310,64,496,499
123,0,450,206,419,110,484,431,231,58,463,144
123,1,453,15,46,201,232,35,142,374,443,275
123,2,76,117,12,317,92,102,355,364,348,408
123,3,173,376,69,356,306,62,303,340,324,325
123,4,214,12,9,231,197,134,240,172,193,266
123,5,212,347,464,306,419,342,234,232,345,417
123,6,37,103,139,71,249,202,497,95,262,473
123,7,401,78,423,306,348,368,37,456,369,482
123,8,290,199,36,186,507,50,320,370,17,264
123,9,263,511,420,317,288,289,44,11,466,55
123,10,374,44,365,217,143,234,453,293,366,249
123,11,211,392,86,177,220,452,386,23,311,36
123,12,356,489,45,130,11,302,189,151,216,238
123,13,154,16,290,250,302,365,435,267,485,184
123,14,56,391,414,377,341,95,441,502,269,46
123,15,30,143,65,146,76,494,402,281,192,481
123,16,123,153,398,309,501,409,260,204,135,482
123,17,463,215,90,303,284,259,54,457,91,16
123,18,419,467,407,358,119,147,352,179,228,502
123,19,222,309,362,147,40,455,489,24,5,308
123,20,349,488,327,160,65,192,125,97,459,409
123,21,440,288,152,185,162,283,12,211,153,47
123,22,363,6,380,378,310,372,480,108,492,244
123,23,341,143,167,387,212,46,107,297,123,496
123,24,355,199,508,161,50,290,507,4,92,186
123,25,263,420,44,109,195,183,317,499,11,408
123,26,44,365,143,366,374,234,27,363,218,381
123,27,392,177,33,211,86,178,13,220,223,193
123,28,161,238,264,0,356,302,189,51,216,139
123,29,16,435,365,184,179,253,40,411,334,58
123,30,95,56,341,269,377,391,300,130,301,324
123,31,30,143,511,81,76,241,402,281,15,65
123,32,153,409,482,505,300,204,272,123,71,429
123,33,90,215,463,259,102,457,398,50,365,469
123,34,407,419,384,179,209,119,39,134,418,492
123,35,147,222,309,361,328,113,353,188,71,307
123,36,327,349,65,180,170,96,138,226,250,187
123,37,288,440,166,471,373,152,162,48,448,211
123,38,6,372,421,406,380,234,378,367,197,144
123,39,294,228,297,212,392,302,14,142,185,104
123,40,281,16,48,130,352,456,29,499,231,439
123,41,439,37,272,91,419,281,63,54,217,328
123,42,390,386,268,48,420,422,84,415,418,122
123,43,224,266,373,406,360,220,497,358,193,189
123,44,350,30,213,249,76,369,111,217,49,421
123,45,64,481,509,498,60,280,220,324,168,97
123,46,357,290,374,232,346,67,378,88,230,85
123,47,445,55,79,242,143,496,122,507,443,398
124,0,88,333,169,83,262,261,194,331,114,214
124,1,70,15,178,77,306,484,453,97,436,443
124,2,12,130,114,372,270,365,312,323,242,5
124,3,173,259,481,356,158,114,117,306,226,278
124,4,214,231,162,240,8,295,108,134,100,309
124,5,306,111,212,232,134,152,277,464,417,192
124,6,223,369,125,238,97,395,37,262,167,407
124,7,303,179,368,102,242,456,152,348,344,486
124,8,163,290,370,488,65,36,439,298,11,74
124,9,289,205,55,511,259,68,109,183,209,288
124,10,366,107,32,119,249,280,374,100,506,390
124,11,84,211,273,23,511,422,215,492,482,350
124,12,489,433,356,63,297,130,390,462,139,264
124,13,387,16,265,22,273,417,91,302,312,274
124,14,212,377,138,506,14,80,439,269,95,441
124,15,193,494,61,318,491,6,375,346,388,199
124,16,429,191,58,201,74,26,243,272,479,278
124,17,328,365,105,499,422,50,389,305,136,467
124,18,119,238,228,347,484,264,7,26,19,371
124,19,309,342,260,222,9,453,455,349,388,377
124,20,214,327,349,76,105,55,131,58,210,388
124,21,453,254,478,288,440,418,379,128,255,376
124,22,6,402,450,267,496,488,374,497,287,284
124,23,42,285,83,496,167,376,505,107,242,414
124,24,11,370,439,99,65,488,498,325,46,175
124,25,90,55,259,26,154,511,141,205,183,68
124,26,119,366,506,107,488,249,206,32,92,280
124,27,23,511,141,75,273,406,211,215,253,84
124,28,386,433,189,48,101,1,290,356,36,66
124,29,154,16,181,184,504,22,2,409,273,387
124,30,377,231,14,408,269,439,95,80,32,409
124,31,18,193,494,491,463,375,388,314,199,32
124,32,429,400,191,62,505,201,391,23,58,92
124,33,499,331,469,136,50,467,83,413,372,105
124,34,407,238,119,419,19,347,436,11,228,7
124,35,342,260,309,372,222,426,368,487,262,353
124,36,327,76,388,468,105,94,173,267,137,349
124,37,288,440,128,453,478,226,503,379,306,36
124,38,6,402,234,464,505,36,441,69,457,361
124,39,42,496,107,167,469,505,356,285,375,459
124,40,449,280,198,398,290,106,448,419,376,503
124,41,148,214,19,335,303,261,74,213,511,508
124,42,211,386,263,61,450,105,352,328,158,466
124,43,412,511,306,333,142,149,300,358,505,278
124,44,193,285,462,103,190,396,156,194,492,274
124,45,133,302,226,37,324,382,338,505,168,229
124,46,357,290,274,85,315,346,422,207,32,68
124,47,301,478,122,496,55,242,296,399,329,393
125,0,232,70,215,220,456,453,135,310,178,128
125,1,192,409,484,15,453,443,232,436,444,259
125,2,114,12,291,331,323,130,123,5,242,184
125,3,259,481,114,278,457,158,89,368,173,351
125,4,162,139,108,236,362,474,300,31,120,247
125,5,277,397,287,359,178,503,316,261,45,217
125,6,97,465,369,386,227,229,511,122,167,223
125,7,204,507,102,127,384,454,68,416,53,125
125,8,352,271,180,379,16,495,24,332,494,302
125,9,248,461,182,192,124,224,147,7,223,74
125,10,32,366,249,217,293,280,100,453,374,7
125,11,36,211,220,131,33,178,438,452,223,465
125,12,11,489,238,151,462,356,80,241,315,273
125,13,483,401,334,154,435,330,17,179,290,449
125,14,56,68,115,320,46,387,93,260,404,85
125,15,64,228,98,245,65,352,275,39,31,392
125,16,127,171,294,260,355,470,222,348,153,482
125,17,284,346,0,16,303,449,401,193,223,190
125,18,419,467,309,407,300,144,167,153,361,502
125,19,412,141,19,107,238,39,250,24,130,209
125,20,204,28,373,133,311,236,24,8,51,82
125,21,288,402,12,237,152,438,23,122,321,227
125,22,6,458,55,492,378,363,234,108,329,244
125,23,394,387,452,341,297,245,247,183,477,393
125,24,431,50,419,86,186,73,216,34,272,44
125,25,211,420,499,410,195,163,337,263,160,69
125,26,197,363,6,217,234,307,89,381,56,279
125,27,312,220,153,383,56,295,392,329,432,175
125,28,233,152,241,369,95,151,51,240,224,45
125,29,179,483,134,45,449,89,384,460,127,203
125,30,48,190,115,85,153,292,68,208,67,428
125,31,65,364,98,352,245,275,260,371,30,297
125,32,123,171,328,175,324,348,153,294,482,94
125,33,284,238,16,418,222,69,62,283,463,303
125,34,467,407,179,51,57,419,167,153,489,266
125,35,412,141,238,401,19,223,21,112,242,24
125,36,204,8,327,437,28,133,373,430,45,125
125,37,288,237,417,402,12,48,45,152,122,438
125,38,6,170,62,234,53,419,421,409,342,407
125,39,394,387,143,341,4,183,174,482,452,212
125,40,16,74,456,176,364,395,247,262,1,352
125,41,485,273,61,87,439,415,410,272,399,46
125,42,218,131,95,389,33,93,77,265,508,280
125,43,342,47,95,359,266,224,414,83,164,497
125,44,160,454,74,350,441,103,352,49,336,234
125,45,324,481,221,231,346,45,226,254,500,158
125,46,357,290,80,383,393,374,85,24,280,262
125,47,301,55,399,122,433,496,156,143,242,206
126,0,70,91,419,106,107,448,232,302,411,18
126,1,409,443,21,453,232,259,444,15,484,282
126,2,471,282,331,130,41,323,119,114,179,489
126,3,304,164,167,500,41,394,262,494,315,136
126,4,153,297,484,300,377,139,453,162,451,108
126,5,397,484,181,503,314,287,359,289,277,230
126,6,330,395,227,198,97,295,432,306,60,223
126,7,224,372,102,58,319,330,445,98,498,272
126,8,33,96,213,457,458,439,290,294,370,282
126,9,289,275,109,209,376,141,511,14,55,504
126,10,280,506,119,107,249,32,202,366,390,243
126,11,211,215,434,511,492,273,350,482,409,23
126,12,130,356,462,297,433,489,150,277,274,448
126,13,91,16,265,302,273,290,154,250,50,387
126,14,441,269,274,377,56,387,95,324,338,439
126,15,487,193,98,352,30,245,73,39,392,459
126,16,260,505,245,196,482,181,409,201,135,45
126,17,331,259,398,132,325,394,442,102,91,190
126,18,119,419,484,357,228,401,128,407,179,501
126,19,362,222,9,384,147,307,457,308,446,138
126,20,349,327,202,478,298,105,230,284,147,160
126,21,288,144,440,373,324,79,185,376,211,393
126,22,6,36,458,399,378,54,55,450,217,147
126,23,83,313,107,368,353,387,199,285,167,103
126,24,163,370,355,280,331,488,325,204,345,422
126,25,183,55,90,511,141,420,14,109,302,289
126,26,366,365,311,32,421,310,381,299,50,109
126,27,256,215,211,178,126,310,511,86,434,33
126,28,436,302,189,11,372,327,356,281,468,494
126,29,435,184,321,16,2,250,385,508,411,154
126,30,441,95,268,269,420,439,274,14,212,377
126,31,487,193,491,119,13,143,396,296,238,61
126,32,505,181,260,429,391,500,201,246,228,245
126,33,331,132,102,325,50,442,187,398,469,39
126,34,401,278,407,119,179,442,349,482,39,419
126,35,362,222,426,147,309,142,507,308,414,342
126,36,327,202,349,468,430,180,29,94,148,229
126,37,324,440,373,144,288,71,226,166,327,510
126,38,6,399,123,302,147,363,116,62,330,421
126,39,294,297,228,302,318,77,215,115,454,510
126,40,290,304,281,106,262,141,103,391,118,198
126,41,335,256,501,90,29,158,283,415,213,156
126,42,386,268,59,55,483,312,84,62,364,403
126,43,346,412,360,34,256,511,284,127,427,156
126,44,350,76,505,290,213,194,402,207,275,107
126,45,481,168,220,223,371,508,188,296,199,451
126,46,357,290,383,80,374,346,33,281,244,464
126,47,301,496,206,55,478,399,310,4,299,350
127,0,116,70,248,393,457,206,23,166,96,219
127,1,409,21,443,453,259,15,388,12,148,111
127,2,41,350,323,337,331,12,396,232,471,374
127,3,41,89,304,226,241,500,123,164,382,314
127,4,297,11,153,377,122,353,256,484,320,29
127,5,503,397,287,277,359,316,178,403,230,289
127,6,60,306,97,198,284,395,227,369,96,190
127,7,127,102,204,384,68,454,507,477,273,416
127,8,271,379,332,352,495,180,24,370,494,120
127,9,124,224,182,223,461,289,192,147,209,74
127,10,249,280,366,506,32,119,243,462,107,489
127,11,23,350,511,211,126,215,273,492,379,482
127,12,433,386,356,297,130,489,80,90,86,448
127,13,154,16,91,290,184,334,357,63,37,364
127,14,441,269,274,377,56,439,338,276,470,95
127,15,487,510,119,491,193,13,459,343,463,30
127,16,409,260,181,201,500,401,245,344,391,87
127,17,325,398,331,259,71,187,340,235,470,304
127,18,419,119,238,358,153,57,357,228,407,484
127,19,362,9,446,222,257,457,480,395,5,384
127,20,453,105,202,114,395,349,230,151,123,327
127,21,288,324,457,440,140,243,445,202,123,344
127,22,6,257,458,22,443,55,492,234,217,395
127,23,167,83,256,496,107,103,285,299,97,321
127,24,488,367,197,355,163,105,204,14,199,457
127,25,55,141,109,183,90,289,473,511,291,223
127,26,109,160,366,282,32,83,365,311,381,374
127,27,215,231,465,434,20,386,332,126,409,384
127,28,185,11,189,315,24,494,372,36,356,461
127,29,2,45,461,302,435,215,449,287,321,411
127,30,95,441,269,276,377,274,150,499,300,268
127,31,13,119,491,487,510,396,365,71,27,38
127,32,409,181,169,452,260,391,87,500,201,245
127,33,331,398,325,494,78,469,112,457,437,328
127,34,119,442,407,238,153,419,179,39,228,7
127,35,362,257,222,480,457,9,275,309,113,260
127,36,327,453,202,105,114,137,394,278,148,430
127,37,373,324,440,288,506,457,166,387,144,174
127,38,6,147,456,234,458,226,9,139,421,378
127,39,294,297,228,302,406,215,318,115,77,510
127,40,304,290,262,281,201,141,214,310,107,398
127,41,511,310,363,335,191,214,83,228,229,368
127,42,142,86,319,386,183,214,504,293,154,378
127,43,346,333,24,124,417,358,423,502,497,110
127,44,350,505,402,290,76,358,213,413,184,354
127,45,223,481,168,220,382,240,72,424,226,317
127,46,357,290,374,85,490,67,33,346,24,383
127,47,399,301,414,478,310,433,496,272,163,242
128,0,242,179,197,16,49,53,42,184,189,428
128,1,21,259,409,64,443,78,12,1,94,484
128,2,337,396,39,35,41,173,316,164,33,273
128,3,262,70,391,494,58,367,379,51,339,433
128,4,432,65,64,412,293,316,436,116,299,264
128,5,165,222,186,380,120,506,107,132,102,351
128,6,306,60,36,295,464,330,141,395,411,0
128,7,12,392,338,355,61,359,244,169,47,142
128,8,66,258,262,96,133,220,295,375,164,305
128,9,499,404,456,301,133,79,372,134,246,20
128,10,258,353,263,49,235,474,110,292,347,208
128,11,62,2,403,295,5,120,73,121,253,459
128,12,411,64,503,240,386,188,447,109,487,393
128,13,333,149,33,182,4,76,13,309,212,32
128,14,453,184,469,234,209,79,164,409,237,326
128,15,380,383,343,311,494,418,65,110,222,295
128,16,70,275,61,168,424,125,453,223,263,492
128,17,418,41,38,476,486,315,257,347,194,247
128,18,258,88,139,46,172,60,174,496,360,200
128,19,369,299,348,15,509,335,130,296,166,77
128,20,24,480,274,236,458,82,416,165,217,367
128,21,84,499,85,20,152,403,245,218,472,70
128,22,140,204,134,85,90,233,338,83,54,173
128,23,450,452,194,407,21,36,31,19,446,334
128,24,390,473,46,262,220,484,133,96,95,229
128,25,360,499,384,26,404,172,27,381,450,240
128,26,235,110,474,47,475,61,353,277,292,337
128,27,62,295,0,98,253,458,5,47,221,355
128,28,188,447,386,5,39,201,487,270,433,396
128,29,504,361,406,149,212,32,33,347,353,333
128,30,62,209,184,234,453,169,217,79,237,390
128,31,418,199,25,343,380,494,383,347,405,315
128,32,70,429,424,61,92,375,506,168,419,322
128,33,418,476,423,41,315,317,508,89,257,194
128,34,139,302,258,174,88,271,397,60,456,46
128,35,348,299,369,23,276,296,130,511,49,368
128,36,24,274,217,458,165,236,200,410,142,480
128,37,84,420,270,290,10,218,272,499,29,209
128,38,140,85,54,83,173,204,493,134,90,375
128,39,21,82,495,138,452,19,152,42,285,236
128,40,309,127,428,209,341,291,86,324,39,314
128,41,356,495,129,293,440,390,496,332,97,77
128,42,165,285,296,102,14,315,305,282,51,199
128,43,163,234,476,133,443,85,385,289,237,116
128,44,393,325,248,415,150,343,73,227,300,76
128,45,32,220,237,42,269,452,25,262,408,416
128,46,80,346,374,232,434,67,85,384,362,192
128,47,206,398,50,242,496,64,403,442,228,19
129,0,206,450,110,498,231,325,484,1,241,166
129,1,453,259,443,470,21,82,400,19,142,67
129,2,396,291,71,179,193,331,259,59,228,12
129,3,87,367,188,496,124,500,113,115,41,399
129,4,125,453,218,153,279,342,442,50,189,95
129,5,302,484,132,228,460,88,139,107,502,438
129,6,60,306,392,31,330,364,36,424,491,479
129,7,221,350,263,319,497,239,202,126,493,47
129,8,96,423,262,295,113,347,220,95,367,101
129,9,90,449,82,14,134,130,141,142,499,377
129,10,324,202,258,263,382,115,353,506,461,188
129,11,403,125,2,295,315,73,490,185,161,120
129,12,5,362,97,265,386,168,240,8,234,39
129,13,149,111,182,4,333,126,82,357,37,35
129,14,184,105,209,455,231,385,247,461,145,441
129,15,487,193,491,119,347,510,32,459,105,346
129,16,282,424,201,110,223,409,299,260,62,393
129,17,285,272,234,410,378,325,476,370,480,143
129,18,292,268,137,424,113,60,261,100,140,239
129,19,286,75,269,480,454,312,113,246,341,395
129,20,214,142,508,346,216,58,458,90,407,130
129,21,288,58,243,338,438,198,391,236,259,267
129,22,6,97,217,496,458,234,378,147,55,492
129,23,285,73,294,82,316,45,354,430,323,83
129,24,477,155,490,287,294,191,370,325,295,11
129,25,141,511,82,398,129,90,501,20,301,154
129,26,279,280,473,50,249,119,72,202,238,77
129,27,331,78,328,409,103,465,23,231,318,258
129,28,356,32,315,473,11,185,456,90,48,350
129,29,45,287,119,457,442,349,241,356,362,411
129,30,150,160,19,105,385,447,461,370,276,187
129,31,32,491,37,463,231,61,13,487,185,283
129,32,424,282,110,465,429,369,394,400,121,332
129,33,325,285,8,340,143,410,112,480,442,306
129,34,153,57,179,407,25,257,13,97,132,228
129,35,480,286,113,457,308,275,123,342,71,257
129,36,39,327,346,508,142,137,354,114,90,105
129,37,288,506,267,280,254,501,243,166,58,440
129,38,6,234,147,508,496,420,217,54,421,318
129,39,294,297,318,285,228,406,302,73,77,89
129,40,290,495,178,428,398,106,376,358,169,449
129,41,170,511,91,404,310,148,431,65,355,443
129,42,415,105,234,62,142,298,188,215,86,432
129,43,448,417,505,346,333,286,149,358,331,426
129,44,350,76,213,438,184,214,290,224,188,418
129,45,481,338,219,168,220,158,451,101,18,347
129,46,357,290,119,374,67,346,48,85,307,398
129,47,79,55,445,143,242,122,186,496,489,206
130,0,88,333,169,194,261,83,227,331,214,165
130,1,453,70,259,67,400,469,443,484,206,178
130,2,396,242,179,130,312,12,331,114,365,158
130,3,367,87,113,399,334,188,349,431,115,304
130,4,11,162,218,189,141,377,328,276,453,219
130,5,302,231,132,486,289,397,503,35,228,88
130,6,125,306,284,223,60,97,490,386,363,369
130,7,17,303,102,126,497,179,452,242,490,127
130,8,163,370,488,290,295,439,367,36,65,498
130,9,141,289,14,90,209,259,511,55,459,205
130,10,366,249,119,107,32,280,109,100,506,243
130,11,211,409,126,511,215,273,23,350,434,231
130,12,356,315,489,80,130,297,197,238,139,90
130,13,334,445,411,449,302,179,435,330,154,250
130,14,441,387,324,260,56,502,274,191,130,470
130,15,352,98,293,245,487,392,358,73,39,30
130,16,260,196,282,294,45,135,123,153,476,482
130,17,259,91,398,190,459,80,394,470,144,340
130,18,419,358,119,128,179,228,137,407,484,468
130,19,362,384,446,457,297,79,307,222,172,204
130,20,160,230,336,355,490,409,105,349,178,45
130,21,362,457,288,324,169,243,308,162,280,445
130,22,6,458,217,97,492,378,395,351,197,87
130,23,313,368,387,353,103,167,322,227,297,134
130,24,163,431,312,508,409,370,88,457,325,510
130,25,69,180,260,407,511,44,504,432,263,211
130,26,280,390,153,279,381,211,299,365,234,243
130,27,13,434,311,33,211,384,252,181,389,467
130,28,509,264,356,290,315,94,123,440,274,489
130,29,179,119,449,411,334,26,40,442,401,457
130,30,324,274,441,57,329,260,294,377,212,351
130,31,352,293,30,60,245,241,487,98,444,307
130,32,260,196,294,415,334,135,153,476,344,45
130,33,91,259,224,190,340,398,272,442,144,215
130,34,407,358,351,153,119,419,128,468,228,438
130,35,362,91,193,106,79,446,457,384,222,7
130,36,160,502,105,349,327,230,470,490,409,65
130,37,457,362,280,288,169,324,64,369,352,243
130,38,6,420,62,421,378,234,147,389,456,299
130,39,294,228,297,318,328,212,198,302,392,184
130,40,497,16,48,120,29,281,141,262,130,231
130,41,91,350,363,296,272,489,268,456,211,486
130,42,319,293,386,37,242,48,462,75,268,211
130,43,497,224,409,421,24,322,124,126,173,425
130,44,290,76,350,402,369,203,232,505,336,30
130,45,399,471,64,481,37,226,479,168,220,144
130,46,357,290,374,346,286,88,85,67,300,293
130,47,143,122,242,260,416,95,233,301,296,496
131,0,87,436,29,143,159,287,84,449,90,268
131,1,204,407,364,161,66,271,339,399,109,432
131,2,320,229,46,93,416,448,149,353,40,251
131,3,511,119,87,508,97,116,431,349,367,111
131,4,210,492,328,194,183,307,248,254,6,218
131,5,307,105,228,208,132,392,186,156,88,388
131,6,303,436,25,306,100,434,287,274,205,361
131,7,180,62,240,126,82,385,34,414,391,109
131,8,315,95,338,96,246,347,295,424,220,367
131,9,112,82,90,141,209,424,400,473,20,134
131,10,324,42,294,107,375,319,115,475,243,396
131,11,403,161,315,350,295,185,96,137,418,150
131,12,197,92,362,83,5,386,292,443,357,403
131,13,293,85,268,182,240,219,111,218,357,507
131,14,17,510,339,312,488,266,53,168,482,100
131,15,34,71,107,188,215,55,240,330,362,29
131,16,490,32,230,472,190,479,256,36,487,264
131,17,482,476,257,504,486,232,483,393,12,126
131,18,329,456,424,268,45,140,9,376,470,382
131,19,335,290,386,312,348,509,186,77,342,422
131,20,503,458,480,39,274,142,314,24,165,200
131,21,84,196,267,408,158,270,371,165,342,298
131,22,85,5,95,313,491,418,482,4,411,496
131,23,483,194,450,36,242,236,446,189,42,31
131,24,456,21,271,13,24,494,411,282,370,181
131,25,68,442,96,141,14,376,361,214,346,154
131,26,213,107,71,119,506,48,299,471,203,280
131,27,49,84,511,163,197,422,211,492,397,273
131,28,94,290,356,489,264,390,96,37,63,113
131,29,184,288,22,385,302,411,50,16,387,154
131,30,212,314,233,80,274,441,14,136,154,95
131,31,22,193,54,426,169,68,375,346,119,459
131,32,429,140,23,74,163,480,91,58,201,391
131,33,365,305,50,372,499,389,398,259,12,488
131,34,119,347,318,26,128,302,49,264,350,228
131,35,222,453,362,426,162,192,446,37,174,384
131,36,243,348,230,485,45,16,210,356,410,291
131,37,324,46,150,457,255,5,308,418,379,453
131,38,41,205,345,287,261,57,75,284,313,491
131,39,323,334,389,285,338,27,430,299,356,450
131,40,173,309,138,354,262,508,110,278,335,172
131,41,354,213,240,198,391,244,217,103,52,231
131,42,272,140,322,366,215,36,305,199,405,315
131,43,388,346,162,278,154,14,385,262,243,500
131,44,397,234,76,207,399,404,197,417,454,451
131,45,213,220,69,168,181,237,379,253,485,25
131,46,346,445,292,88,85,53,374,342,463,362
131,47,242,254,445,475,398,79,296,345,100,299
132,0,261,83,88,333,214,169,111,194,380,165
132,1,33,466,70,449,206,315,432,271,349,301
132,2,416,259,331,150,312,46,5,293,214,130
132,3,87,367,304,346,41,113,431,188,349,427
132,4,189,453,218,492,202,233,27,461,100,496
132,5,88,228,171,307,250,297,132,105,208,186
132,6,186,436,100,308,474,448,108,303,317,25
132,7,82,38,54,180,240,404,34,385,47,64
132,8,315,347,220,338,96,214,295,455,439,375
132,9,90,141,20,424,79,301,112,82,289,209
132,10,324,42,294,242,235,396,256,475,136,115
132,11,150,403,125,315,2,185,96,295,78,258
132,12,355,62,240,292,403,386,26,322,359,442
132,13,182,333,33,357,459,311,507,192,360,4
132,14,105,453,208,326,455,430,169,234,327,417
132,15,418,343,347,311,423,199,405,193,383,105
132,16,223,61,282,424,506,272,446,243,490,441
132,17,476,41,257,261,227,504,272,378,486,234
132,18,456,60,45,376,73,382,286,397,204,66
132,19,77,348,23,236,296,509,290,454,232,342
132,20,503,458,314,480,367,24,246,82,165,30
132,21,84,165,139,270,152,342,267,365,450,403
132,22,5,85,411,134,482,496,335,326,430,313
132,23,194,483,470,19,126,13,138,204,236,142
132,24,21,456,24,271,494,411,302,282,352,120
132,25,14,286,68,71,442,506,407,511,154,214
132,26,280,119,279,213,299,107,23,488,366,325
132,27,211,33,9,49,84,374,397,141,311,273
132,28,94,290,264,489,356,238,2,63,433,90
132,29,179,435,411,334,364,385,119,184,461,302
132,30,299,485,366,233,269,32,37,130,212,302
132,31,193,508,169,220,51,30,81,352,245,427
132,32,505,482,300,351,333,245,109,110,174,244
132,33,90,463,215,58,102,216,364,410,276,338
132,34,407,179,419,39,272,57,349,284,134,384
132,35,147,328,71,361,113,167,393,356,341,92
132,36,349,170,138,327,65,94,180,226,486,459
132,37,288,440,211,97,48,166,314,226,77,448
132,38,6,418,299,367,326,421,271,342,234,92
132,39,387,341,212,58,143,46,185,102,449,199
132,40,352,499,456,281,16,106,29,130,51,318
132,41,272,328,439,324,258,29,170,335,80,268
132,42,386,390,64,424,102,422,48,23,268,426
132,43,360,220,406,256,373,120,266,438,34,427
132,44,350,103,30,369,190,232,76,217,213,74
132,45,64,481,60,324,509,447,168,114,220,176
132,46,357,290,374,346,274,232,230,85,42,379
132,47,478,122,398,229,132,498,242,497,55,95
133,0,506,396,453,45,124,381,215,509,484,188
133,1,49,33,345,449,453,436,25,201,234,282
133,2,416,53,114,5,242,331,489,12,11,453
133,3,304,72,375,427,213,349,41,318,448,210
133,4,206,153,189,484,451,478,202,373,70,162
133,5,397,237,209,287,503,277,359,45,66,50
133,6,474,369,223,229,490,412,167,448,363,465
133,7,102,46,361,445,127,475,452,384,273,68
133,8,325,370,163,295,243,63,457,492,488,450
133,9,14,259,90,289,124,141,209,511,205,49
133,10,280,32,119,107,366,249,27,100,109,221
133,11,211,126,511,434,409,215,231,178,273,137
133,12,356,73,489,130,80,238,433,448,315,297
133,13,302,154,91,445,16,290,330,250,2,334
133,14,441,56,269,130,274,387,439,470,200,324
133,15,352,98,245,39,459,193,392,510,487,30
133,16,260,482,153,294,123,45,476,322,196,135
133,17,463,394,284,90,222,215,109,459,259,223
133,18,419,153,358,179,467,300,309,119,407,57
133,19,362,384,222,79,307,9,457,421,204,248
133,20,490,160,230,409,478,349,101,105,336,51
133,21,457,288,440,324,362,152,169,445,243,443
133,22,6,492,55,285,217,97,378,272,458,363
133,23,394,284,387,368,353,393,299,103,313,251
133,24,370,163,199,204,355,457,508,88,216,6
133,25,410,109,211,183,420,180,511,44,69,83
133,26,282,143,234,212,390,374,49,32,366,290
133,27,392,347,434,13,33,220,231,383,467,178
133,28,440,461,189,2,315,24,274,216,36,46
133,29,179,45,362,2,253,334,449,100,460,370
133,30,387,404,95,324,102,276,441,274,115,391
133,31,245,98,352,297,380,15,275,187,65,135
133,32,260,171,135,415,294,322,348,482,45,222
133,33,259,398,190,394,255,222,470,237,91,331
133,34,419,228,153,358,407,128,442,351,357,179
133,35,362,106,457,79,395,384,222,234,397,9
133,36,230,105,490,160,394,327,349,123,131,409
133,37,457,324,288,440,506,443,445,140,130,501
133,38,6,420,237,285,443,170,473,226,162,141
133,39,353,394,284,387,299,393,103,58,167,368
133,40,141,262,304,135,290,364,120,395,261,74
133,41,399,217,37,363,489,335,311,342,87,133
133,42,319,142,293,37,242,450,386,463,413,169
133,43,346,24,124,358,120,266,166,322,353,44
133,44,505,402,290,350,358,76,199,184,395,1
133,45,223,47,226,37,10,366,186,471,400,324
133,46,357,290,280,374,274,85,346,207,80,33
133,47,301,399,332,55,242,96,398,355,496,156
134,0,419,70,411,91,448,58,483,122,106,283
134,1,232,234,443,387,409,282,33,184,153,15
134,2,429,288,489,130,11,409,5,471,331,425
134,3,369,167,148,258,304,149,164,22,41,382
134,4,206,153,463,189,219,23,462,218,95,304
134,5,181,484,138,356,314,50,434,88,189,300
134,6,100,448,474,186,409,21,424,436,482,404
134,7,372,161,330,342,138,98,272,82,13,229
134,8,96,213,46,390,214,458,394,245,375,473
134,9,233,424,216,322,384,376,82,236,240,112
134,10,324,333,235,110,475,57,28,242,205,115
134,11,403,285,62,490,458,2,315,125,161,504
134,12,199,283,187,389,355,240,411,201,386,149
134,13,182,192,111,333,33,20,357,218,459,194
134,14,469,326,117,453,409,169,335,430,417,237
134,15,405,418,25,203,347,446,474,199,50,105
134,16,243,272,223,424,506,149,487,479,192,142
134,17,476,486,41,257,261,227,262,471,209,243
134,18,397,376,60,456,273,51,45,496,297,107
134,19,77,23,509,348,300,276,310,368,360,299
134,20,236,458,367,248,24,240,165,480,389,503
134,21,96,84,139,420,422,399,20,267,42,450
134,22,134,5,234,411,377,70,94,235,217,26
134,23,194,483,447,126,42,36,204,470,498,337
134,24,80,24,473,46,21,396,411,456,271,302
134,25,102,192,224,495,430,147,74,261,314,368
134,26,325,358,241,316,389,465,342,68,86,37
134,27,258,141,33,350,127,397,409,374,477,9
134,28,90,94,315,208,465,356,464,290,194,371
134,29,461,287,411,347,483,302,119,250,188,213
134,30,19,160,53,231,130,175,345,32,69,294
134,31,193,306,169,212,226,22,476,487,370,83
134,32,110,333,174,299,91,201,20,500,334,109
134,33,401,7,268,141,272,359,410,338,329,480
134,34,419,19,376,45,99,456,334,454,86,15
134,35,77,23,348,236,388,310,372,173,276,267
134,36,236,24,274,217,30,165,458,410,88,131
134,37,96,84,420,20,399,450,10,139,387,422
134,38,235,457,90,134,83,359,53,347,446,172
134,39,236,213,452,242,448,9,301,138,422,450
134,40,270,251,314,229,300,86,437,60,169,209
134,41,77,356,219,391,109,390,302,44,440,443
134,42,8,165,80,14,296,241,183,425,496,363
134,43,44,91,203,234,85,54,11,385,317,55
134,44,362,76,438,228,213,399,419,184,441,316
134,45,220,233,25,231,186,158,379,328,181,451
134,46,80,374,232,67,346,85,219,362,8,358
134,47,206,242,301,50,398,120,64,442,496,389
135,0,450,206,419,110,431,484,231,58,463,144
135,1,453,15,46,201,461,374,35,275,443,232
135,2,12,453,242,244,291,323,114,331,183,254
135,3,259,173,278,481,376,457,114,109,368,158
135,4,108,162,474,139,120,362,214,300,31,236
135,5,277,261,178,397,287,359,412,45,467,403
135,6,369,363,386,465,511,355,167,37,128,414
135,7,507,204,454,102,127,384,68,125,53,273
135,8,494,271,24,180,120,379,302,16,495,290
135,9,124,461,192,182,147,74,7,223,248,165
135,10,366,44,32,374,249,217,489,303,453,293
135,11,452,220,211,392,223,356,36,23,438,87
135,12,489,151,80,238,241,315,356,130,511,46
135,13,334,365,179,154,253,435,401,290,449,349
135,14,391,171,46,190,215,115,387,56,85,238
135,15,481,187,65,218,30,500,76,380,364,112
135,16,501,153,123,18,195,70,260,295,276,324
135,17,357,238,418,284,54,459,382,16,69,116
135,18,467,419,153,167,114,502,147,144,137,407
135,19,238,412,196,11,401,44,247,253,343,399
135,20,390,274,97,386,295,317,490,101,236,102
135,21,402,288,168,438,260,45,237,216,362,65
135,22,6,363,403,484,244,55,492,372,92,479
135,23,295,341,501,223,387,58,143,188,167,245
135,24,281,92,50,431,34,209,258,225,443,44
135,25,137,412,408,499,263,195,44,373,50,6
135,26,59,44,197,6,477,79,217,374,381,307
135,27,55,383,345,14,220,79,312,176,105,158
135,28,190,341,511,233,151,322,152,241,13,347
135,29,449,179,334,127,404,331,197,134,349,212
135,30,391,190,171,428,384,203,46,68,48,469
135,31,481,500,65,218,187,30,241,420,336,252
135,32,501,153,195,123,94,428,276,260,18,118
135,33,357,418,455,25,238,144,459,98,470,284
135,34,407,175,51,153,315,467,419,119,69,124
135,35,238,412,343,107,11,247,362,401,222,44
135,36,317,327,295,430,386,204,274,390,236,373
135,37,168,288,477,45,144,438,102,382,241,324
135,38,6,508,363,502,421,147,234,89,342,197
135,39,297,294,501,302,40,406,223,228,490,318
135,40,499,16,135,234,105,49,176,400,437,262
135,41,86,61,390,329,100,103,397,124,235,89
135,42,218,79,499,293,318,265,319,487,204,93
135,43,414,44,83,425,239,224,345,24,127,148
135,44,232,454,350,76,441,358,404,468,34,509
135,45,253,376,485,45,464,245,367,421,324,226
135,46,357,290,53,374,509,346,24,457,67,232
135,47,445,55,79,242,122,496,301,277,73,213
136,0,88,333,261,262,169,83,194,114,331,214
136,1,70,15,77,178,484,436,453,46,443,306
136,2,130,12,453,5,114,365,323,242,244,270
136,3,259,114,481,158,278,226,457,351,368,89
136,4,162,139,108,474,31,300,236,451,120,171
136,5,277,397,287,178,503,467,45,359,316,261
136,6,369,465,363,386,167,511,355,229,128,414
136,7,102,507,204,384,454,127,68,311,53,273
136,8,271,24,180,494,16,379,495,120,302,352
136,9,182,192,461,124,147,223,224,74,248,7
136,10,303,489,249,32,366,217,221,191,453,374
136,11,220,452,33,352,223,178,36,465,311,87
136,12,151,80,241,315,11,489,356,46,238,273
136,13,483,45,334,401,253,92,435,179,460,17
136,14,115,85,391,320,191,171,404,46,56,197
136,15,275,187,162,245,146,279,252,380,65,455
136,16,153,378,123,501,18,294,17,348,213,43
136,17,116,284,303,382,485,0,418,141,111,346
136,18,419,502,309,361,467,300,56,144,242,352
136,19,44,409,76,130,19,99,50,427,510,190
136,20,133,176,14,189,311,216,373,504,128,319
136,21,288,12,237,106,69,233,433,113,132,152
136,22,6,363,484,492,378,372,458,55,234,53
136,23,387,341,222,394,58,143,308,251,147,223
136,24,216,468,281,186,90,225,489,270,34,507
136,25,263,211,420,418,412,359,267,228,499,69
136,26,56,89,290,237,217,44,369,453,112,232
136,27,220,105,16,432,407,153,311,129,2,239
136,28,224,151,365,6,241,152,347,108,233,95
136,29,17,179,334,43,401,380,384,449,14,90
136,30,277,115,85,143,333,153,171,391,24,44
136,31,275,187,162,508,245,397,81,65,148,15
136,32,153,17,294,482,378,240,127,18,101,65
136,33,303,0,74,403,223,87,193,199,284,44
136,34,407,242,419,309,300,144,334,179,338,196
136,35,223,24,19,152,409,292,44,510,429,21
136,36,327,373,8,133,437,195,176,504,216,272
136,37,288,32,30,119,83,237,417,250,69,43
136,38,6,458,62,409,508,234,70,53,417,299
136,39,341,387,143,167,394,58,212,490,91,123
136,40,16,74,499,176,395,29,318,233,262,141
136,41,439,415,485,61,23,410,272,204,486,330
136,42,95,33,75,48,420,364,299,61,65,218
136,43,342,126,224,497,95,421,83,406,425,477
136,44,303,350,74,49,336,103,6,466,458,177
136,45,481,324,307,39,226,306,176,493,346,154
136,46,357,290,393,374,509,417,274,33,298,276
136,47,122,478,301,55,399,143,496,156,242,344
137,0,232,70,215,220,456,135,453,310,128,178
137,1,192,15,409,453,484,443,436,232,444,346
137,2,114,12,331,291,323,184,5,130,501,453
137,3,259,114,481,89,278,158,457,351,452,436
137,4,162,139,300,236,31,108,247,474,362,451
137,5,277,316,397,178,287,359,467,503,217,403
137,6,465,511,369,386,122,229,363,414,351,355
137,7,204,384,454,127,102,507,416,68,311,53
137,8,352,16,411,180,271,379,495,24,302,332
137,9,248,192,182,461,165,223,224,147,124,495
137,10,366,32,198,322,27,119,243,213,7,217
137,11,33,168,211,193,131,177,223,438,220,36
137,12,11,238,489,151,356,80,315,241,139,273
137,13,483,17,330,154,435,401,290,445,365,250
137,14,68,19,213,320,56,93,46,160,249,260
137,15,175,64,245,459,352,392,508,98,65,66
137,16,482,428,171,470,90,245,207,225,101,153
137,17,284,74,144,121,401,16,442,222,86,0
137,18,419,179,300,309,361,407,242,467,57,358
137,19,510,421,129,24,384,307,75,341,177,292
137,20,488,310,478,133,474,459,469,409,189,349
137,21,288,12,211,440,162,69,481,243,233,80
137,22,6,378,492,55,450,406,53,87,458,363
137,23,387,394,341,147,58,308,245,247,477,143
137,24,186,86,431,507,370,216,468,489,290,88
137,25,211,420,410,263,262,44,267,288,332,213
137,26,234,317,332,381,282,363,218,290,365,279
137,27,33,392,110,178,153,220,438,383,129,326
137,28,448,264,2,151,281,80,356,318,238,90
137,29,334,179,365,364,455,17,411,297,483,119
137,30,333,56,183,130,301,95,293,389,441,153
137,31,508,65,81,143,245,30,98,241,281,352
137,32,482,153,324,17,309,294,143,123,505,225
137,33,284,121,74,132,199,338,379,218,303,34
137,34,419,407,179,432,300,467,242,343,280,265
137,35,142,24,222,309,510,160,307,483,399,7
137,36,468,327,94,349,123,430,418,488,76,226
137,37,288,48,440,71,226,69,327,277,211,216
137,38,6,234,342,53,325,89,170,62,382,251
137,39,387,341,107,143,46,167,212,147,394,308
137,40,281,16,456,231,290,352,304,106,273,195
137,41,29,229,279,272,314,37,335,439,486,410
137,42,268,386,236,33,131,24,23,207,403,48
137,43,360,220,224,254,497,266,346,107,406,427
137,44,49,350,336,103,194,74,352,76,213,190
137,45,324,481,226,64,72,158,56,37,168,493
137,46,357,290,374,274,464,85,232,457,407,33
137,47,301,399,122,55,143,496,478,433,156,73
138,0,70,91,419,106,107,448,232,411,302,18
138,1,409,443,453,444,15,21,232,259,484,282
138,2,471,282,331,130,323,184,5,489,232,119
138,3,304,164,41,500,167,382,315,136,158,494
138,4,300,297,153,484,139,377,162,451,108,189
138,5,397,503,359,277,287,403,178,316,412,217
138,6,330,395,432,198,369,511,21,96,306,128
138,7,102,477,127,68,507,204,384,273,454,331
138,8,16,24,302,344,352,141,180,379,271,495
138,9,124,182,368,224,275,223,192,461,386,147
138,10,243,280,107,366,249,489,27,32,390,358
138,11,211,511,350,49,270,332,33,464,311,215
138,12,315,356,130,80,238,274,150,40,448,46
138,13,16,184,154,435,290,179,302,253,334,287
138,14,324,441,502,56,387,191,391,274,269,95
138,15,245,275,187,352,30,15,481,146,293,73
138,16,153,135,294,123,482,260,322,345,45,501
138,17,144,177,91,303,190,201,459,259,215,382
138,18,419,179,153,119,300,438,358,407,144,309
138,19,464,79,362,307,24,297,384,19,308,39
138,20,409,189,490,160,373,311,44,504,353,478
138,21,260,169,288,39,2,106,152,283,132,330
138,22,6,97,108,508,458,303,197,424,378,53
138,23,341,222,387,143,167,368,160,58,247,449
138,24,70,88,431,92,508,216,260,55,496,225
138,25,180,263,211,359,70,404,32,187,418,388
138,26,381,22,427,89,303,289,509,290,64,239
138,27,399,252,220,429,105,443,311,341,89,392
138,28,215,315,80,356,139,161,249,86,123,152
138,29,179,449,500,334,411,15,401,260,203,119
138,30,502,294,57,24,391,384,470,171,387,197
138,31,187,275,293,138,15,30,308,244,247,245
138,32,135,153,43,345,260,71,428,123,98,259
138,33,144,177,303,272,245,485,340,463,91,193
138,34,407,358,419,153,179,438,468,418,344,147
138,35,106,91,362,464,188,475,297,309,288,248
138,36,409,327,490,145,502,160,318,311,101,353
138,37,260,169,288,280,305,350,506,324,266,445
138,38,6,458,62,237,397,424,322,208,125,257
138,39,167,341,143,222,387,496,198,134,160,103
138,40,262,16,348,120,304,135,141,402,439,395
138,41,489,228,61,363,439,279,23,399,143,178
138,42,37,319,423,293,354,462,177,488,420,243
138,43,425,456,173,124,24,224,126,497,44,483
138,44,327,358,103,290,1,49,190,501,505,402
138,45,366,455,37,428,226,324,124,136,230,493
138,46,357,290,486,207,477,274,214,374,458,392
138,47,301,4,496,399,206,478,303,350,55,385
139,0,116,70,248,393,457,206,23,96,166,219
139,1,443,409,21,453,15,148,388,259,12,444
139,2,323,350,331,41,184,12,232,453,337,489
139,3,89,114,226,259,351,452,481,457,436,72
139,4,162,297,300,11,377,451,171,484,189,139
139,5,397,503,277,287,359,316,178,403,412,467
139,6,369,284,60,465,511,306,363,355,386,167
139,7,204,384,127,102,68,454,477,416,507,53
139,8,271,180,352,495,379,332,24,120,16,302
139,9,182,223,224,124,192,147,461,74,248,7
139,10,243,213,318,249,148,14,241,107,366,323
139,11,332,350,351,475,254,104,464,49,160,454
139,12,315,196,490,300,356,450,80,329,40,297
139,13,184,154,179,16,334,449,364,22,366,288
139,14,441,56,387,502,294,200,470,269,99,274
139,15,510,459,30,74,146,138,244,245,481,187
139,16,153,135,260,123,450,45,482,409,294,345
139,17,109,86,25,194,508,284,347,382,418,177
139,18,419,179,467,300,137,501,309,407,272,468
139,19,362,307,384,421,248,9,395,44,153,288
139,20,395,210,409,37,469,437,13,468,349,490
139,21,288,243,69,376,120,113,151,116,503,233
139,22,6,97,452,237,234,22,62,497,458,406
139,23,387,493,341,191,382,316,6,134,143,188
139,24,197,325,207,370,186,239,93,496,204,163
139,25,86,504,420,511,14,263,180,49,195,141
139,26,153,100,279,332,280,317,381,419,488,507
139,27,385,408,392,409,110,36,366,127,33,471
139,28,264,356,315,383,371,290,489,80,161,48
139,29,334,119,179,457,449,302,411,17,26,169
139,30,470,456,3,258,319,240,391,171,130,274
139,31,510,459,481,420,247,508,63,299,252,241
139,32,153,501,409,276,123,482,42,45,17,176
139,33,109,215,222,432,379,223,410,259,228,14
139,34,419,179,407,153,199,256,169,57,467,81
139,35,421,44,510,384,175,440,153,399,334,341
139,36,395,327,478,37,349,468,95,189,459,175
139,37,288,48,28,69,503,97,440,470,465,113
139,38,6,22,32,374,266,53,508,452,89,226
139,39,387,490,134,58,167,341,274,313,171,6
139,40,499,290,16,304,456,29,281,262,254,306
139,41,61,272,103,350,365,29,201,80,37,363
139,42,386,268,23,236,33,291,508,403,214,484
139,43,497,284,346,161,333,409,427,246,164,450
139,44,232,350,49,103,369,352,402,68,76,127
139,45,324,481,226,37,376,221,46,168,60,33
139,46,357,290,464,374,466,299,112,505,232,470
139,47,399,301,433,478,272,496,49,296,242,414
140,0,495,103,49,198,189,53,95,99,145,425
140,1,21,259,409,1,94,443,491,390,30,426
140,2,337,35,39,41,238,435,45,396,364,443
140,3,262,391,41,265,339,494,58,87,367,433
140,4,149,64,436,221,100,299,65,432,316,412
140,5,165,107,351,222,7,186,156,139,120,380
140,6,499,60,36,295,306,432,1,395,330,503
140,7,12,392,338,423,234,169,412,386,324,359
140,8,423,220,262,133,305,424,375,96,86,390
140,9,499,404,384,133,301,246,195,456,424,66
140,10,333,263,79,353,110,235,475,340,347,49
140,11,62,295,312,2,458,73,403,5,253,185
140,12,240,5,386,411,503,447,487,188,64,76
140,13,149,333,360,182,459,134,33,111,13,110
140,14,209,208,453,469,292,326,164,409,184,117
140,15,65,343,311,380,418,383,405,199,494,364
140,16,61,275,424,70,223,263,506,168,272,234
140,17,41,418,257,476,238,315,69,247,284,486
140,18,60,258,139,172,46,140,292,397,174,271
140,19,348,296,77,335,369,290,417,509,386,166
140,20,274,458,236,82,24,36,165,30,389,480
140,21,84,42,403,270,499,380,152,218,20,245
140,22,338,140,204,5,85,466,212,246,101,388
140,23,295,447,509,452,271,315,450,501,242,36
140,24,203,423,133,390,117,424,375,220,46,96
140,25,384,360,301,404,303,26,394,499,430,130
140,26,235,333,474,475,110,263,334,491,79,49
140,27,312,62,0,121,355,5,388,295,258,285
140,28,5,188,240,396,447,362,8,443,386,503
140,29,134,33,149,333,13,479,407,182,110,223
140,30,209,208,94,105,231,326,247,212,184,161
140,31,418,343,25,494,65,491,383,18,32,375
140,32,424,168,506,61,282,70,370,429,322,12
140,33,476,508,418,284,238,69,94,41,257,285
140,34,302,60,140,292,139,271,113,174,107,258
140,35,348,335,296,77,417,299,386,61,132,290
140,36,274,458,217,82,142,236,24,36,212,414
140,37,84,42,270,380,20,420,218,403,290,272
140,38,338,140,5,493,212,1,85,204,466,482
140,39,82,480,285,295,256,477,509,505,271,375
140,40,428,309,209,449,141,253,113,470,346,448
140,41,356,219,260,390,47,354,362,129,440,293
140,42,19,345,360,433,487,334,159,353,305,294
140,43,234,102,332,9,282,455,209,465,45,44
140,44,57,234,251,110,161,262,244,312,410,302
140,45,408,32,394,74,448,118,63,65,404,501
140,46,37,152,483,80,434,356,457,16,383,194
140,47,206,299,50,120,301,496,186,260,79,228
141,0,206,450,110,498,484,231,325,1,241,166
141,1,453,259,443,21,470,142,409,328,15,468
141,2,291,396,228,350,143,59,331,337,208,41
141,3,41,87,496,164,124,442,188,346,172,367
141,4,125,453,279,153,29,218,189,219,32,461
141,5,139,107,289,228,484,29,302,310,296,426
141,6,60,1,499,432,385,198,231,491,330,395
141,7,221,319,98,350,423,490,493,342,412,138
141,8,423,46,424,86,473,262,96,220,477,207
141,9,499,130,195,384,337,142,128,424,82,244
141,10,333,79,475,205,197,442,263,508,506,110
141,11,312,295,73,2,156,458,185,175,403,56
141,12,5,362,240,443,386,396,197,283,97,156
141,13,111,360,149,182,134,479,333,11,341,35
141,14,209,208,105,184,292,217,326,327,6,94
141,15,491,487,193,347,105,506,343,199,418,463
141,16,282,201,424,223,391,506,263,110,92,429
141,17,476,257,136,504,227,312,194,370,378,365
141,18,292,140,60,138,113,139,19,470,239,456
141,19,335,290,77,348,386,488,342,296,454,312
141,20,458,503,30,131,248,82,367,388,200,7
141,21,270,84,42,22,380,267,298,152,403,20
141,22,338,466,85,5,212,233,1,374,217,418
141,23,505,447,199,509,242,356,19,285,42,83
141,24,423,96,95,424,473,370,477,338,203,46
141,25,384,26,90,130,386,360,291,303,82,14
141,26,333,280,188,256,475,506,235,40,110,279
141,27,258,355,126,23,150,253,207,161,285,498
141,28,197,5,433,362,386,505,443,489,403,169
141,29,33,479,169,37,6,407,347,181,504,461
141,30,231,377,105,94,441,408,208,338,212,209
141,31,463,18,491,487,159,388,134,193,375,418
141,32,282,400,201,391,369,506,191,409,429,424
141,33,476,378,285,8,508,325,404,93,257,370
141,34,292,60,140,138,113,272,302,470,268,456
141,35,335,348,77,296,290,312,386,417,368,61
141,36,458,274,142,39,82,246,414,165,217,236
141,37,84,270,42,380,20,22,403,420,272,75
141,38,5,338,212,85,1,174,493,143,466,482
141,39,285,480,82,505,21,430,295,375,367,256
141,40,428,309,209,449,496,436,336,141,448,470
141,41,356,47,260,440,129,148,362,214,354,496
141,42,19,433,345,360,487,334,159,353,340,305
141,43,234,102,332,9,282,91,455,465,45,476
141,44,57,251,244,161,110,262,234,312,410,302
141,45,408,394,74,118,63,32,448,65,404,43
141,46,37,152,483,356,364,434,490,16,457,466
141,47,299,260,79,494,470,168,496,393,225,479
142,0,88,333,261,194,169,83,227,331,214,165
142,1,453,70,259,206,443,178,400,15,449,484
142,2,365,312,130,242,350,270,114,59,396,5
142,3,41,113,87,496,304,310,442,115,394,455
142,4,11,59,453,106,218,423,76,464,410,141
142,5,289,228,231,302,486,461,484,35,270,224
142,6,432,284,385,198,1,223,97,150,499,60
142,7,17,490,126,452,303,221,242,8,96,98
142,8,423,370,181,11,175,439,46,477,63,95
142,9,68,259,71,141,154,87,376,209,142,506
142,10,107,366,71,119,506,379,171,322,111,213
142,11,84,511,273,430,422,49,126,270,211,492
142,12,96,150,63,390,356,277,37,433,297,192
142,13,387,250,22,288,417,302,458,184,385,97
142,14,212,80,14,138,136,506,377,441,117,314
142,15,193,346,426,494,375,22,61,226,169,289
142,16,58,74,429,140,201,23,91,278,299,243
142,17,365,422,499,389,50,305,12,372,105,467
142,18,347,264,26,119,184,49,291,376,211,471
142,19,222,453,14,377,426,356,341,162,192,349
142,20,55,210,485,127,214,45,109,15,348,327
142,21,453,379,255,324,176,33,243,152,420,150
142,22,41,261,57,287,6,345,267,205,81,86
142,23,323,493,382,285,83,316,325,42,199,376
142,24,11,325,370,191,175,283,425,13,439,463
142,25,14,141,442,363,214,299,68,111,360,142
142,26,507,119,279,213,456,301,23,107,506,280
142,27,496,197,49,110,78,141,456,84,126,9
142,28,290,264,94,356,73,113,489,48,448,491
142,29,184,179,288,119,302,385,22,334,457,461
142,30,233,212,461,80,314,14,268,154,441,160
142,31,193,22,169,306,508,119,37,426,61,491
142,32,91,23,429,399,110,405,255,500,140,201
142,33,50,499,305,365,372,389,422,105,12,328
142,34,347,119,419,26,350,179,291,2,264,256
142,35,426,222,309,414,453,362,71,307,162,356
142,36,243,348,16,485,384,332,45,300,388,354
142,37,46,324,389,468,314,420,255,313,229,453
142,38,41,205,456,345,261,57,86,287,196,214
142,39,334,510,215,189,14,88,389,356,492,403
142,40,4,138,34,86,239,109,437,270,324,96
142,41,440,44,366,70,103,115,495,231,305,454
142,42,272,140,215,241,496,288,0,183,285,321
142,43,234,30,56,430,129,116,311,253,388,218
142,44,57,234,262,368,110,312,302,454,491,172
142,45,408,63,118,394,74,32,262,448,485,404
142,46,37,152,483,356,364,466,113,490,287,434
142,47,260,470,494,168,305,381,233,464,416,290
143,0,143,436,447,151,20,364,287,449,268,29
143,1,204,404,72,407,321,246,449,274,432,66
143,2,458,279,412,188,320,277,177,93,146,85
143,3,397,41,116,12,346,87,508,442,431,332
143,4,328,6,254,210,195,183,248,464,314,194
143,5,228,461,270,388,105,87,311,341,307,208
143,6,319,219,108,385,499,205,248,303,362,1
143,7,38,339,85,0,23,64,240,62,291,39
143,8,86,424,246,338,95,174,98,103,46,423
143,9,224,413,124,192,461,7,112,74,147,386
143,10,107,136,506,249,191,375,256,254,82,119
143,11,33,100,312,109,153,211,173,383,497,304
143,12,197,173,92,489,315,443,74,151,80,46
143,13,334,253,92,435,365,154,401,179,17,449
143,14,171,391,48,63,85,412,183,143,505,190
143,15,275,187,252,146,65,112,503,364,308,508
143,16,153,123,501,324,43,226,42,18,44,213
143,17,116,174,238,284,357,54,133,418,111,465
143,18,419,467,352,300,504,179,502,56,153,407
143,19,44,401,190,27,238,76,122,53,427,141
143,20,204,28,390,14,97,133,176,223,386,181
143,21,288,12,402,168,106,2,237,121,298,330
143,22,95,6,174,138,93,212,92,46,107,67
143,23,341,143,387,46,439,490,167,137,30,188
143,24,281,34,253,112,507,419,371,86,166,71
143,25,408,263,403,266,499,163,228,412,420,388
143,26,79,257,369,239,44,447,289,234,217,56
143,27,105,146,220,312,153,115,196,158,497,155
143,28,151,420,241,108,45,417,341,224,233,387
143,29,334,179,203,449,17,228,227,90,197,365
143,30,171,391,143,46,70,207,85,505,195,153
143,31,187,275,65,252,364,503,81,508,308,500
143,32,153,501,226,18,43,204,324,42,71,195
143,33,141,16,284,178,174,215,465,98,54,463
143,34,419,467,300,502,334,180,242,51,501,303
143,35,238,44,153,292,246,76,281,427,7,491
143,36,327,8,511,97,357,39,456,204,125,33
143,37,87,420,298,22,121,243,417,72,494,365
143,38,95,138,46,174,67,107,64,93,5,85
143,39,470,59,236,212,449,108,104,215,278,490
143,40,499,439,29,306,234,254,506,472,110,249
143,41,129,61,52,495,86,360,221,407,456,269
143,42,340,487,94,433,159,165,496,499,305,80
143,43,476,332,234,1,30,345,286,422,414,339
143,44,491,494,57,454,234,404,368,235,302,415
143,45,213,69,163,485,43,103,253,501,159,73
143,46,10,364,154,113,209,152,304,53,346,20
143,47,27,233,410,157,284,342,277,470,242,286
144,0,57,230,313,125,474,204,155,410,281,469
144,1,246,173,295,449,204,407,72,274,375,301
144,2,43,458,373,413,279,456,47,7,485,136
144,3,41,87,116,346,310,397,431,508,379,442
144,4,254,210,195,183,464,248,285,461,328,6
144,5,461,341,388,389,228,208,385,311,105,270
144,6,265,108,222,57,470,336,219,385,419,340
144,7,38,64,85,291,0,39,240,23,338,34
144,8,86,295,509,220,477,338,98,424,394,11
144,9,130,82,154,14,400,86,142,424,141,395
144,10,333,136,242,82,254,205,42,256,283,79
144,11,203,499,312,185,403,338,315,483,78,150
144,12,74,443,173,116,240,374,355,71,343,429
144,13,360,182,194,446,507,319,134,83,459,111
144,14,208,295,105,60,236,453,326,23,13,231
144,15,347,423,311,405,446,199,57,418,343,97
144,16,223,282,61,480,208,506,424,92,369,130
144,17,257,302,476,227,41,446,206,311,272,194
144,18,73,180,133,382,60,425,216,51,143,45
144,19,77,348,296,61,134,335,290,454,386,509
144,20,458,367,274,200,82,165,389,159,480,246
144,21,84,298,22,270,282,365,42,403,68,417
144,22,138,67,430,294,46,174,107,64,141,85
144,23,509,447,295,175,498,403,271,483,9,446
144,24,424,220,338,86,375,98,221,95,96,103
144,25,360,384,130,229,68,26,82,214,112,353
144,26,333,235,256,136,242,294,254,42,475,205
144,27,203,338,355,258,312,161,315,213,499,268
144,28,173,74,443,374,240,452,71,83,116,487
144,29,360,407,33,134,194,83,333,446,341,347
144,30,231,105,94,208,295,23,79,411,217,326
144,31,418,25,19,22,185,243,18,57,354,347
144,32,506,208,424,282,446,337,429,472,336,501
144,33,476,65,302,257,508,446,262,227,103,284
144,34,73,133,382,397,425,329,180,197,45,60
144,35,134,23,385,484,310,368,276,130,77,137
144,36,246,492,217,265,131,210,165,367,484,107
144,37,420,243,298,96,264,157,422,10,365,165
144,38,138,46,67,294,430,107,92,174,141,335
144,39,27,138,115,13,450,448,8,17,15,23
144,40,270,209,251,234,123,358,420,356,167,86
144,41,231,293,398,302,453,391,44,407,52,103
144,42,8,165,80,296,241,496,217,183,233,305
144,43,133,476,508,54,339,196,86,30,488,36
144,44,393,345,451,399,76,228,454,441,362,286
144,45,379,220,42,181,398,69,356,168,25,262
144,46,445,10,346,304,209,219,364,232,67,85
144,47,254,398,242,460,294,410,229,445,104,382
145,0,261,88,83,214,333,169,131,194,380,243
145,1,449,33,301,70,173,315,400,92,375,271
145,2,177,5,85,413,373,416,332,279,245,384
145,3,310,41,346,87,188,65,379,235,304,431
145,4,106,496,325,257,35,252,453,410,233,59
145,5,228,311,461,1,236,250,14,88,26,386
145,6,265,108,186,336,331,248,474,419,150,308
145,7,64,452,242,38,372,60,445,191,303,10
145,8,295,175,509,319,439,11,262,46,425,370
145,9,68,111,361,141,14,443,154,376,142,506
145,10,107,280,506,322,71,366,296,177,100,119
145,11,273,185,250,511,84,492,397,141,350,422
145,12,356,390,277,63,489,297,433,130,315,150
145,13,154,387,265,16,302,91,385,250,274,184
145,14,441,439,269,268,212,377,95,56,470,80
145,15,98,352,193,30,459,501,245,311,74,392
145,16,260,482,476,123,153,505,263,61,276,322
145,17,284,331,394,190,282,351,215,259,216,463
145,18,419,358,179,137,436,407,119,309,501,57
145,19,24,421,362,222,384,510,328,9,307,412
145,20,478,490,51,349,160,230,327,101,123,355
145,21,288,457,324,362,168,243,440,373,233,283
145,22,6,36,363,458,492,55,87,402,89,88
145,23,251,387,368,394,103,353,58,393,167,313
145,24,370,163,305,186,204,489,419,290,270,331
145,25,432,420,410,260,372,183,137,44,55,50
145,26,212,437,366,381,419,332,279,453,317,282
145,27,409,178,131,110,89,239,390,221,385,256
145,28,448,315,440,2,90,94,489,264,80,356
145,29,179,334,460,455,17,119,362,411,449,306
145,30,238,37,260,441,153,68,192,437,333,46
145,31,98,74,392,228,352,64,131,30,31,311
145,32,476,260,355,428,196,421,482,222,244,245
145,33,283,190,144,338,394,410,82,223,211,14
145,34,407,256,153,179,467,419,242,57,199,451
145,35,412,362,112,9,21,421,24,297,327,384
145,36,355,45,483,478,51,433,101,437,13,327
145,37,324,288,48,362,32,477,5,167,465,88
145,38,6,53,417,508,234,45,147,20,321,126
145,39,251,368,394,103,353,464,313,167,121,438
145,40,364,262,135,141,153,168,165,342,283,32
145,41,133,439,352,273,399,272,311,299,457,492
145,42,319,293,169,93,268,463,432,248,331,130
145,43,346,24,322,266,365,44,246,427,497,284
145,44,402,505,358,290,350,352,99,6,59,213
145,45,324,226,421,348,10,390,223,97,26,294
145,46,357,290,374,80,230,119,232,350,67,280
145,47,122,478,301,206,143,50,498,399,132,423
146,0,506,396,453,45,381,124,188,215,484,509
146,1,449,49,436,301,33,345,234,24,201,25
146,2,5,114,53,11,416,489,331,291,12,242
146,3,41,304,213,375,448,170,318,346,210,427
146,4,206,153,484,202,451,70,478,472,373,209
146,5,209,356,50,138,26,250,237,66,189,40
146,6,474,223,150,485,97,448,256,412,186,432
146,7,445,452,46,475,26,372,144,102,303,161
146,8,325,295,283,370,11,450,175,497,210,243
146,9,14,141,139,506,49,420,259,154,304,90
146,10,280,507,107,27,23,249,100,32,488,119
146,11,409,231,33,178,9,141,258,328,446,78
146,12,80,315,356,241,273,151,46,448,90,489
146,13,334,483,17,105,253,179,302,92,411,45
146,14,56,115,277,143,191,387,183,171,44,130
146,15,275,162,187,245,98,352,65,508,380,15
146,16,153,378,123,348,70,345,17,482,501,260
146,17,485,284,223,0,141,116,382,245,418,346
146,18,419,56,309,467,144,300,361,179,502,153
146,19,19,130,50,44,456,510,409,307,177,412
146,20,189,311,93,97,176,395,133,310,386,390
146,21,288,12,105,132,243,152,259,28,0,233
146,22,6,378,492,55,363,53,87,458,97,372
146,23,222,387,394,341,308,247,58,251,393,183
146,24,90,216,186,146,281,489,468,507,225,431
146,25,211,263,160,418,412,420,316,403,169,410
146,26,237,217,290,56,282,425,369,381,234,391
146,27,105,220,399,2,16,383,432,146,196,392
146,28,315,215,426,161,498,241,151,347,152,440
146,29,179,334,100,449,45,105,89,208,84,90
146,30,85,115,24,391,505,387,56,334,293,171
146,31,275,162,65,245,30,15,508,187,98,397
146,32,153,123,378,482,171,135,345,294,260,17
146,33,485,367,215,284,245,222,6,286,303,177
146,34,407,419,179,153,457,230,467,256,55,148
146,35,44,175,510,456,411,106,307,19,24,292
146,36,327,97,409,189,459,352,244,5,318,395
146,37,288,17,261,48,336,234,283,169,6,12
146,38,6,363,458,342,170,53,299,147,234,94
146,39,387,222,341,143,394,247,245,58,212,91
146,40,16,395,108,120,140,233,402,439,438,506
146,41,87,410,61,399,272,37,79,419,322,228
146,42,291,268,33,177,169,319,392,423,386,218
146,43,83,266,359,425,120,497,220,126,456,161
146,44,49,232,74,297,103,350,6,333,501,190
146,45,453,376,64,324,400,226,366,281,45,481
146,46,357,290,274,486,374,85,464,280,191,292
146,47,399,301,55,122,143,332,433,242,156,398
147,0,419,70,411,91,448,58,483,122,283,106
147,1,232,234,443,387,409,301,37,334,449,282
147,2,429,288,489,11,409,130,5,332,425,114
147,3,369,148,41,258,149,167,304,22,164,394
147,4,206,153,463,219,23,501,189,259,202,320
147,5,484,356,50,181,138,40,189,343,488,314
147,6,331,100,448,474,409,186,308,21,419,432
147,7,161,372,13,229,330,138,436,445,382,342
147,8,96,458,46,390,213,86,394,473,33,430
147,9,233,360,130,376,322,240,352,236,216,82
147,10,205,333,475,28,420,508,436,110,337,296
147,11,268,355,458,315,486,185,504,136,213,285
147,12,199,389,283,386,443,403,488,453,373,149
147,13,182,360,111,353,194,97,33,507,476,333
147,14,169,506,208,17,105,335,117,326,231,430
147,15,405,71,199,136,19,283,418,375,446,156
147,16,243,479,272,429,391,487,472,506,74,117
147,17,136,84,486,209,257,227,365,386,387,471
147,18,376,397,273,51,46,297,496,234,45,87
147,19,509,454,377,192,300,342,451,472,134,372
147,20,367,30,248,246,291,456,485,240,262,15
147,21,420,96,10,264,293,282,24,422,389,441
147,22,134,235,326,141,249,217,457,420,473,478
147,23,372,483,126,42,465,332,14,498,470,175
147,24,456,21,271,24,13,494,411,11,282,46
147,25,14,442,68,506,154,141,214,111,122,420
147,26,507,23,280,279,301,213,488,453,299,119
147,27,409,33,390,141,446,110,178,350,496,258
147,28,290,94,315,264,73,356,90,196,489,2
147,29,179,461,119,334,411,449,302,460,364,347
147,30,293,37,451,130,44,160,183,277,192,381
147,31,508,352,245,98,65,146,66,162,325,433
147,32,153,482,225,17,260,146,294,123,245,143
147,33,379,410,284,215,276,306,223,74,364,14
147,34,419,179,272,134,308,181,432,284,2,109
147,35,388,509,492,356,372,236,162,377,80,435
147,36,217,265,88,107,131,24,492,458,274,236
147,37,420,96,243,10,441,264,302,84,399,72
147,38,235,457,249,134,173,326,90,217,266,54
147,39,27,138,338,236,274,108,448,242,173,152
147,40,486,229,295,437,251,64,143,234,470,60
147,41,391,287,219,398,293,440,28,52,481,221
147,42,165,8,217,496,241,231,425,80,296,185
147,43,44,133,86,476,203,495,3,249,85,30
147,44,393,395,184,362,76,451,228,441,315,207
147,45,220,379,25,42,11,356,328,303,233,181
147,46,80,374,67,85,346,219,8,232,286,358
147,47,50,206,301,64,242,398,496,120,318,207
148,0,450,206,419,110,431,484,231,58,463,144
148,1,453,15,46,201,374,35,461,232,145,275
148,2,12,453,291,242,244,114,5,323,282,183
148,3,259,481,278,457,114,109,368,158,376,340
148,4,162,139,474,108,120,31,362,300,481,236
148,5,277,261,397,178,287,359,45,467,412,403
148,6,369,363,465,386,37,167,511,355,125,202
148,7,507,204,102,454,127,384,68,273,125,53
148,8,494,24,180,120,271,379,320,290,112,16
148,9,461,192,74,147,182,124,7,248,317,263
148,10,44,217,303,453,374,293,249,489,289,496
148,11,220,452,105,383,176,155,352,87,116,304
148,12,151,241,80,489,315,108,511,482,46,45
148,13,92,401,334,179,349,275,253,449,45,365
148,14,391,171,85,190,115,42,48,191,46,392
148,15,187,275,65,500,364,380,112,218,481,252
148,16,153,501,43,123,18,70,183,195,249,378
148,17,357,382,418,288,54,116,16,111,201,284
148,18,419,467,167,153,144,502,407,309,114,352
148,19,238,122,401,190,196,412,44,473,354,76
148,20,319,223,404,386,36,28,390,97,204,295
148,21,402,288,45,330,15,438,168,237,357,102
148,22,6,363,403,484,197,458,502,356,492,55
148,23,341,188,58,143,490,387,295,223,245,137
148,24,92,281,34,440,253,112,469,209,17,288
148,25,228,408,137,6,412,499,373,268,333,309
148,26,307,143,239,447,217,197,477,369,59,89
148,27,158,105,55,176,220,190,392,79,383,16
148,28,152,341,499,151,322,233,108,420,241,347
148,29,179,449,45,197,228,433,500,334,92,90
148,30,391,171,469,197,387,313,153,159,104,115
148,31,187,275,85,412,247,455,500,15,65,252
148,32,43,153,501,183,195,226,70,123,173,101
148,33,111,463,98,382,357,485,303,223,402,215
148,34,407,419,230,502,309,153,467,57,169,179
148,35,427,50,456,401,21,44,122,76,238,221
148,36,327,391,189,386,504,204,311,28,220,91
148,37,288,39,45,330,48,151,312,132,153,143
148,38,6,363,53,234,299,342,70,147,144,80
148,39,341,387,222,490,143,167,58,63,123,16
148,40,499,16,29,3,395,233,249,506,352,365
148,41,439,61,160,350,199,93,279,22,375,410
148,42,291,177,127,33,423,152,48,81,489,131
148,43,83,425,126,17,483,414,371,233,224,221
148,44,84,25,103,232,426,350,49,308,190,73
148,45,324,493,154,176,453,306,130,366,498,457
148,46,357,290,441,274,361,486,374,459,13,276
148,47,445,143,79,55,122,301,242,498,418,254
149,0,88,333,261,262,169,83,194,331,114,487
149,1,70,77,15,178,436,46,484,256,234,306
149,2,130,12,5,453,365,114,270,323,244,242
149,3,259,481,114,158,278,457,226,351,368,89
149,4,162,139,108,474,31,300,451,236,171,120
149,5,397,277,287,178,503,45,467,359,261,237
149,6,369,363,167,465,386,511,125,229,355,490
149,7,102,507,204,127,454,384,68,273,311,53
149,8,271,24,494,180,379,16,495,120,302,352
149,9,182,461,192,124,147,223,224,74,7,248
149,10,303,489,249,32,217,366,191,44,453,221
149,11,220,33,392,223,87,452,311,352,36,438
149,12,151,80,241,315,46,356,489,238,45,108
149,13,334,92,179,253,45,401,154,435,449,365
149,14,391,115,171,85,191,190,46,42,56,197
149,15,187,275,481,245,380,65,218,162,15,241
149,16,153,501,378,18,70,294,260,322,123,345
149,17,459,116,418,382,357,201,288,303,245,391
149,18,419,467,309,167,502,144,153,135,147,407
149,19,11,238,401,44,130,190,412,397,362,19
149,20,319,373,386,490,390,220,176,311,189,504
149,21,288,237,132,30,330,45,2,438,476,283
149,22,6,403,484,363,372,492,508,53,458,108
149,23,341,387,222,223,58,188,143,490,134,407
149,24,281,92,216,34,440,225,90,320,431,31
149,25,412,499,263,211,195,408,373,228,388,418
149,26,44,89,143,307,369,217,6,59,258,290
149,27,220,16,392,2,105,55,311,383,158,419
149,28,233,152,190,341,224,151,139,322,161,347
149,29,179,416,449,92,197,334,460,45,228,459
149,30,391,115,171,153,469,197,405,300,195,1
149,31,187,275,481,218,15,247,252,135,455,380
149,32,153,501,70,183,101,176,43,18,261,22
149,33,459,382,215,201,223,463,288,418,303,485
149,34,407,419,66,309,467,179,169,153,502,57
149,35,401,21,44,24,50,112,11,427,456,238
149,36,386,189,327,172,176,311,504,216,373,220
149,37,288,39,45,435,48,11,162,436,336,438
149,38,6,53,403,234,91,458,342,418,0,508
149,39,341,222,387,143,490,58,167,223,134,123
149,40,499,16,29,233,395,352,88,329,318,506
149,41,61,419,375,199,80,279,410,201,272,322
149,42,177,33,127,268,93,420,423,218,48,75
149,43,83,126,425,497,224,406,161,17,214,40
149,44,232,426,103,49,74,190,308,501,336,76
149,45,493,376,306,324,37,226,64,366,46,300
149,46,357,290,274,85,210,361,441,212,379,286
149,47,122,301,478,498,143,55,399,409,496,242
150,0,506,396,381,453,135,188,45,124,423,485
150,1,201,49,25,15,234,436,232,472,419,424
150,2,489,244,53,453,423,5,278,248,114,12
150,3,448,170,72,114,345,213,89,298,436,158
150,4,451,206,162,286,171,481,373,484,243,300
150,5,277,397,45,316,467,503,287,359,403,237
150,6,369,465,229,167,363,122,8,386,355,104
150,7,102,46,361,384,311,488,454,254,204,127
150,8,379,271,180,450,332,24,266,495,456,352
150,9,182,124,224,223,461,192,147,368,248,74
150,10,27,107,366,32,322,119,473,171,280,243
150,11,33,270,430,350,141,177,49,463,374,250
150,12,356,80,40,489,238,73,46,315,151,297
150,13,302,511,154,253,365,330,250,290,200,334
150,14,56,115,171,183,143,391,191,389,277,130
150,15,275,65,187,252,508,146,245,162,30,112
150,16,153,501,123,18,70,482,378,348,220,294
150,17,215,463,284,90,116,218,111,357,303,201
150,18,419,358,502,300,467,179,407,361,137,309
150,19,24,76,153,44,510,412,427,307,431,333
150,20,14,133,34,65,327,459,192,393,504,440
150,21,288,162,106,440,211,152,373,80,283,243
150,22,6,380,372,378,492,55,87,363,480,197
150,23,341,143,387,58,212,46,123,30,102,490
150,24,199,92,507,331,112,355,459,440,216,365
150,25,263,195,266,211,408,499,420,373,228,163
150,26,234,351,282,365,143,453,427,343,124,307
150,27,392,33,86,220,246,377,176,193,426,420
150,28,46,11,216,494,189,51,372,151,238,152
150,29,40,435,179,485,197,394,187,200,321,411
150,30,56,391,300,130,171,153,215,115,341,1
150,31,187,275,65,503,220,15,81,30,245,135
150,32,153,123,204,226,501,43,482,439,18,71
150,33,463,215,90,457,102,218,16,187,469,369
150,34,407,280,418,379,442,209,5,179,487,111
150,35,147,222,113,328,431,40,309,45,307,193
150,36,65,327,349,192,250,369,170,394,233,187
150,37,288,226,166,440,448,471,48,211,314,162
150,38,6,380,234,421,197,496,363,80,62,372
150,39,294,228,297,392,328,104,102,206,212,14
150,40,48,130,499,123,66,352,506,16,29,32
150,41,272,37,54,419,63,324,328,501,268,436
150,42,390,386,422,420,48,268,75,122,64,32
150,43,373,266,406,243,431,188,193,120,85,220
150,44,350,30,76,213,369,217,68,362,432,426
150,45,481,509,64,60,168,280,220,176,324,356
150,46,357,290,374,346,438,369,232,22,88,330
150,47,399,301,55,143,242,398,209,186,122,332
151,0,419,70,411,448,58,122,483,446,283,414
151,1,232,443,409,387,345,484,436,21,234,49
151,2,409,114,322,288,429,5,12,489,195,11
151,3,148,188,392,243,39,258,149,205,164,41
151,4,206,169,153,209,388,59,480,462,77,463
151,5,314,142,138,137,438,484,14,481,128,26
151,6,260,97,256,181,283,375,223,79,198,485
151,7,161,13,382,229,276,372,49,436,7,498
151,8,113,96,46,319,509,26,350,179,477,458
151,9,111,275,353,130,360,236,352,376,97,86
151,10,28,403,2,205,188,202,66,420,424,296
151,11,315,268,355,250,486,189,213,185,258,210
151,12,471,389,148,403,283,488,386,175,453,59
151,13,311,6,33,372,304,186,385,507,463,506
151,14,175,231,94,486,105,461,326,69,138,409
151,15,199,375,193,288,347,446,346,289,105,136
151,16,243,223,201,142,454,272,278,92,337,429
151,17,172,136,386,93,43,486,419,210,70,103
151,18,376,72,264,496,6,251,87,46,50,184
151,19,509,385,377,454,192,468,342,148,145,131
151,20,210,485,248,16,442,30,246,15,239,457
151,21,264,418,394,10,379,420,255,302,441,293
151,22,134,420,249,235,457,496,18,218,267,470
151,23,450,334,27,260,465,236,470,372,42,244
151,24,46,113,327,319,26,109,229,350,473,393
151,25,353,111,45,35,296,214,167,442,384,275
151,26,28,188,403,340,26,114,285,424,243,220
151,27,268,355,413,498,141,258,189,350,253,226
151,28,283,94,336,306,488,148,386,290,175,500
151,29,33,347,372,128,484,291,314,407,193,6
151,30,231,94,278,438,69,105,161,150,212,65
151,31,18,463,491,375,159,19,487,494,134,418
151,32,201,429,400,337,282,108,391,506,169,147
151,33,103,334,10,246,43,468,508,378,511,325
151,34,462,251,376,72,423,447,453,302,272,6
151,35,385,480,257,286,372,408,148,155,302,71
151,36,210,227,142,492,88,217,39,265,131,246
151,37,394,264,441,302,10,243,134,420,139,392
151,38,249,235,457,377,18,420,134,470,54,218
151,39,110,244,334,285,27,19,42,242,138,356
151,40,486,451,173,208,295,172,309,449,86,212
151,41,391,287,361,240,354,491,385,42,213,443
151,42,217,212,151,366,80,231,388,496,165,185
151,43,86,133,77,278,300,337,333,499,248,111
151,44,248,338,315,395,433,276,302,209,205,56
151,45,303,237,22,379,186,280,51,443,328,419
151,46,80,374,346,463,18,465,88,342,384,426
151,47,206,50,64,79,301,497,242,186,127,309
152,0,450,206,110,419,431,484,231,182,498,144
152,1,453,46,15,142,232,449,49,201,374,275
152,2,291,114,12,242,372,409,209,5,269,331
152,3,173,356,78,376,62,324,303,374,69,306
152,4,214,231,197,167,134,295,9,12,240,8
152,5,212,306,152,464,111,234,293,347,345,342
152,6,37,369,387,71,103,223,116,262,139,238
152,7,368,179,303,348,286,401,78,411,152,306
152,8,163,290,370,36,488,88,204,508,457,55
152,9,289,511,109,55,288,420,205,69,183,180
152,10,366,32,119,374,107,390,27,365,280,249
152,11,211,215,386,492,350,311,434,84,430,177
152,12,356,489,130,297,238,274,139,80,315,2
152,13,302,154,365,250,16,290,334,184,330,435
152,14,56,502,324,391,99,387,441,470,171,46
152,15,146,30,275,187,241,294,148,481,138,65
152,16,153,123,135,260,345,294,501,398,378,10
152,17,144,284,303,177,490,91,459,190,259,222
152,18,419,467,352,358,179,119,147,153,135,407
152,19,362,464,39,412,297,79,107,248,238,152
152,20,409,490,353,373,145,178,160,204,355,395
152,21,288,362,260,457,169,324,350,2,152,149
152,22,6,492,363,108,378,89,442,322,244,53
152,23,341,387,143,222,160,167,179,438,58,439
152,24,312,510,70,31,88,92,431,73,419,508
152,25,263,70,195,249,187,499,388,404,211,228
152,26,56,44,161,234,257,290,307,239,217,237
152,27,179,443,34,146,220,479,16,158,89,105
152,28,16,420,215,151,224,241,152,50,383,369
152,29,334,449,179,500,203,356,15,295,411,153
152,30,505,291,85,391,153,469,99,171,491,191
152,31,275,187,146,30,252,15,294,308,138,373
152,32,135,43,345,153,123,2,10,260,378,71
152,33,359,144,303,236,245,490,177,25,387,463
152,34,407,419,153,501,229,352,344,193,438,179
152,35,152,464,91,21,292,314,362,231,44,427
152,36,327,391,176,353,181,440,318,133,409,477
152,37,288,2,81,350,167,503,48,8,241,153
152,38,6,299,508,53,94,342,144,126,421,251
152,39,341,167,143,387,222,303,402,160,198,212
152,40,205,16,439,231,262,89,340,332,402,233
152,41,439,61,210,32,285,41,216,489,279,296
152,42,423,493,420,177,93,380,319,130,455,482
152,43,126,224,173,483,445,497,244,435,425,455
152,44,103,501,195,49,190,370,144,99,350,293
152,45,324,166,455,158,428,226,469,338,381,89
152,46,357,290,374,346,375,211,75,25,231,213
152,47,445,79,143,55,122,127,242,240,278,412
153,0,333,88,83,261,169,262,194,331,214,114
153,1,46,97,70,77,178,32,158,466,15,306
153,2,409,270,114,312,372,158,239,365,89,257
153,3,293,249,269,335,205,182,82,310,196,408
153,4,465,325,506,59,488,252,106,496,410,389
153,5,468,236,446,190,482,142,263,14,71,250
153,6,185,13,97,223,256,233,181,150,159,79
153,7,242,303,199,158,191,425,26,382,452,141
153,8,11,175,425,439,356,191,283,370,503,325
153,9,68,111,154,361,214,506,14,141,161,90
153,10,280,488,506,10,424,28,129,296,125,299
153,11,273,84,250,397,163,492,422,185,268,511
153,12,390,63,459,37,356,462,228,9,433,290
153,13,387,274,385,461,273,91,265,302,463,286
153,14,212,231,14,377,486,470,506,127,69,138
153,15,494,193,6,491,375,226,510,61,306,199
153,16,26,191,201,23,429,87,10,240,263,74
153,17,499,422,105,365,467,61,50,454,305,372
153,18,264,119,179,347,184,6,419,49,501,238
153,19,342,309,356,222,349,257,388,260,377,47
153,20,214,58,327,30,15,55,508,441,248,7
153,21,453,418,288,379,255,267,420,100,254,243
153,22,267,6,402,496,287,41,458,450,406,179
153,23,42,83,505,376,496,167,260,242,285,414
153,24,11,104,201,498,46,191,325,370,90,14
153,25,154,473,259,48,301,20,90,436,205,145
153,26,506,488,119,107,280,206,92,366,215,243
153,27,511,17,141,350,344,75,273,63,429,279
153,28,386,433,290,48,94,389,39,113,277,101
153,29,504,154,184,347,16,19,273,181,222,387
153,30,231,408,161,294,14,409,24,117,377,32
153,31,494,375,199,271,18,193,491,6,388,463
153,32,429,62,395,240,168,16,92,110,441,191
153,33,442,410,7,419,499,387,485,422,272,276
153,34,407,362,419,19,153,444,11,87,179,119
153,35,309,342,222,487,260,257,372,14,377,49
153,36,173,327,318,441,409,55,394,104,8,386
153,37,288,453,120,391,352,326,6,503,417,298
153,38,6,53,234,299,458,110,97,145,266,342
153,39,167,496,42,505,83,469,242,356,222,493
153,40,449,98,140,501,503,290,280,178,200,448
153,41,148,19,65,304,261,358,214,511,228,391
153,42,423,211,484,375,61,392,151,217,207,417
153,43,333,278,505,49,412,40,456,497,133,117
153,44,480,54,103,193,76,167,350,209,285,169
153,45,366,226,37,237,303,266,280,166,453,302
153,46,357,290,346,374,388,16,438,88,85,18
153,47,122,301,127,95,79,55,143,497,460,344
154,0,226,373,122,448,170,82,483,462,344,70
154,1,306,400,46,436,184,234,484,153,149,442
154,2,272,114,5,12,242,331,461,184,489,423
154,3,366,332,95,296,164,318,377,2,312,454
154,4,59,206,209,286,258,343,484,397,353,46
154,5,138,510,71,14,314,446,386,334,142,438
154,6,223,256,283,159,97,198,375,432,335,485
154,7,303,432,276,46,26,157,382,8,475,183
154,8,463,106,13,425,325,63,477,101,11,370
154,9,380,154,14,275,511,407,506,259,90,466
154,10,280,462,119,32,506,107,279,249,366,488
154,11,273,211,409,511,23,434,384,126,231,492
154,12,356,90,433,297,489,139,130,73,462,283
154,13,91,302,50,411,445,224,330,387,250,385
154,14,441,274,269,377,470,231,276,14,338,154
154,15,487,510,491,193,459,13,119,352,39,365
154,16,260,409,282,169,201,87,391,245,181,401
154,17,325,71,259,398,340,187,508,304,410,234
154,18,419,358,501,119,57,484,153,179,228,357
154,19,446,480,362,457,257,275,384,9,308,260
154,20,114,453,137,105,395,151,267,210,39,230
154,21,324,457,501,288,254,243,440,80,280,41
154,22,6,217,237,402,501,285,492,54,267,203
154,23,285,83,299,167,107,496,97,313,73,493
154,24,367,163,488,14,370,457,295,63,197,105
154,25,209,90,141,55,79,289,20,473,511,331
154,26,109,160,473,280,121,215,282,366,212,64
154,27,20,409,231,215,331,434,389,465,318,384
154,28,185,325,94,315,461,273,24,80,176,139
154,29,334,449,154,461,46,2,105,411,179,45
154,30,441,281,276,150,274,269,377,499,95,14
154,31,13,487,491,463,119,18,365,64,510,193
154,32,169,409,181,452,143,245,429,201,500,400
154,33,325,442,331,306,410,8,494,426,231,223
154,34,407,419,179,153,242,169,501,443,228,348
154,35,480,260,308,292,421,409,457,454,139,455
154,36,327,349,267,453,216,105,136,90,278,214
154,37,288,440,503,409,154,43,48,12,144,301
154,38,6,442,258,234,58,217,299,134,479,508
154,39,297,294,302,318,228,285,299,406,126,510
154,40,290,281,304,106,456,122,50,262,141,179
154,41,511,335,148,415,29,0,499,170,314,158
154,42,217,388,365,273,215,140,493,105,318,43
154,43,346,333,412,284,417,511,427,358,256,34
154,44,338,248,315,105,276,359,174,395,56,216
154,45,303,237,51,22,186,379,328,47,270,115
154,46,25,432,283,88,155,145,230,484,43,297
154,47,254,445,127,79,451,343,157,322,497,163
155,0,88,261,83,333,169,165,214,380,194,331
155,1,178,97,70,206,158,32,46,74,400,466
155,2,270,114,372,409,357,312,5,130,322,0
155,3,293,8,113,269,249,205,496,310,182,82
155,4,465,325,59,506,496,233,252,106,35,241
155,5,236,468,482,154,446,190,142,250,263,14
155,6,150,468,158,256,13,79,181,260,97,185
155,7,242,399,199,425,158,113,10,141,191,372
155,8,319,179,11,175,87,350,509,425,46,115
155,9,111,167,45,68,37,214,275,154,506,361
155,10,403,28,202,506,280,188,296,424,96,129
155,11,273,250,397,492,268,84,48,315,189,185
155,12,63,306,42,390,9,336,433,389,277,288
155,13,291,6,274,372,33,311,385,265,463,91
155,14,231,175,438,94,486,212,15,105,69,138
155,15,494,375,199,193,491,226,501,6,255,105
155,16,401,201,169,429,92,370,26,391,243,142
155,17,246,93,136,43,334,378,500,10,387,172
155,18,376,264,184,120,251,496,6,50,42,370
155,19,385,454,509,342,377,148,372,269,127,480
155,20,30,210,442,456,485,15,457,407,248,76
155,21,418,379,304,264,255,394,420,293,10,267
155,22,134,377,237,496,267,18,411,457,196,383
155,23,334,372,42,356,450,470,505,260,285,83
155,24,393,46,109,447,213,111,327,113,370,11
155,25,34,45,122,167,26,47,275,90,20,352
155,26,314,441,506,202,299,109,238,19,279,188
155,27,253,498,258,23,350,243,355,20,413,402
155,28,433,336,283,505,386,325,306,200,432,305
155,29,291,160,157,357,461,34,504,112,33,19
155,30,231,278,377,150,65,14,408,338,499,94
155,31,18,463,491,159,199,494,134,487,32,314
155,32,429,401,400,201,169,92,391,409,475,346
155,33,325,246,8,10,334,462,304,480,311,370
155,34,462,485,447,376,120,228,435,251,164,308
155,35,480,385,260,457,106,302,133,372,342,446
155,36,267,137,105,142,453,161,210,114,131,39
155,37,501,254,264,506,10,243,302,280,36,314
155,38,237,377,420,457,162,445,249,203,235,42
155,39,505,469,285,83,375,272,42,167,496,360
155,40,449,290,336,448,398,309,281,98,436,50
155,41,511,148,214,47,355,217,74,170,208,342
155,42,298,211,210,142,174,86,450,273,348,357
155,43,417,333,505,358,101,65,497,502,511,117
155,44,214,324,178,203,193,480,76,296,279,405
155,45,226,303,37,302,47,382,266,239,51,241
155,46,388,357,290,297,48,85,346,374,171,230
155,47,95,122,399,225,127,157,132,478,344,179
156,0,226,490,136,483,453,239,144,373,146,171
156,1,393,400,152,431,484,469,19,193,146,345
156,2,322,114,372,357,396,89,5,409,358,4
156,3,188,310,113,225,496,399,87,379,54,205
156,4,403,209,453,307,106,59,252,488,392,169
156,5,188,236,228,190,468,142,14,446,392,71
156,6,158,309,256,233,260,379,144,13,274,234
156,7,113,414,112,432,242,165,382,399,415,346
156,8,115,179,319,109,425,335,87,393,46,350
156,9,45,37,97,59,167,275,111,493,376,82
156,10,403,406,28,454,396,175,177,492,66,96
156,11,413,48,296,268,213,185,315,181,250,321
156,12,42,305,389,292,283,306,336,386,277,156
156,13,291,438,115,157,507,28,108,273,160,34
156,14,15,409,486,438,231,417,473,138,117,436
156,15,375,199,288,289,494,446,449,426,163,105
156,16,278,272,92,243,429,441,142,231,26,490
156,17,334,43,246,431,10,486,362,419,136,503
156,18,376,87,399,264,447,120,305,46,496,184
156,19,509,385,377,155,148,3,454,173,408,37
156,20,210,485,16,248,30,442,441,15,457,39
156,21,379,10,418,302,134,255,453,25,297,131
156,22,457,134,377,18,235,341,287,496,482,383
156,23,450,334,260,27,461,389,242,244,494,331
156,24,46,109,213,319,458,111,393,229,350,115
156,25,353,34,500,45,442,167,360,111,47,502
156,26,175,28,243,454,403,441,404,177,406,277
156,27,413,268,189,250,84,243,273,355,350,253
156,28,94,305,386,175,39,306,336,290,283,433
156,29,291,115,347,504,160,157,93,193,33,34
156,30,15,161,278,231,438,427,117,436,234,124
156,31,375,494,199,6,271,18,491,449,193,365
156,32,23,370,429,201,231,278,454,120,26,92
156,33,10,334,246,43,419,508,462,503,120,294
156,34,376,485,251,447,120,399,423,164,441,411
156,35,385,257,155,408,377,172,3,509,372,302
156,36,210,441,321,104,173,453,492,409,265,131
156,37,302,10,134,394,418,441,96,257,387,29
156,38,457,235,377,18,341,134,173,54,162,313
156,39,167,83,469,496,97,222,375,19,505,134
156,40,449,98,290,304,214,200,173,501,230,428
156,41,159,310,340,214,296,228,403,354,145,391
156,42,423,143,242,86,142,263,217,211,507,348
156,43,456,333,172,505,502,65,358,497,49,479
156,44,324,282,480,285,203,193,395,54,214,405
156,45,266,366,231,303,186,419,124,239,424,223
156,46,80,471,374,18,230,207,346,422,25,232
156,47,79,301,445,478,496,206,122,418,504,244
157,0,88,261,333,83,169,214,262,331,109,114
157,1,70,453,469,97,400,206,38,178,393,443
157,2,114,282,5,372,41,242,312,270,59,323
157,3,310,113,293,188,399,225,235,269,405,205
157,4,403,488,106,309,307,59,209,496,252,257
157,5,188,190,142,386,446,14,392,369,49,71
157,6,345,125,309,150,233,289,223,256,158,474
157,7,432,303,414,475,242,26,112,179,113,452
157,8,115,295,425,325,370,175,457,163,335,393
157,9,141,14,506,90,209,407,154,68,45,376
157,10,280,368,109,506,202,119,32,299,107,296
157,11,273,397,418,350,250,141,137,492,430,48
157,12,433,297,42,90,356,283,386,489,277,336
157,13,154,16,184,364,387,287,366,91,46,302
157,14,441,56,130,294,387,366,200,269,46,131
157,15,352,245,459,39,501,391,232,81,65,220
157,16,482,31,403,294,109,35,470,171,153,322
157,17,215,216,16,442,463,286,218,457,284,401
157,18,419,179,493,358,153,57,309,407,361,284
157,19,282,67,175,129,332,113,75,308,421,341
157,20,349,93,170,478,310,65,459,488,293,192
157,21,288,440,211,181,226,48,243,471,116,97
157,22,6,458,237,378,372,55,450,406,497,380
157,23,199,454,387,247,58,294,435,382,394,228
157,24,331,325,161,370,402,186,86,492,163,307
157,25,63,420,405,185,337,262,304,211,506,14
157,26,234,29,279,50,87,238,60,381,23,433
157,27,53,428,33,468,410,150,322,193,397,374
157,28,11,404,356,90,355,315,275,229,80,372
157,29,47,119,411,302,467,506,141,101,328,287
157,30,147,334,292,192,130,19,351,39,213,160
157,31,352,245,241,98,81,293,262,392,135,457
157,32,482,35,90,294,152,403,196,31,260,153
157,33,16,215,442,218,164,187,156,463,286,477
157,34,407,57,179,95,272,153,482,283,419,213
157,35,67,399,253,142,332,384,421,110,24,21
157,36,327,93,349,8,478,468,272,180,430,437
157,37,48,226,288,119,440,503,336,211,417,298
157,38,6,107,363,390,222,374,380,308,378,479
157,39,294,297,228,46,341,318,212,143,387,302
157,40,16,456,130,281,29,352,499,395,1,199
157,41,415,272,264,410,158,29,61,279,330,87
157,42,268,23,386,172,95,48,508,420,403,236
157,43,83,342,360,497,284,406,126,266,120,243
157,44,160,350,336,49,190,74,281,103,76,466
157,45,481,103,136,37,324,226,346,39,306,280
157,46,357,290,53,374,346,151,353,33,232,85
157,47,301,478,122,55,475,496,399,247,156,206
158,0,232,70,215,220,453,396,456,166,128,178
158,1,409,393,192,431,444,453,443,214,146,469
158,2,291,123,114,46,41,322,306,151,282,56
158,3,399,188,436,164,500,113,405,310,32,89
158,4,153,209,207,403,353,307,484,488,46,469
158,5,188,287,228,397,503,359,71,162,386,277
158,6,227,345,474,309,150,445,158,233,256,198
158,7,224,432,112,414,58,289,84,475,150,451
158,8,115,445,40,42,475,336,76,147,282,265
158,9,501,275,45,97,167,47,85,82,407,380
158,10,368,454,467,428,243,325,495,200,461,96
158,11,296,68,358,213,350,315,340,421,504,102
158,12,283,470,42,156,8,297,446,90,386,336
158,13,410,112,364,154,287,34,60,366,179,291
158,14,219,32,366,294,130,131,441,53,123,105
158,15,510,491,487,193,391,459,119,185,37,271
158,16,403,424,500,31,210,334,201,110,471,332
158,17,410,325,261,306,106,442,285,508,187,452
158,18,179,419,57,153,300,407,272,501,493,284
158,19,129,75,341,356,308,454,67,269,469,440
158,20,214,172,13,310,349,90,441,56,346,142
158,21,288,243,275,40,41,211,433,234,224,97
158,22,6,458,450,97,397,497,234,479,53,62
158,23,493,83,382,316,257,323,199,105,73,417
158,24,325,402,370,191,477,295,244,347,104,361
158,25,269,141,48,14,146,90,360,395,111,473
158,26,279,238,92,280,400,50,74,23,369,456
158,27,150,181,63,78,322,381,168,71,53,33
158,28,11,355,315,356,48,442,165,139,404,208
158,29,506,302,287,26,47,457,411,141,280,119
158,30,147,160,19,461,294,345,105,243,241,508
158,31,271,491,193,391,175,212,487,476,119,61
158,32,500,403,283,424,470,201,62,147,110,120
158,33,442,261,7,410,106,53,81,204,440,272
158,34,407,179,57,362,419,95,337,284,199,66
158,35,207,67,356,399,498,142,332,341,308,487
158,36,172,214,327,318,386,90,430,138,445,94
158,37,288,391,226,140,503,48,201,376,342,211
158,38,6,299,234,496,479,144,62,409,207,421
158,39,294,297,318,302,228,77,454,510,462,299
158,40,106,116,352,456,495,449,222,198,91,281
158,41,256,2,499,415,170,29,335,358,272,431
158,42,268,23,236,471,386,424,172,417,225,132
158,43,427,458,256,438,284,388,280,412,255,161
158,44,350,480,167,76,281,103,190,156,427,145
158,45,366,220,226,64,338,37,484,200,239,509
158,46,80,471,466,280,207,383,357,177,374,290
158,47,301,433,478,496,55,399,36,4,414,218
159,0,70,419,446,107,451,18,414,220,494,38
159,1,409,443,393,431,444,214,345,64,144,259
159,2,335,282,41,123,114,193,323,5,291,393
159,3,392,310,405,262,399,379,482,469,500,333
159,4,153,209,432,488,469,64,77,430,102,37
159,5,188,220,352,334,142,280,224,202,162,165
159,6,306,445,81,198,345,227,330,395,44,411
159,7,224,58,432,319,112,451,498,289,142,7
159,8,40,42,413,265,76,33,445,115,147,428
159,9,505,465,395,324,506,360,154,501,462,377
159,10,368,188,200,202,495,382,454,506,461,325
159,11,340,296,355,504,408,147,316,391,189,259
159,12,446,8,386,447,283,445,149,332,103,433
159,13,410,34,112,60,132,35,96,503,160,240
159,14,53,32,123,288,349,278,441,366,64,243
159,15,193,491,487,119,510,71,459,13,167,19
159,16,201,500,245,260,110,299,424,505,409,429
159,17,452,410,306,325,151,508,378,237,480,285
159,18,419,179,137,308,284,153,501,358,119,15
159,19,269,341,75,384,129,469,286,246,457,92
159,20,138,214,349,469,359,346,478,354,13,488
159,21,288,243,338,116,41,198,211,368,493,40
159,22,97,490,54,203,6,340,397,172,235,234
159,23,382,294,493,313,73,316,83,323,33,199
159,24,325,191,61,283,370,295,361,155,161,11
159,25,269,141,14,471,501,436,395,232,363,473
159,26,279,50,84,456,280,98,369,119,238,381
159,27,78,232,168,322,122,33,258,409,63,366
159,28,442,11,372,32,161,473,315,356,252,426
159,29,483,287,302,119,398,241,55,45,411,187
159,30,19,345,441,160,154,461,175,147,105,103
159,31,491,487,193,119,271,212,61,459,175,185
159,32,240,500,191,147,201,429,92,62,169,90
159,33,359,442,325,401,410,106,224,215,508,141
159,34,419,2,239,501,179,389,269,284,56,441
159,35,509,372,257,173,92,49,186,286,310,395
159,36,173,210,441,131,217,321,492,416,104,409
159,37,302,10,257,134,96,377,169,27,40,243
159,38,235,490,12,341,340,256,90,452,83,106
159,39,167,496,97,83,469,477,222,375,464,505
159,40,449,98,290,428,448,120,200,501,304,141
159,41,159,214,310,342,340,148,511,228,489,403
159,42,423,143,242,142,86,263,211,372,298,375
159,43,333,456,505,172,65,479,502,497,358,478
159,44,282,480,324,193,285,322,214,203,48,456
159,45,266,366,239,231,136,419,424,124,382,144
159,46,5,207,477,471,80,454,383,370,507,486
159,47,4,217,119,301,324,75,303,137,90,128
160,0,0,425,270,99,322,95,247,316,38,9
160,1,409,30,214,490,304,21,240,8,390,7
160,2,388,22,394,360,393,449,170,310,42,69
160,3,379,310,24,78,482,433,62,70,324,51
160,4,432,65,299,64,308,293,90,316,424,105
160,5,280,126,90,165,364,191,102,452,487,394
160,6,461,304,137,0,286,411,457,395,306,279
160,7,355,296,142,41,411,188,451,338,244,108
160,8,215,113,40,70,477,14,313,496,367,105
160,9,301,404,20,90,377,79,395,154,141,14
160,10,61,454,188,66,47,368,202,506,180,160
160,11,340,5,62,408,78,197,121,103,63,498
160,12,503,332,447,48,386,445,18,3,303,446
160,13,112,410,34,33,35,406,291,96,333,186
160,14,94,425,105,438,231,124,409,461,108,117
160,15,105,199,491,315,25,375,287,163,289,347
160,16,169,424,275,201,243,429,272,454,26,441
160,17,486,10,321,378,334,136,504,285,276,325
160,18,441,88,411,200,46,376,507,308,496,373
160,19,509,454,480,257,342,49,234,148,233,133
160,20,121,210,30,442,173,59,39,217,145,7
160,21,10,134,85,27,96,453,377,506,420,302
160,22,241,296,54,106,134,425,173,34,257,388
160,23,334,450,372,242,465,27,495,285,42,356
160,24,46,40,113,107,229,393,33,473,96,496
160,25,360,26,384,404,20,353,287,394,79,34
160,26,188,368,200,506,180,61,66,28,454,504
160,27,355,408,258,498,253,340,397,279,5,62
160,28,447,332,386,283,94,433,500,200,48,487
160,29,410,112,60,33,347,160,291,34,193,216
160,30,231,94,278,105,349,15,116,124,65,161
160,31,18,491,463,315,134,13,494,32,19,25
160,32,400,429,401,391,169,337,409,201,452,346
160,33,10,325,321,334,246,480,8,304,508,378
160,34,441,411,269,88,376,423,200,325,302,375
160,35,155,480,368,385,372,23,260,302,310,148
160,36,173,131,217,357,508,296,30,112,39,142
160,37,96,134,10,36,243,420,302,462,511,387
160,38,54,83,90,235,173,452,217,113,272,241
160,39,138,23,13,88,115,471,372,360,450,465
160,40,270,251,469,300,358,39,324,126,229,102
160,41,391,302,231,54,301,443,187,60,182,250
160,42,165,296,8,241,153,315,102,363,397,496
160,43,85,48,142,385,418,451,500,350,240,60
160,44,186,207,76,143,150,227,267,472,362,419
160,45,220,419,316,186,233,356,42,25,268,431
160,46,110,80,86,346,443,232,374,438,231,68
160,47,235,77,206,398,418,246,301,242,176,310
161,0,54,446,451,163,414,24,302,471,211,402
161,1,259,124,490,58,421,90,431,390,373,48
161,2,396,33,179,145,445,256,41,394,22,370
161,3,379,62,24,367,470,235,310,70,217,333
161,4,432,293,65,299,116,64,316,488,105,334
161,5,452,280,364,380,484,302,492,394,165,449
161,6,304,330,306,457,0,411,60,464,81,395
161,7,355,142,296,451,227,392,47,432,359,244
161,8,113,40,262,70,457,509,215,294,477,367
161,9,90,14,20,141,79,407,395,506,142,511
161,10,368,298,280,188,202,506,100,243,109,325
161,11,197,231,9,409,434,78,20,331,185,328
161,12,315,80,356,196,130,461,384,46,297,238
161,13,334,179,435,449,253,401,287,154,37,411
161,14,387,324,191,441,200,238,391,404,56,260
161,15,245,481,352,98,64,65,218,222,266,30
161,16,260,123,294,153,127,53,453,322,428,70
161,17,190,459,346,449,282,455,144,418,30,303
161,18,419,358,144,153,167,309,438,360,135,467
161,19,362,412,107,79,39,204,471,297,464,395
161,20,160,490,178,51,373,483,355,101,195,478
161,21,362,288,457,260,32,324,477,332,180,169
161,22,6,458,363,234,378,441,197,54,474,244
161,23,394,368,103,387,251,167,341,143,58,313
161,24,508,431,55,163,6,88,290,50,225,260
161,25,69,260,211,460,438,432,511,193,410,246
161,26,390,437,293,374,381,22,414,509,279,6
161,27,13,220,467,434,311,377,131,383,74,347
161,28,440,509,94,264,139,461,249,80,90,398
161,29,179,449,334,362,45,81,460,416,411,506
161,30,324,330,115,61,274,404,260,441,387,391
161,31,352,60,293,245,481,74,131,356,30,98
161,32,294,260,53,196,123,428,476,415,127,135
161,33,190,91,259,442,304,340,398,177,272,224
161,34,153,419,358,407,438,128,351,228,179,334
161,35,91,362,457,384,446,106,297,79,133,302
161,36,160,327,373,195,483,349,178,502,355,204
161,37,362,288,280,457,169,180,324,176,64,352
161,38,6,237,420,496,458,234,147,331,508,127
161,39,341,167,143,387,134,58,490,245,212,103
161,40,16,262,499,439,176,74,29,120,364,231
161,41,410,61,439,415,489,272,279,23,268,160
161,42,319,462,463,293,243,48,37,218,131,424
161,43,421,497,224,322,126,425,439,124,83,24
161,44,103,232,505,190,177,49,290,74,500,203
161,45,37,226,166,399,10,479,455,39,324,144
161,46,357,290,106,80,274,207,441,346,67,493
161,47,206,50,301,55,496,120,242,495,285,258
162,0,206,450,110,498,182,1,231,484,241,166
162,1,453,259,486,142,400,470,220,443,19,409
162,2,291,396,179,424,259,282,269,123,33,59
162,3,124,379,399,188,470,500,217,113,367,496
162,4,342,125,453,153,442,432,84,50,279,122
162,5,302,484,452,167,224,502,142,454,352,328
162,6,60,306,493,392,330,395,485,114,464,31
162,7,142,350,112,263,432,80,239,58,346,9
162,8,113,367,262,294,40,457,96,477,295,33
162,9,90,141,209,20,449,289,14,79,142,506
162,10,202,368,495,506,243,109,325,280,200,382
162,11,484,20,137,296,211,68,434,273,23,126
162,12,325,297,8,446,433,283,489,356,386,332
162,13,16,154,184,290,179,364,91,334,417,449
162,14,441,56,269,46,414,377,502,274,439,387
162,15,459,30,510,352,241,244,81,501,245,31
162,16,153,260,294,127,135,222,45,409,309,428
162,17,303,0,346,282,406,190,144,193,449,403
162,18,419,144,407,167,153,358,309,114,467,179
162,19,238,253,464,399,412,19,24,409,107,142
162,20,272,373,437,327,93,49,189,289,468,178
162,21,438,288,503,2,259,227,132,168,32,50
162,22,6,492,378,475,363,108,55,244,89,37
162,23,143,341,387,394,368,167,482,506,45,297
162,24,258,427,4,320,251,443,290,260,186,489
162,25,460,317,242,211,511,438,262,267,285,466
162,26,483,415,44,453,365,307,6,293,298,317
162,27,220,131,114,308,452,233,139,14,123,122
162,28,11,249,190,511,1,151,372,489,442,345
162,29,127,401,483,51,179,364,365,45,40,384
162,30,46,239,153,93,443,467,16,414,19,367
162,31,31,30,76,402,192,228,53,81,143,281
162,32,127,153,398,428,123,309,204,261,294,222
162,33,303,403,224,25,282,193,16,426,187,477
162,34,494,407,418,67,256,294,266,487,419,13
162,35,253,238,113,223,142,412,21,399,107,24
162,36,272,327,437,8,430,373,289,229,331,310
162,37,288,32,438,166,503,434,417,477,48,2
162,38,6,62,508,421,234,378,299,342,282,496
162,39,294,297,228,482,318,302,212,143,406,46
162,40,176,16,231,89,29,439,74,456,1,165
162,41,439,415,486,273,410,272,467,130,61,279
162,42,95,312,93,77,420,268,387,389,48,131
162,43,224,342,126,464,266,83,95,497,406,360
162,44,103,336,350,160,76,177,74,52,458,190
162,45,481,498,324,220,346,397,226,56,44,173
162,46,357,290,374,281,232,412,496,264,506,58
162,47,445,55,242,79,122,143,301,409,496,355
163,0,88,333,169,194,261,83,214,331,109,227
163,1,70,453,206,306,466,178,234,15,248,382
163,2,179,365,323,130,331,453,242,12,312,259
163,3,259,114,481,278,158,457,436,351,368,226
163,4,162,31,108,139,474,120,300,236,362,171
163,5,397,287,277,503,178,217,359,412,403,45
163,6,511,128,386,363,369,167,465,351,355,223
163,7,507,204,102,454,384,127,68,273,53,125
163,8,271,24,494,379,180,495,16,120,352,302
163,9,182,124,192,223,461,147,74,224,165,7
163,10,366,32,107,119,249,213,27,303,322,374
163,11,211,438,215,49,452,482,220,511,223,177
163,12,80,356,489,315,151,238,130,274,297,46
163,13,334,365,435,154,253,290,401,449,179,16
163,14,391,46,115,171,56,281,85,215,414,190
163,15,65,187,241,81,275,245,112,43,76,481
163,16,153,123,501,226,398,324,204,43,498,195
163,17,284,54,238,16,116,25,215,463,98,357
163,18,467,419,352,167,502,144,504,179,358,153
163,19,412,238,401,253,221,399,190,487,250,141
163,20,28,204,236,317,36,295,212,97,373,0
163,21,402,237,288,438,168,106,12,45,152,332
163,22,6,363,234,484,237,372,458,55,508,145
163,23,341,143,387,46,166,188,245,452,297,167
163,24,50,253,365,431,92,34,112,86,469,44
163,25,195,163,337,408,263,499,137,414,262,420
163,26,363,307,197,415,6,234,453,365,108,427
163,27,55,383,312,144,220,392,14,193,377,176
163,28,233,190,152,511,51,151,442,45,341,241
163,29,179,449,334,127,92,266,197,401,477,203
163,30,190,46,153,428,48,391,85,16,171,191
163,31,65,252,364,187,275,412,205,500,85,503
163,32,226,195,123,153,43,501,71,439,22,398
163,33,98,463,25,284,116,16,357,326,265,211
163,34,419,407,467,167,153,95,315,502,180,468
163,35,401,412,238,221,147,427,29,76,314,105
163,36,327,204,192,13,295,98,373,97,8,317
163,37,288,237,402,45,438,396,168,46,382,241
163,38,6,94,234,508,342,147,421,117,458,447
163,39,341,387,490,143,166,58,167,185,228,102
163,40,499,16,74,452,29,439,3,123,233,32
163,41,439,61,410,329,330,272,23,133,334,178
163,42,131,218,152,420,186,299,48,75,65,254
163,43,83,414,425,455,406,44,224,120,477,242
163,44,350,74,466,190,303,76,103,25,399,510
163,45,481,154,324,176,39,125,307,457,226,320
163,46,357,290,441,374,293,55,262,276,36,459
163,47,399,301,478,122,242,55,496,24,355,95
164,0,232,70,215,220,453,128,456,178,396,166
164,1,453,192,409,15,259,484,232,443,177,120
164,2,12,114,291,323,331,453,123,5,130,269
164,3,259,278,481,114,457,158,351,368,436,109
164,4,162,139,108,362,474,120,31,236,300,247
164,5,277,397,178,217,287,316,359,261,403,503
164,6,465,511,386,122,351,128,363,355,369,229
164,7,204,507,454,125,384,53,416,127,68,102
164,8,16,180,352,411,271,302,494,495,24,379
164,9,192,248,182,461,165,147,74,7,223,124
164,10,241,496,366,217,198,293,148,363,303,323
164,11,220,452,131,139,176,223,14,233,312,280
164,12,151,489,11,80,241,238,46,365,315,482
164,13,401,483,17,365,334,127,203,384,449,51
164,14,46,367,93,320,239,391,68,443,85,333
164,15,31,228,76,65,64,431,30,280,241,81
164,16,127,123,398,153,309,261,501,204,481,222
164,17,282,303,193,406,403,0,25,165,455,359
164,18,419,352,407,167,467,114,358,144,468,502
164,19,253,238,412,11,19,24,142,160,399,110
164,20,272,49,437,396,289,310,178,373,26,331
164,21,288,438,32,162,106,391,503,259,317,283
164,22,6,492,87,378,363,234,406,372,55,244
164,23,341,143,45,167,506,387,482,371,469,464
164,24,258,251,4,164,93,237,50,320,443,290
164,25,460,317,33,285,438,511,466,262,23,200
164,26,44,483,100,6,293,415,153,453,374,381
164,27,308,378,114,139,35,131,123,377,432,452
164,28,489,264,1,511,318,2,356,151,80,249
164,29,365,334,179,378,138,127,401,51,449,203
164,30,46,319,443,239,93,391,471,414,230,431
164,31,31,143,30,76,53,281,501,402,192,219
164,32,127,309,398,409,153,123,236,428,267,263
164,33,86,282,294,303,194,403,406,121,125,25
164,34,419,468,407,358,494,436,153,144,137,100
164,35,309,11,106,253,110,15,24,234,364,238
164,36,272,49,327,373,396,26,195,331,8,13
164,37,288,85,32,332,118,237,81,280,168,29
164,38,6,62,234,421,508,342,199,147,307,110
164,39,143,167,341,45,482,469,506,387,212,174
164,40,176,231,398,281,16,170,168,419,1,332
164,41,486,177,410,439,279,284,178,273,130,314
164,42,95,420,218,93,319,462,312,14,268,243
164,43,224,126,342,497,421,254,464,360,131,261
164,44,336,177,279,458,350,285,103,358,190,6
164,45,498,173,226,37,324,136,72,220,412,421
164,46,357,290,503,85,80,280,67,412,200,274
164,47,399,301,55,122,433,242,496,143,206,156
165,0,70,91,419,106,107,232,448,411,302,133
165,1,409,453,443,259,21,120,232,177,282,484
165,2,179,471,282,331,323,269,130,489,5,400
165,3,114,259,158,436,351,457,481,278,89,452
165,4,139,300,162,108,31,120,297,474,362,236
165,5,397,287,178,403,277,217,503,412,359,316
165,6,128,511,330,395,386,351,465,363,432,96
165,7,331,507,454,125,204,273,416,53,477,68
165,8,16,352,302,24,141,180,495,411,379,21
165,9,182,124,192,461,223,495,368,165,102,224
165,10,366,213,148,243,107,489,295,323,465,14
165,11,332,464,49,104,351,254,475,180,100,160
165,12,80,238,315,151,46,130,40,450,356,274
165,13,16,435,184,253,334,179,154,449,92,401
165,14,387,441,324,502,391,191,56,95,260,115
165,15,245,352,187,481,98,218,65,15,30,241
165,16,260,153,294,123,135,322,453,501,378,70
165,17,459,418,382,449,201,190,116,288,30,282
165,18,419,167,144,153,467,135,119,114,309,169
165,19,362,297,107,11,9,401,39,204,471,307
165,20,490,373,51,216,311,355,44,478,101,319
165,21,288,260,227,283,144,259,237,233,327,457
165,22,6,363,458,234,97,492,147,108,508,484
165,23,387,58,394,222,341,143,368,353,134,247
165,24,431,55,216,225,508,88,290,6,186,92
165,25,211,69,263,267,499,420,418,410,193,373
165,26,282,381,374,234,453,89,290,437,303,365
165,27,220,311,392,239,176,434,13,377,33,443
165,28,440,161,347,139,418,94,80,176,125,2
165,29,179,449,334,416,45,460,411,17,401,364
165,30,115,437,324,56,391,441,404,277,258,153
165,31,245,352,98,241,508,481,15,138,135,81
165,32,153,294,482,260,17,240,123,143,131,45
165,33,442,303,223,459,432,394,443,401,193,215
165,34,242,419,407,179,334,440,256,432,196,151
165,35,24,362,384,330,222,510,112,421,292,333
165,36,327,478,349,189,278,440,332,504,218,244
165,37,288,151,144,423,382,324,135,142,420,314
165,38,6,458,234,363,53,342,456,271,508,147
165,39,387,341,222,58,143,393,247,6,394,167
165,40,456,262,16,233,499,141,29,352,281,44
165,41,439,61,272,29,415,334,80,427,432,62
165,42,291,33,131,186,364,386,484,319,268,95
165,43,284,342,79,220,427,497,161,164,359,126
165,44,350,232,49,76,74,352,103,339,199,213
165,45,481,168,220,324,496,493,306,357,437,226
165,46,357,290,80,383,374,12,505,403,112,232
165,47,399,301,4,206,496,310,246,384,509,235
166,0,308,67,53,49,70,42,322,327,95,164
166,1,21,259,409,64,443,78,1,453,390,94
166,2,337,39,179,431,396,173,41,344,74,471
166,3,500,259,494,481,262,470,51,367,399,309
166,4,293,50,122,264,432,64,221,116,442,19
166,5,380,502,252,506,484,300,165,362,359,358
166,6,60,306,81,464,395,184,295,242,501,330
166,7,12,319,392,493,498,32,272,355,497,47
166,8,406,294,96,194,203,42,72,40,188,413
166,9,449,88,434,188,284,360,79,322,386,331
166,10,200,382,461,420,504,325,4,228,255,57
166,11,20,484,504,316,62,355,285,61,445,472
166,12,8,447,446,200,188,325,500,386,142,328
166,13,410,112,452,132,149,262,96,165,476,492
166,14,430,489,329,273,398,335,499,62,331,137
166,15,315,105,418,186,371,506,25,33,442,287
166,16,169,243,192,275,272,446,475,50,479,142
166,17,486,71,136,374,317,325,504,321,426,234
166,18,261,441,46,87,269,325,88,174,376,411
166,19,509,275,480,133,454,233,15,342,377,234
166,20,121,255,30,217,39,137,163,114,338,502
166,21,85,501,377,118,248,257,10,25,506,280
166,22,140,12,235,83,493,501,90,54,134,438
166,23,356,272,32,334,495,450,27,42,233,104
166,24,40,46,142,441,393,262,42,107,344,294
166,25,79,20,26,331,449,90,88,384,430,360
166,26,200,504,368,66,454,28,461,243,495,319
166,27,484,20,258,355,296,253,68,340,62,397
166,28,446,8,261,325,283,156,200,332,433,447
166,29,112,60,410,160,291,34,33,37,347,342
166,30,278,231,94,329,150,65,124,106,408,116
166,31,18,463,491,32,13,134,494,22,159,487
166,32,429,400,401,391,169,409,201,92,454,344
166,33,10,325,304,246,480,334,71,321,462,137
166,34,441,261,269,411,325,87,120,88,302,375
166,35,275,480,302,457,260,133,385,28,106,234
166,36,137,114,453,267,105,502,163,210,321,121
166,37,501,257,118,377,506,254,36,248,304,85
166,38,12,140,235,256,493,232,190,501,90,83
166,39,285,469,83,505,167,375,496,272,42,107
166,40,449,290,448,398,309,304,141,50,281,459
166,41,511,214,148,170,217,310,355,47,377,65
166,42,298,211,142,210,86,357,415,174,151,352
166,43,417,333,505,358,346,306,502,331,497,124
166,44,214,193,480,285,324,174,387,296,156,123
166,45,302,382,239,133,235,241,37,424,223,227
166,46,48,383,471,207,80,119,5,129,177,31
166,47,206,79,50,301,360,120,122,378,246,438
167,0,206,450,110,498,231,484,241,325,1,431
167,1,453,259,470,142,21,443,484,328,468,409
167,2,291,179,396,282,424,259,242,269,331,350
167,3,124,188,399,113,217,367,470,500,87,379
167,4,342,125,279,153,122,50,453,84,95,257
167,5,167,369,502,224,454,138,300,484,503,452
167,6,60,493,306,31,114,395,511,392,223,96
167,7,112,350,344,179,346,58,202,239,8,142
167,8,370,367,40,457,294,163,218,96,105,115
167,9,209,90,141,14,289,449,506,154,142,20
167,10,202,368,495,382,299,506,461,280,200,109
167,11,484,20,273,296,137,163,418,108,5,397
167,12,325,8,433,265,446,297,332,283,386,156
167,13,112,91,160,410,250,273,387,442,290,357
167,14,441,32,377,439,53,269,14,95,506,274
167,15,459,510,352,30,245,508,65,241,501,81
167,16,153,482,123,324,226,175,470,17,348,220
167,17,284,174,116,215,109,303,218,86,0,201
167,18,419,179,358,361,467,300,137,100,153,501
167,19,510,24,44,412,27,99,421,440,153,292
167,20,474,133,440,395,157,189,204,397,14,97
167,21,288,243,257,41,280,501,445,80,168,69
167,22,12,6,203,271,450,402,312,372,237,256
167,23,387,341,6,508,147,58,247,245,143,222
167,24,370,186,468,270,216,249,325,197,292,507
167,25,420,263,211,213,299,249,307,195,363,410
167,26,112,332,56,279,301,317,381,290,453,419
167,27,110,258,33,153,392,195,117,178,496,446
167,28,315,264,80,2,448,456,420,290,51,281
167,29,334,455,179,17,411,297,119,461,266,14
167,30,183,56,277,130,293,333,419,437,78,160
167,31,508,245,65,352,98,81,281,30,433,135
167,32,482,153,225,505,260,324,17,175,300,306
167,33,284,74,364,178,199,379,111,218,387,121
167,34,419,239,325,269,441,308,268,100,261,375
167,35,457,275,234,106,302,233,342,372,385,133
167,36,137,105,114,267,453,456,321,210,502,163
167,37,501,257,254,377,243,304,128,280,118,506
167,38,256,12,170,235,237,232,271,402,393,501
167,39,285,83,469,505,167,42,272,107,496,375
167,40,449,290,398,141,448,304,281,106,459,280
167,41,511,148,214,170,217,363,310,47,19,65
167,42,211,298,142,210,415,86,357,174,466,310
167,43,417,333,346,358,505,124,306,448,502,497
167,44,214,193,480,290,285,462,123,322,505,156
167,45,382,302,223,133,260,424,239,338,37,47
167,46,48,207,177,471,5,51,119,129,370,23
167,47,360,79,324,218,119,147,246,137,36,272
168,0,88,333,261,194,227,169,83,214,331,90
168,1,453,70,178,306,15,400,206,248,259,67
168,2,179,242,453,130,323,365,331,12,244,5
168,3,259,114,481,226,158,278,457,436,351,452
168,4,162,31,120,108,474,300,236,139,61,171
168,5,397,178,503,277,217,287,403,412,359,316
168,6,511,128,363,369,386,465,167,355,351,504
168,7,384,204,454,311,102,127,17,179,507,53
168,8,271,180,495,24,120,352,494,80,379,16
168,9,182,223,192,147,124,411,7,461,27,224
168,10,148,295,32,241,323,213,243,366,318,221
168,11,454,191,351,160,254,332,104,275,409,465
168,12,80,297,300,238,315,356,489,274,450,325
168,13,334,449,179,445,435,365,154,401,483,253
168,14,191,387,56,502,324,46,260,238,441,391
168,15,187,275,112,252,65,481,195,218,245,500
168,16,123,153,43,226,501,294,135,276,249,195
168,17,357,116,382,418,459,25,144,201,190,288
168,18,419,467,153,144,179,167,358,300,352,309
168,19,401,190,122,362,397,238,412,107,39,149
168,20,373,490,204,319,44,220,311,51,504,223
168,21,288,260,362,168,237,45,332,37,243,457
168,22,12,6,285,203,351,322,466,271,256,147
168,23,58,452,341,490,68,143,179,387,291,134
168,24,34,92,431,225,288,440,219,70,89,193
168,25,36,499,211,163,404,137,333,373,50,193
168,26,381,239,368,461,44,249,200,439,6,165
168,27,304,311,477,360,393,258,350,392,479,420
168,28,197,446,139,248,90,133,200,477,211,356
168,29,112,34,60,410,37,185,160,407,81,248
168,30,441,499,278,329,377,274,95,65,414,14
168,31,18,463,491,159,13,494,134,32,487,314
168,32,400,429,191,409,391,369,169,401,92,215
168,33,8,325,304,194,71,433,109,195,259,136
168,34,441,239,261,269,228,325,308,411,119,419
168,35,457,480,275,446,455,302,260,133,342,106
168,36,267,105,137,114,163,161,453,210,39,502
168,37,501,257,254,377,243,118,506,280,85,36
168,38,256,12,501,402,490,232,285,272,271,127
168,39,285,505,469,83,167,272,375,42,107,97
168,40,449,290,448,398,141,309,336,50,281,436
168,41,511,148,214,170,47,217,74,355,423,310
168,42,298,211,142,210,415,86,357,174,450,352
168,43,333,417,358,505,497,306,421,149,502,117
168,44,214,193,480,285,123,322,290,324,296,174
168,45,382,302,133,260,223,37,235,227,424,338
168,46,48,388,207,177,5,51,23,370,129,119
168,47,272,324,414,119,218,137,246,147,36,451
169,0,253,120,328,291,53,451,145,67,49,38
169,1,44,89,131,138,431,324,496,20,67,220
169,2,445,69,179,22,394,431,134,417,421,351
169,3,62,173,324,78,24,235,217,356,379,70
169,4,334,167,214,8,231,295,65,432,105,505
169,5,111,245,280,452,306,102,449,492,506,429
169,6,114,428,457,210,464,184,171,306,398,387
169,7,344,142,348,368,304,411,179,508,296,338
169,8,367,163,488,439,218,295,457,370,14,65
169,9,90,289,209,55,20,288,141,511,473,133
169,10,69,109,121,114,389,271,455,278,292,319
169,11,23,360,384,434,386,215,211,409,389,68
169,12,325,352,185,442,386,130,433,66,489,176
169,13,248,198,135,279,442,60,249,81,357,112
169,14,280,377,385,499,338,95,441,244,417,274
169,15,463,18,491,13,494,32,506,134,487,318
169,16,401,391,169,452,181,409,429,400,32,346
169,17,325,71,504,486,8,126,198,311,404,340
169,18,411,509,228,111,33,47,29,402,157,403
169,19,260,275,342,480,56,309,446,161,45,457
169,20,39,267,255,163,137,114,30,210,105,248
169,21,254,501,128,377,451,200,506,36,85,194
169,22,232,501,425,402,257,13,285,272,399,493
169,23,285,505,469,375,167,337,83,496,107,320
169,24,218,367,446,439,457,105,354,488,370,65
169,25,20,90,291,209,289,183,55,325,164,511
169,26,292,109,69,455,121,114,278,450,263,319
169,27,20,331,68,484,23,382,253,340,386,465
169,28,325,145,505,1,446,185,433,283,366,110
169,29,198,135,442,248,279,151,175,112,33,4
169,30,377,95,150,280,499,338,231,408,441,385
169,31,18,463,491,134,13,318,32,159,71,494
169,32,429,401,400,391,169,452,409,309,346,132
169,33,325,8,71,480,441,404,109,311,504,304
169,34,411,33,402,509,228,240,353,47,258,221
169,35,275,260,480,81,372,446,457,45,342,368
169,36,39,225,267,137,30,114,255,131,217,210
169,37,243,254,501,451,128,372,306,85,200,290
169,38,232,501,402,425,217,285,13,438,504,54
169,39,285,505,469,167,375,496,356,83,337,42
169,40,448,309,290,449,61,86,50,472,152,436
169,41,214,482,148,511,27,355,440,443,457,402
169,42,298,357,165,415,154,162,496,328,6,383
169,43,333,417,505,494,358,418,476,331,85,1
169,44,193,407,184,296,123,397,396,106,116,119
169,45,241,302,269,443,280,316,451,233,382,229
169,46,31,68,384,48,296,257,426,458,206,279
169,47,3,128,342,484,246,153,242,345,413,408
170,0,342,328,52,434,232,370,322,27,308,386
170,1,486,220,44,324,20,103,89,10,138,390
170,2,445,123,179,69,417,394,134,145,22,190
170,3,173,62,356,24,324,78,235,17,32,217
170,4,214,8,231,167,334,105,424,64,505,90
170,5,111,452,102,245,306,280,380,429,394,328
170,6,398,457,464,114,210,115,171,184,172,238
170,7,142,159,411,296,344,355,304,368,152,389
170,8,367,439,488,457,163,65,370,295,14,105
170,9,90,55,289,20,141,209,183,288,109,511
170,10,109,121,143,292,263,374,236,202,455,160
170,11,23,434,386,492,331,124,409,215,231,185
170,12,325,216,24,185,23,189,1,141,433,2
170,13,198,175,442,135,224,357,309,279,453,249
170,14,150,95,377,338,441,187,385,420,1,341
170,15,491,18,463,13,134,32,396,487,494,39
170,16,401,391,452,169,400,181,309,409,282,32
170,17,325,235,71,504,8,404,365,398,187,304
170,18,402,411,228,119,442,509,357,240,33,351
170,19,260,342,480,446,309,81,275,378,509,222
170,20,30,39,163,407,491,255,210,225,267,248
170,21,134,53,85,302,286,264,297,254,398,235
170,22,232,425,332,438,83,501,400,13,18,504
170,23,285,375,505,469,480,167,496,21,299,83
170,24,367,457,446,439,105,218,14,204,370,488
170,25,183,90,20,55,11,511,289,459,141,291
170,26,292,109,114,121,455,69,263,280,202,49
170,27,331,23,386,231,20,120,434,465,253,68
170,28,1,325,24,433,185,174,461,456,200,130
170,29,198,175,135,442,33,224,333,43,156,309
170,30,150,377,1,338,187,95,244,385,420,441
170,31,18,463,134,491,13,32,318,71,487,159
170,32,401,400,452,429,391,282,309,169,409,92
170,33,8,325,235,441,476,493,504,227,311,404
170,34,402,411,240,228,442,357,509,33,408,258
170,35,260,368,81,372,480,342,397,52,446,275
170,36,30,39,225,142,246,491,481,267,255,131
170,37,85,134,243,254,96,53,264,302,290,27
170,38,232,217,425,83,438,501,332,128,90,314
170,39,285,375,480,505,469,314,242,21,372,45
170,40,428,449,448,231,295,309,200,50,336,237
170,41,482,214,376,148,443,219,47,213,178,391
170,42,165,217,298,496,388,466,357,413,74,348
170,43,331,333,505,472,117,374,291,502,196,45
170,44,296,395,279,331,282,462,193,141,227,48
170,45,152,364,226,302,269,186,238,325,248,173
170,46,31,333,383,346,384,230,33,25,458,32
170,47,254,79,445,484,242,301,374,3,478,403
171,0,88,83,214,169,380,333,165,109,261,194
171,1,486,466,206,70,349,389,158,356,74,315
171,2,259,179,312,424,214,95,331,123,114,130
171,3,113,188,310,379,335,217,399,32,235,65
171,4,257,496,35,453,233,325,27,202,122,309
171,5,452,171,250,294,236,436,380,1,326,297
171,6,398,464,59,114,457,352,184,210,326,149
171,7,142,355,159,411,378,81,372,500,497,338
171,8,367,14,105,295,457,65,294,439,446,488
171,9,90,20,14,79,141,55,382,209,289,459
171,10,121,114,285,109,202,263,455,279,292,274
171,11,331,23,120,185,45,7,124,386,273,409
171,12,325,283,433,174,488,366,386,185,288,200
171,13,135,198,175,55,442,375,240,248,279,357
171,14,150,231,105,420,385,338,455,186,94,175
171,15,491,13,18,134,193,396,487,383,32,463
171,16,391,400,201,169,401,452,309,32,245,429
171,17,325,8,504,387,211,191,252,112,187,285
171,18,411,273,402,405,240,111,443,496,334,116
171,19,454,480,342,378,372,246,468,509,81,269
171,20,30,39,456,225,407,88,142,248,210,15
171,21,293,243,130,379,418,165,469,46,53,267
171,22,496,217,134,18,139,34,425,233,406,371
171,23,285,469,375,480,505,83,334,372,42,423
171,24,14,367,11,46,370,325,295,210,509,439
171,25,90,14,141,20,459,11,506,68,382,511
171,26,109,114,26,279,280,23,222,249,462,238
171,27,23,331,465,350,231,287,253,141,163,75
171,28,433,356,1,94,101,185,505,308,386,242
171,29,461,154,181,347,362,302,169,222,43,304
171,30,231,377,150,276,338,162,269,274,154,155
171,31,18,463,491,388,134,32,159,314,375,283
171,32,400,429,438,191,201,108,369,12,401,391
171,33,8,97,325,148,331,211,18,237,410,81
171,34,419,153,407,272,116,179,119,373,454,348
171,35,262,342,480,372,368,257,292,375,455,341
171,36,327,9,173,388,445,349,267,41,130,289
171,37,288,79,69,503,243,58,413,376,326,113
171,38,6,458,299,53,89,342,36,496,234,226
171,39,469,505,285,42,375,45,53,480,356,161
171,40,436,336,198,290,398,231,50,170,416,95
171,41,148,169,375,482,303,146,149,213,511,19
171,42,222,211,92,65,450,61,296,186,285,405
171,43,219,117,511,505,333,243,65,369,101,149
171,44,350,76,407,213,364,285,361,288,193,188
171,45,220,481,158,168,296,302,143,324,370,85
171,46,357,290,374,274,346,230,85,375,438,224
171,47,122,301,478,399,95,242,206,55,398,310
172,0,506,396,453,45,381,215,509,188,124,484
172,1,49,201,349,506,234,25,282,356,166,472
172,2,259,114,331,12,242,53,11,489,179,453
172,3,213,158,436,481,298,259,457,114,109,351
172,4,206,373,202,153,122,451,478,70,484,243
172,5,436,209,294,250,438,189,237,44,314,171
172,6,398,223,464,485,493,111,352,210,152,490
172,7,142,445,411,498,144,303,183,26,159,452
172,8,65,367,295,294,14,498,457,370,439,488
172,9,14,55,141,90,459,511,259,20,382,205
172,10,109,249,280,32,202,462,100,160,119,506
172,11,23,231,409,178,434,215,452,438,211,159
172,12,356,489,308,433,130,462,185,1,386,90
172,13,91,16,224,442,290,302,154,265,2,24
172,14,441,269,274,377,338,14,439,470,95,231
172,15,510,491,193,459,487,18,463,32,13,494
172,16,191,201,87,394,400,409,215,505,181,429
172,17,331,325,83,8,285,187,132,195,136,494
172,18,238,436,119,419,501,179,228,358,334,407
172,19,342,309,260,222,257,308,9,307,52,446
172,20,214,488,349,453,508,30,210,94,9,262
172,21,453,243,440,497,113,144,36,126,283,26
172,22,402,378,450,237,492,496,217,458,413,6
172,23,83,505,469,107,285,375,167,376,42,134
172,24,370,325,65,11,498,367,488,14,439,163
172,25,511,90,55,459,205,259,382,289,141,288
172,26,249,366,119,32,280,419,332,109,282,92
172,27,23,84,141,75,36,485,78,511,211,350
172,28,433,462,356,189,48,94,32,90,290,147
172,29,461,154,84,302,457,224,280,334,222,362
172,30,155,377,231,269,302,212,99,154,274,470
172,31,491,32,18,193,463,459,388,314,37,510
172,32,191,400,429,424,369,215,10,465,394,201
172,33,285,83,8,331,97,296,442,187,325,148
172,34,238,407,436,179,419,57,153,414,213,343
172,35,308,262,455,123,292,92,286,142,483,356
172,36,327,508,9,214,94,64,163,41,488,349
172,37,288,48,440,69,226,58,271,128,413,119
172,38,6,36,299,234,97,374,226,508,402,170
172,39,294,297,42,161,205,285,228,505,302,107
172,40,336,290,106,198,122,281,449,50,436,398
172,41,170,169,303,148,499,314,358,29,146,90
172,42,211,62,386,23,268,105,59,403,394,415
172,43,149,511,412,505,117,427,426,65,256,458
172,44,350,103,224,492,194,156,285,427,76,273
172,45,324,143,134,481,104,302,158,114,401,3
172,46,357,290,274,280,374,325,323,334,156,448
172,47,301,399,122,55,143,332,156,209,292,478
173,0,419,70,411,91,448,58,483,106,122,283
173,1,232,387,234,409,443,282,184,63,260,136
173,2,429,288,489,114,130,11,409,425,331,259
173,3,369,167,258,22,148,394,304,149,39,382
173,4,206,153,23,463,95,501,122,320,219,297
173,5,181,484,189,434,314,300,171,356,438,441
173,6,398,404,464,409,482,326,227,198,493,352
173,7,372,161,330,13,272,445,159,98,230,500
173,8,96,206,33,213,294,344,46,113,473,390
173,9,236,233,240,376,360,275,216,210,292,20
173,10,285,28,158,66,57,337,202,110,278,264
173,11,0,504,45,340,253,355,316,62,20,120
173,12,199,283,149,200,488,389,373,187,201,386
173,13,164,72,452,20,33,357,55,135,361,279
173,14,189,105,31,430,327,455,106,385,117,335
173,15,418,25,317,186,243,303,347,342,96,442
173,16,272,446,223,382,490,243,424,346,401,321
173,17,225,191,476,486,504,311,373,126,227,471
173,18,273,376,397,404,411,174,87,489,121,297
173,19,454,509,109,23,342,368,310,299,276,360
173,20,40,458,30,240,39,248,131,225,407,16
173,21,96,10,293,338,420,342,243,205,418,134
173,22,134,217,235,61,234,26,457,411,173,70
173,23,446,498,334,372,450,465,470,126,42,236
173,24,473,46,113,96,107,80,72,33,300,477
173,25,303,360,240,27,26,291,462,236,164,495
173,26,285,420,66,28,57,259,274,367,114,506
173,27,0,355,253,258,268,45,332,69,397,477
173,28,283,433,500,488,386,149,199,200,156,94
173,29,33,347,333,135,496,164,407,504,72,353
173,30,94,231,105,150,117,31,106,434,169,374
173,31,18,134,418,19,25,199,383,491,32,311
173,32,337,429,506,424,446,282,391,61,400,92
173,33,476,191,508,378,257,386,93,319,227,504
173,34,397,376,302,174,423,297,272,411,87,433
173,35,310,23,299,368,155,372,348,276,509,173
173,36,217,24,236,121,296,102,240,131,145,30
173,37,96,84,420,10,134,422,243,29,85,332
173,38,235,457,359,172,347,134,90,341,312,299
173,39,274,452,290,242,194,323,236,477,388,72
173,40,60,270,86,420,309,209,229,317,34,300
173,41,391,440,77,443,219,356,178,495,302,51
173,42,241,231,153,8,84,14,496,183,506,107
173,43,44,91,85,11,385,237,163,508,472,48
173,44,76,362,438,228,202,131,0,399,199,207
173,45,220,25,186,379,158,233,231,356,440,11
173,46,80,374,67,232,383,85,219,346,52,24
173,47,206,301,242,398,50,310,496,442,318,403
174,0,450,206,419,110,431,484,231,58,463,144
174,1,453,15,46,201,35,374,275,145,461,232
174,2,12,242,453,76,291,244,355,117,348,114
174,3,376,259,340,278,481,173,109,114,457,306
174,4,214,12,9,134,240,108,474,193,91,162
174,5,212,347,234,232,277,261,287,342,417,178
174,6,37,139,103,369,71,262,202,249,178,380
174,7,456,507,133,102,423,402,78,149,110,209
174,8,212,290,507,320,50,36,17,65,371,112
174,9,317,263,11,205,288,200,420,511,113,55
174,10,44,374,32,453,366,249,363,365,303,7
174,11,452,223,23,220,211,386,36,438,383,153
174,12,489,151,302,356,225,130,11,45,241,420
174,13,365,154,290,179,435,16,334,401,349,253
174,14,391,56,46,171,414,215,439,491,341,115
174,15,30,65,146,281,76,143,192,275,81,250
174,16,123,153,398,501,309,44,409,324,226,204
174,17,54,284,303,283,463,238,215,174,6,16
174,18,467,352,419,407,358,242,300,209,167,179
174,19,238,40,222,309,221,432,24,455,489,253
174,20,204,327,97,28,26,440,173,133,8,386
174,21,12,106,237,288,168,152,47,402,153,185
174,22,318,363,484,6,145,108,310,378,244,372
174,23,341,143,167,387,297,439,198,160,212,496
174,24,419,355,253,86,50,199,290,369,507,186
174,25,163,263,420,195,317,499,128,337,44,11
174,26,44,307,365,363,143,79,374,197,178,453
174,27,312,177,220,392,170,105,86,429,383,211
174,28,161,420,51,233,302,151,489,264,318,120
174,29,435,365,203,179,89,16,401,154,449,187
174,30,391,46,171,341,85,414,56,1,300,48
174,31,30,143,281,192,76,65,275,402,187,81
174,32,153,123,398,501,409,309,43,226,204,328
174,33,303,54,463,63,429,133,403,284,62,86
174,34,407,467,419,13,106,51,119,379,352,202
174,35,238,309,222,314,40,142,223,364,24,231
174,36,327,8,204,96,440,125,244,318,272,34
174,37,288,417,168,166,106,312,382,241,234,153
174,38,508,421,6,363,299,53,155,147,378,234
174,39,294,297,228,318,302,510,104,392,406,46
174,40,16,439,231,456,499,281,29,205,89,318
174,41,61,439,29,485,486,427,279,415,334,272
174,42,131,291,33,420,218,48,389,77,234,152
174,43,224,126,414,497,406,95,342,458,360,271
174,44,350,76,454,160,336,74,103,49,194,213
174,45,481,453,324,383,72,220,367,233,168,469
174,46,357,290,374,293,346,232,393,417,457,24
174,47,55,445,79,301,496,143,242,122,73,74
175,0,88,333,169,262,83,261,331,194,487,114
175,1,77,70,178,15,256,306,436,338,35,234
175,2,130,12,453,365,114,323,242,244,5,331
175,3,259,114,481,158,278,109,226,351,368,457
175,4,162,139,474,171,31,236,108,451,300,120
175,5,397,277,287,45,467,178,503,359,237,316
175,6,369,167,363,386,465,511,229,223,490,128
175,7,102,507,454,127,384,204,273,311,53,68
175,8,271,24,494,379,180,16,120,495,352,332
175,9,182,124,461,147,224,223,192,74,248,205
175,10,32,249,221,462,109,366,298,119,303,489
175,11,438,23,465,215,178,482,409,452,211,223
175,12,80,315,356,151,238,308,489,241,46,130
175,13,334,179,154,16,253,449,435,2,184,45
175,14,56,387,391,191,441,215,115,200,238,130
175,15,352,245,98,187,481,15,39,218,275,222
175,16,260,153,123,276,482,453,322,294,501,70
175,17,284,459,485,382,303,222,245,201,418,449
175,18,419,467,358,309,153,144,179,300,361,137
175,19,39,412,130,44,362,11,307,86,24,19
175,20,189,311,490,97,409,101,395,478,390,133
175,21,288,259,233,283,30,28,126,152,47,230
175,22,6,363,458,492,53,108,147,508,87,97
175,23,387,58,222,247,68,341,251,368,143,245
175,24,186,216,92,489,270,90,431,305,17,320
175,25,420,211,263,180,499,418,69,267,169,137
175,26,290,44,89,303,234,317,212,414,381,282
175,27,220,105,503,311,110,153,16,178,409,383
175,28,151,94,120,465,355,440,198,448,485,215
175,29,179,334,460,449,455,306,17,411,45,391
175,30,391,277,115,437,293,44,387,56,183,502
175,31,245,508,481,187,352,275,138,293,135,15
175,32,153,482,294,260,276,17,135,45,101,240
175,33,223,442,215,222,245,394,306,144,284,303
175,34,419,179,242,407,153,256,57,309,81,169
175,35,384,421,330,24,510,112,362,70,412,341
175,36,327,349,478,278,160,310,469,474,395,95
175,37,288,440,48,30,181,151,283,94,69,226
175,38,6,363,342,147,234,53,458,407,89,497
175,39,387,341,58,313,368,167,222,143,6,147
175,40,262,16,456,141,290,304,233,281,108,135
175,41,272,229,29,439,80,350,363,334,61,365
175,42,386,291,268,236,33,484,131,23,319,403
175,43,284,346,24,497,44,427,266,246,124,220
175,44,49,232,350,402,352,103,74,505,127,290
175,45,324,496,226,220,37,481,376,64,72,400
175,46,357,290,374,80,85,264,33,67,206,12
175,47,301,122,478,55,496,206,59,399,242,106
176,0,232,70,215,220,456,135,310,453,178,128
176,1,192,409,15,453,484,436,443,148,232,346
176,2,12,114,331,291,323,130,184,501,5,244
176,3,259,481,114,278,89,158,457,351,436,452
176,4,162,139,31,171,236,300,474,108,247,362
176,5,277,316,397,467,178,45,287,217,359,503
176,6,465,386,369,511,122,229,363,351,414,355
176,7,204,384,454,102,507,127,53,416,311,68
176,8,352,411,16,180,271,379,24,332,495,494
176,9,248,192,182,461,223,124,224,147,165,74
176,10,32,366,119,198,27,322,249,462,213,7
176,11,211,438,482,33,126,436,177,465,223,23
176,12,238,80,356,151,315,46,489,40,139,11
176,13,435,365,154,401,483,179,330,200,16,290
176,14,56,68,115,324,46,387,391,130,93,502
176,15,65,245,356,352,241,81,275,187,220,503
176,16,123,153,324,334,470,127,482,294,501,204
176,17,215,16,284,216,193,190,442,463,222,116
176,18,419,467,309,502,358,167,153,407,179,114
176,19,412,253,440,282,24,399,238,307,19,464
176,20,28,310,93,504,437,178,192,373,204,459
176,21,288,168,181,402,106,152,283,438,237,185
176,22,6,380,363,378,492,55,458,484,406,53
176,23,341,143,58,387,449,30,245,188,166,394
176,24,186,427,161,112,50,459,508,331,199,253
176,25,262,408,211,63,242,460,195,373,69,263
176,26,234,317,365,293,218,282,29,143,8,217
176,27,392,220,377,33,389,312,193,383,233,168
176,28,46,152,249,11,494,216,151,51,2,417
176,29,179,334,40,384,253,435,246,449,241,36
176,30,292,98,153,437,56,428,37,283,240,301
176,31,65,81,241,220,30,503,245,15,187,275
176,32,153,294,470,123,176,226,482,21,204,220
176,33,463,215,16,90,193,442,401,303,218,25
176,34,407,280,151,419,179,134,216,213,220,242
176,35,147,223,24,253,431,113,70,412,399,307
176,36,327,8,349,437,180,65,192,310,45,125
176,37,288,119,417,226,32,168,166,440,298,106
176,38,6,372,421,380,94,234,508,342,419,170
176,39,341,387,143,212,167,58,185,228,46,490
176,40,16,499,74,29,352,165,233,231,130,502
176,41,439,272,485,415,410,61,330,204,279,196
176,42,48,122,75,420,390,59,65,389,95,299
176,43,477,224,406,243,83,497,126,483,342,120
176,44,303,350,336,466,73,74,458,49,103,6
176,45,39,481,324,176,307,154,346,498,457,306
176,46,357,290,80,383,393,374,274,280,298,441
176,47,301,399,55,143,122,433,496,156,209,478
177,0,70,91,419,106,107,448,232,302,411,133
177,1,409,443,453,21,15,444,232,282,259,484
177,2,471,282,331,130,179,323,41,489,119,12
177,3,158,304,114,481,457,351,436,89,259,167
177,4,300,139,297,162,484,153,108,377,451,31
177,5,397,503,403,359,277,287,178,412,316,217
177,6,330,395,369,198,511,227,432,363,96,97
177,7,477,102,127,507,273,384,68,454,204,331
177,8,16,24,344,352,141,302,180,379,411,120
177,9,124,224,182,223,275,461,192,368,147,165
177,10,243,249,32,280,506,107,489,366,27,109
177,11,211,332,350,482,215,49,511,23,226,270
177,12,130,356,238,40,450,297,80,315,150,489
177,13,16,184,154,417,290,22,288,91,312,302
177,14,441,269,95,439,80,377,274,14,268,181
177,15,487,193,491,13,98,119,392,343,30,352
177,16,260,505,181,245,409,196,201,391,282,482
177,17,132,331,102,398,259,457,325,164,442,187
177,18,119,484,401,349,407,419,357,228,238,442
177,19,362,222,9,384,138,147,457,353,446,308
177,20,349,202,327,105,284,230,468,123,488,214
177,21,288,144,440,373,185,283,243,123,278,47
177,22,6,36,399,458,378,217,55,363,380,450
177,23,83,107,313,285,353,167,103,368,199,496
177,24,163,355,370,488,280,422,345,439,204,11
177,25,183,55,90,141,14,511,209,289,259,302
177,26,366,365,311,109,32,119,421,299,379,152
177,27,215,126,211,256,310,86,511,178,438,412
177,28,436,302,189,11,281,356,494,185,318,327
177,29,435,2,321,144,250,302,508,16,154,411
177,30,441,420,269,439,213,95,268,274,14,377
177,31,491,13,487,231,193,119,18,396,510,463
177,32,505,181,169,31,260,409,391,191,429,500
177,33,325,331,164,442,187,132,67,39,44,102
177,34,407,278,179,401,349,442,119,39,69,482
177,35,222,362,480,308,359,147,138,40,309,364
177,36,327,349,202,148,284,136,29,94,453,430
177,37,373,144,166,440,288,226,71,393,327,336
177,38,6,147,421,234,363,123,399,302,36,116
177,39,294,297,228,302,77,215,510,115,318,454
177,40,290,304,106,281,141,118,388,198,103,262
177,41,335,511,501,363,283,508,415,90,93,156
177,42,386,84,55,59,483,364,426,442,147,268
177,43,346,34,412,423,360,175,156,511,149,18
177,44,350,76,290,213,505,402,207,194,365,107
177,45,481,168,223,220,199,356,188,451,296,33
177,46,357,290,383,80,374,346,33,112,496,285
177,47,301,206,399,496,55,4,478,310,96,350
178,0,116,70,248,393,206,457,23,96,219,166
178,1,409,443,21,453,15,148,259,388,12,107
178,2,350,41,323,331,12,337,396,471,489,232
178,3,89,114,259,226,351,457,452,436,481,158
178,4,162,297,300,11,171,377,451,139,31,61
178,5,397,503,277,287,178,316,403,359,467,412
178,6,369,60,284,511,465,167,386,363,355,198
178,7,127,204,384,454,102,477,507,68,416,53
178,8,352,180,271,332,379,495,120,411,24,16
178,9,182,124,223,224,147,192,461,74,248,7
178,10,213,243,318,249,241,462,14,295,148,323
178,11,332,104,464,351,475,254,191,454,160,23
178,12,450,490,329,433,81,40,385,297,386,196
178,13,184,16,154,22,366,364,179,288,417,91
178,14,441,268,14,269,274,370,80,439,32,294
178,15,491,487,510,119,13,193,459,365,61,32
178,16,409,260,169,87,282,424,500,344,181,245
178,17,325,442,187,285,71,259,410,404,234,304
178,18,419,358,153,57,238,484,407,357,114,119
178,19,362,9,457,446,480,384,257,222,188,275
178,20,114,105,453,137,395,151,230,349,490,101
178,21,457,324,501,288,440,506,140,243,369,133
178,22,6,257,458,234,203,492,217,147,54,22
178,23,83,285,97,299,167,107,256,321,103,496
178,24,367,488,163,105,197,199,457,294,14,204
178,25,209,141,90,55,109,289,20,79,183,511
178,26,109,160,282,64,143,374,366,121,390,32
178,27,409,215,434,231,331,20,392,384,467,178
178,28,185,325,189,24,315,274,461,494,36,216
178,29,334,179,442,46,449,2,45,43,362,215
178,30,150,276,441,274,95,269,377,499,385,281
178,31,119,13,491,487,510,365,463,32,27,30
178,32,409,169,452,181,260,282,245,500,344,87
178,33,325,304,494,222,340,480,71,331,188,306
178,34,153,358,419,407,179,57,411,357,39,228
178,35,106,480,457,275,257,362,234,446,454,372
178,36,114,453,105,137,327,395,39,508,131,278
178,37,288,501,506,243,324,280,489,387,309,457
178,38,6,217,237,420,9,314,456,234,32,323
178,39,167,321,83,285,97,299,318,103,272,469
178,40,304,290,398,262,495,141,281,214,310,98
178,41,511,214,310,363,170,228,501,191,410,120
178,42,142,86,415,298,319,183,51,207,24,290
178,43,346,417,333,124,502,24,44,448,85,245
178,44,214,290,505,350,76,402,199,480,358,156
178,45,223,424,382,226,241,37,220,338,186,168
178,46,357,48,290,85,207,490,383,129,374,67
178,47,399,301,433,310,478,96,496,242,296,414
179,0,242,179,197,16,42,49,184,53,43,428
179,1,21,259,409,443,64,12,94,484,426,78
179,2,337,396,39,35,41,173,316,164,179,448
179,3,262,494,58,70,391,367,51,265,41,433
179,4,432,293,64,116,412,65,436,264,376,21
179,5,165,186,222,380,120,107,506,132,351,22
179,6,60,306,36,295,464,330,141,81,0,395
179,7,12,392,338,359,169,355,47,61,244,493
179,8,258,96,262,66,220,423,375,295,133,164
179,9,499,404,79,456,134,20,372,133,409,103
179,10,258,353,110,235,263,382,442,474,292,347
179,11,62,2,403,295,253,5,120,73,458,66
179,12,447,411,64,240,109,386,5,393,487,503
179,13,149,13,333,182,33,262,357,111,11,504
179,14,184,469,453,209,237,62,409,79,434,359
179,15,380,383,311,418,343,222,65,295,110,218
179,16,61,275,70,424,223,263,453,168,125,243
179,17,418,41,476,486,257,247,38,232,315,194
179,18,258,174,139,46,88,60,172,360,271,140
179,19,299,369,348,509,296,276,166,290,335,360
179,20,24,480,274,458,82,165,236,248,367,416
179,21,84,85,499,152,267,342,20,10,420,472
179,22,140,85,134,54,173,233,70,204,338,90
179,23,450,194,19,407,27,36,483,470,334,452
179,24,390,80,473,46,203,484,220,96,423,95
179,25,360,384,26,27,381,172,303,164,450,495
179,26,235,334,110,4,47,510,475,474,200,57
179,27,62,458,0,98,221,47,285,253,355,225
179,28,447,188,5,386,500,270,94,373,8,201
179,29,361,347,13,406,149,33,496,182,86,158
179,30,62,209,184,208,217,237,339,169,469,94
179,31,418,25,383,343,199,19,311,347,32,186
179,32,424,61,70,506,429,419,446,7,125,168
179,33,476,423,418,257,508,41,317,232,247,384
179,34,139,302,174,258,60,456,271,46,292,424
179,35,348,299,23,276,369,296,312,335,386,417
179,36,24,458,274,480,102,217,142,131,236,82
179,37,84,270,218,420,290,29,42,165,20,109
179,38,140,85,83,338,5,134,493,233,173,204
179,39,82,480,285,452,295,495,375,274,464,21
179,40,428,309,449,209,49,127,181,291,200,21
179,41,356,390,219,495,129,376,496,50,244,88
179,42,19,285,305,165,74,162,296,51,14,102
179,43,234,363,476,54,163,237,279,385,332,443
179,44,57,415,312,110,325,248,397,438,141,262
179,45,32,220,408,262,416,484,218,237,452,25
179,46,346,374,232,80,434,67,286,342,349,362
179,47,206,398,242,50,496,64,186,120,228,442
180,0,206,450,110,498,231,325,484,1,241,166
180,1,453,259,443,470,21,400,67,484,82,19
180,2,396,291,179,71,331,193,282,12,228,259
180,3,87,367,188,124,500,496,113,115,399,164
180,4,125,218,153,453,279,342,442,50,189,11
180,5,302,484,132,502,228,438,314,115,167,107
180,6,60,306,31,392,330,36,295,424,479,364
180,7,221,350,126,497,263,319,493,202,17,109
180,8,423,96,367,101,295,262,294,95,395,46
180,9,377,449,90,20,134,79,499,82,459,130
180,10,324,202,258,382,506,353,115,319,263,461
180,11,403,2,125,161,73,253,120,315,295,316
180,12,5,362,97,386,265,200,197,234,8,156
180,13,149,111,126,479,182,164,37,357,158,82
180,14,426,184,123,53,105,349,32,366,17,120
180,15,510,487,491,119,193,459,71,105,352,167
180,16,409,260,282,245,424,110,201,344,500,87
180,17,325,304,285,306,234,452,410,508,259,272
180,18,419,137,153,407,358,179,57,468,300,501
180,19,384,341,395,446,362,457,421,75,269,9
180,20,395,210,349,409,151,160,490,37,230,214
180,21,288,457,440,324,243,120,169,259,391,230
180,22,6,458,497,97,492,496,55,234,233,378
180,23,493,83,134,316,321,97,285,199,469,73
180,24,197,207,325,370,163,89,204,367,488,239
180,25,141,14,511,504,86,395,55,82,398,302
180,26,280,100,279,160,119,473,153,249,381,332
180,27,409,78,126,384,231,385,434,178,23,120
180,28,48,315,462,264,80,185,94,448,356,290
180,29,334,179,457,46,442,449,467,349,362,261
180,30,441,154,470,99,269,274,200,105,276,385
180,31,510,487,491,459,193,119,30,241,37,13
180,32,201,260,245,191,87,505,409,181,282,415
180,33,285,410,143,325,296,194,71,442,331,508
180,34,407,153,272,179,57,419,188,437,343,438
180,35,362,384,269,359,342,307,257,92,40,414
180,36,349,327,210,39,508,453,151,214,468,114
180,37,288,440,324,58,503,437,336,326,26,338
180,38,6,234,496,217,508,452,458,378,147,117
180,39,297,294,228,77,318,285,302,299,510,406
180,40,290,304,141,281,398,262,106,44,449,456
180,41,170,217,65,310,29,511,335,354,229,363
180,42,132,268,23,105,415,62,236,215,162,386
180,43,346,284,511,417,458,333,149,256,124,506
180,44,350,76,479,213,369,190,167,465,290,427
180,45,481,220,472,168,18,308,226,324,64,280
180,46,357,290,374,346,232,274,85,33,493,369
180,47,79,445,55,242,122,361,143,299,398,496
181,0,88,333,169,194,261,83,227,331,214,109
181,1,453,70,259,67,400,443,178,484,206,469
181,2,179,396,242,130,331,12,282,365,5,193
181,3,367,87,113,304,399,334,349,431,115,188
181,4,11,162,189,218,31,377,141,120,300,108
181,5,397,503,178,359,217,277,287,412,486,64
181,6,511,363,386,369,167,284,125,223,504,351
181,7,384,454,127,102,204,17,416,53,507,273
181,8,271,494,24,180,495,120,352,16,379,302
181,9,182,124,192,223,147,74,224,461,7,209
181,10,366,32,249,109,221,119,107,462,213,298
181,11,23,126,211,215,438,409,482,465,31,379
181,12,489,238,356,315,297,450,197,130,73,362
181,13,154,16,334,184,179,435,365,290,449,302
181,14,441,56,387,200,191,502,130,324,391,269
181,15,481,352,245,65,187,252,30,74,218,275
181,16,153,123,501,260,135,18,276,294,482,453
181,17,418,357,116,382,459,201,284,90,25,238
181,18,419,467,179,153,144,167,502,407,358,114
181,19,238,412,362,190,44,76,307,399,401,427
181,20,373,236,204,176,178,220,490,504,386,28
181,21,288,402,259,438,283,227,168,2,237,45
181,22,6,363,492,55,484,89,458,508,53,442
181,23,341,387,58,179,490,188,452,467,143,134
181,24,92,431,225,34,281,186,270,50,260,216
181,25,69,228,263,499,412,211,163,195,373,36
181,26,369,89,56,59,374,234,100,191,307,453
181,27,383,150,220,14,176,55,311,365,105,432
181,28,355,347,241,315,511,233,2,152,215,80
181,29,179,449,334,460,416,203,45,202,197,266
181,30,428,68,391,115,153,190,287,171,294,24
181,31,352,187,275,252,65,147,247,503,412,420
181,32,153,123,22,43,226,501,294,18,220,94
181,33,116,222,459,223,418,144,455,215,98,25
181,34,153,419,407,179,57,256,467,443,438,309
181,35,412,190,21,112,50,152,401,427,399,53
181,36,327,176,386,28,204,430,189,391,172,311
181,37,288,207,88,330,167,65,477,151,241,326
181,38,6,342,144,53,80,234,94,62,336,497
181,39,341,179,387,490,481,143,166,228,58,212
181,40,499,29,88,16,329,199,130,365,506,353
181,41,61,46,209,468,410,350,210,237,439,199
181,42,268,420,130,75,183,93,48,120,425,165
181,43,233,44,406,17,435,329,83,126,445,386
181,44,350,74,190,103,144,499,459,99,25,213
181,45,324,481,390,154,457,39,176,226,221,250
181,46,357,290,374,219,274,441,286,375,438,55
181,47,143,122,260,242,233,55,301,501,95,416
182,0,87,436,29,143,159,287,449,84,90,268
182,1,204,407,161,364,66,271,399,432,109,339
182,2,229,320,93,46,416,448,149,353,251,40
182,3,511,508,119,87,97,116,431,367,349,346
182,4,492,328,210,183,194,307,248,254,6,403
182,5,307,105,228,208,132,156,392,186,388,88
182,6,303,436,25,434,100,306,205,274,361,424
182,7,240,180,62,82,126,411,34,385,109,391
182,8,95,338,315,96,246,347,424,367,220,218
182,9,112,20,79,82,424,499,134,386,216,276
182,10,324,294,319,42,375,389,57,115,475,461
182,11,403,161,295,315,253,96,70,285,125,2
182,12,197,92,362,5,386,83,359,157,285,355
182,13,293,85,268,182,403,111,219,218,158,285
182,14,17,510,488,339,53,168,312,266,123,482
182,15,34,107,71,215,188,55,362,200,418,330
182,16,230,490,472,32,190,256,36,473,317,177
182,17,482,476,483,393,89,209,486,504,12,257
182,18,329,424,268,456,470,45,140,376,138,9
182,19,290,386,422,488,509,342,335,360,186,128
182,20,503,458,39,274,480,314,24,142,200,82
182,21,84,196,267,342,408,270,158,420,374,403
182,22,5,496,418,85,411,95,217,313,482,326
182,23,483,407,199,189,505,194,318,77,302,126
182,24,370,325,456,463,21,13,181,439,11,282
182,25,14,68,442,96,141,214,286,142,506,80
182,26,213,107,71,280,299,119,471,48,279,506
182,27,49,163,422,84,197,511,211,33,141,492
182,28,290,94,356,489,264,113,63,228,96,421
182,29,184,288,22,411,302,16,50,385,387,154
182,30,212,314,441,233,80,274,14,136,154,32
182,31,22,54,193,375,169,426,68,119,346,459
182,32,429,140,23,74,163,480,91,391,201,58
182,33,365,305,50,389,499,372,398,259,12,470
182,34,119,347,318,26,128,264,49,302,228,357
182,35,362,222,453,426,162,192,446,37,52,357
182,36,243,348,230,485,410,356,16,45,210,7
182,37,324,457,46,150,255,308,5,468,313,418
182,38,41,345,205,284,261,287,75,57,210,30
182,39,323,334,389,285,27,338,356,299,450,215
182,40,138,309,173,354,508,335,262,240,381,172
182,41,354,213,198,368,240,495,231,391,52,275
182,42,272,36,305,215,140,165,315,40,366,70
182,43,388,30,127,332,168,262,48,14,311,385
182,44,397,404,57,454,76,415,468,451,234,106
182,45,213,69,220,181,237,168,379,253,356,103
182,46,445,346,292,53,374,333,85,60,384,362
182,47,79,445,254,242,475,398,120,299,296,302
183,0,261,83,88,333,214,169,111,194,380,165
183,1,70,33,466,449,206,432,315,271,158,497
183,2,416,259,331,150,312,5,46,130,93,245
183,3,304,87,346,367,113,41,431,188,349,309
183,4,189,27,453,233,202,218,492,404,76,35
183,5,88,171,228,250,307,297,132,138,189,392
183,6,186,100,436,308,474,448,108,317,25,303
183,7,82,54,404,34,38,240,180,47,372,342
183,8,315,220,347,96,214,375,338,295,245,95
183,9,20,79,90,424,112,377,134,493,133,82
183,10,324,42,242,294,235,396,136,256,353,475
183,11,403,125,150,2,315,295,96,5,292,1
183,12,355,62,240,292,403,322,386,26,487,74
183,13,182,333,360,33,357,406,459,217,59,341
183,14,453,105,327,430,208,237,79,326,117,417
183,15,418,347,25,186,423,405,317,157,401,474
183,16,223,61,506,446,490,272,424,149,243,142
183,17,476,41,227,257,126,504,209,261,486,272
183,18,456,45,60,382,73,376,286,397,66,204
183,19,77,348,23,236,276,424,296,137,232,345
183,20,503,314,458,480,246,165,248,367,24,357
183,21,84,342,139,267,270,165,152,365,420,403
183,22,5,85,411,134,217,496,430,26,326,335
183,23,194,483,126,470,13,138,236,27,173,204
183,24,21,271,456,24,494,411,302,352,336,282
183,25,96,286,14,442,80,87,68,71,304,398
183,26,213,107,280,366,325,279,471,299,479,422
183,27,33,392,211,9,49,311,177,193,397,477
183,28,94,238,489,46,264,290,90,73,2,28
183,29,179,253,411,334,365,435,58,461,119,184
183,30,37,102,38,441,299,130,269,451,366,301
183,31,30,193,135,420,481,508,220,245,143,241
183,32,505,482,300,245,153,201,272,277,244,404
183,33,90,215,216,132,338,463,480,331,82,58
183,34,407,179,419,493,134,335,39,256,349,272
183,35,393,71,328,167,307,222,147,361,350,309
183,36,486,375,84,349,327,250,110,468,105,439
183,37,288,202,445,390,440,342,314,36,71,95
183,38,6,367,478,234,418,263,91,271,233,496
183,39,107,212,167,143,46,387,157,341,58,328
183,40,106,376,281,16,48,479,231,52,185,290
183,41,63,37,355,335,436,54,217,101,279,185
183,42,420,102,64,215,32,415,263,407,361,213
183,43,254,358,466,360,406,142,373,426,393,346
183,44,325,462,421,285,217,274,190,138,111,124
183,45,178,477,273,133,64,99,324,203,60,382
183,46,357,274,290,142,315,32,85,374,156,69
183,47,122,138,50,478,95,329,398,412,301,229
184,0,506,396,453,45,381,124,509,215,188,484
184,1,49,33,25,201,234,436,449,282,453,472
184,2,416,53,5,331,242,489,453,114,11,12
184,3,213,72,114,448,170,226,298,158,436,481
184,4,206,451,478,162,373,484,189,171,153,70
184,5,397,237,277,287,45,503,359,178,209,467
184,6,369,229,363,167,465,128,474,355,490,386
184,7,102,46,361,384,311,454,204,127,507,273
184,8,379,24,180,271,494,495,332,266,120,456
184,9,223,124,224,182,147,192,461,74,248,165
184,10,32,221,27,107,473,119,249,213,109,366
184,11,126,430,23,137,350,49,511,108,166,482
184,12,450,433,73,356,490,238,489,297,40,81
184,13,184,16,302,154,364,250,417,387,179,22
184,14,56,441,268,130,269,64,80,439,233,97
184,15,352,193,98,508,245,459,39,65,30,392
184,16,482,260,153,123,294,505,476,393,17,204
184,17,284,74,463,215,90,199,383,394,222,306
184,18,419,300,179,467,153,309,358,361,407,57
184,19,510,24,421,129,341,75,384,495,412,440
184,20,474,478,128,349,311,459,189,488,440,2
184,21,288,69,237,12,402,243,152,50,324,94
184,22,6,363,484,55,492,87,378,450,458,97
184,23,387,393,199,58,147,237,308,247,341,508
184,24,370,468,210,186,325,216,163,361,204,489
184,25,420,211,410,363,180,213,44,429,83,299
184,26,290,112,279,332,381,317,456,55,419,507
184,27,153,110,178,195,33,496,220,258,81,336
184,28,264,420,315,448,233,2,80,242,224,50
184,29,455,334,179,17,14,266,227,27,297,169
184,30,183,277,293,441,315,437,56,44,70,130
184,31,245,508,65,352,98,81,392,135,495,15
184,32,482,324,153,175,17,294,260,143,322,123
184,33,284,199,74,111,49,432,178,174,54,379
184,34,419,407,179,57,504,207,153,266,343,65
184,35,510,401,24,333,491,238,151,250,222,246
184,36,327,204,28,128,206,123,440,474,133,11
184,37,288,237,144,168,69,166,267,402,45,448
184,38,6,234,342,363,89,484,91,145,53,94
184,39,297,294,302,318,228,406,77,510,215,291
184,40,456,195,352,16,263,32,262,202,452,141
184,41,272,29,334,229,87,61,427,329,439,324
184,42,131,33,218,291,152,127,386,236,77,186
184,43,220,414,120,284,346,345,266,360,427,276
184,44,350,74,49,352,76,6,454,402,213,441
184,45,481,324,400,168,158,262,226,221,496,418
184,46,357,290,280,374,274,292,438,383,24,85
184,47,399,301,55,332,156,398,152,229,256,496
185,0,419,70,411,91,448,58,483,122,106,283
185,1,232,234,443,387,409,282,33,184,15,153
185,2,429,489,288,130,11,5,471,409,425,184
185,3,369,167,258,304,148,149,382,164,22,210
185,4,206,153,463,189,219,23,462,304,259,218
185,5,181,138,484,356,434,50,314,189,300,40
185,6,100,474,448,186,409,21,424,436,317,432
185,7,372,330,161,342,98,272,138,82,54,13
185,8,96,213,245,344,390,46,203,423,458,214
185,9,233,236,384,240,322,386,216,360,424,292
185,10,333,57,110,235,324,242,475,337,205,28
185,11,285,403,458,316,504,0,1,253,128,490
185,12,199,283,389,187,355,149,201,411,373,240
185,13,182,192,361,111,164,452,20,341,158,476
185,14,117,335,430,169,237,409,417,434,165,469
185,15,418,405,25,203,474,347,173,186,342,113
185,16,506,243,223,270,272,487,446,117,13,262
185,17,476,209,298,243,12,126,486,227,257,262
185,18,376,397,456,273,60,45,99,174,46,286
185,19,77,23,345,276,509,474,103,300,173,360
185,20,248,458,367,503,314,480,30,240,389,165
185,21,96,84,139,420,10,342,403,267,365,450
185,22,5,134,411,234,326,70,314,418,26,233
185,23,483,194,129,447,126,13,27,204,175,337
185,24,21,456,494,24,271,411,302,282,141,120
185,25,286,102,304,80,363,223,420,96,398,192
185,26,366,213,119,279,507,280,325,86,479,27
185,27,33,9,178,496,374,110,177,211,446,258
185,28,2,94,489,73,90,290,238,318,264,300
185,29,179,435,334,364,411,365,461,184,441,119
185,30,485,37,130,38,268,437,183,56,251,299
185,31,193,508,81,51,220,352,296,30,143,245
185,32,505,482,245,300,246,143,153,351,225,174
185,33,90,338,102,463,58,215,218,216,132,364
185,34,419,19,376,389,349,138,2,45,334,454
185,35,77,388,386,181,348,236,372,186,509,360
185,36,236,24,458,30,480,165,131,274,410,314
185,37,96,420,84,323,450,314,20,10,395,342
185,38,235,134,90,359,457,83,347,312,197,54
185,39,236,242,9,274,36,452,471,369,194,13
185,40,270,314,251,60,300,409,437,216,229,209
185,41,77,219,356,391,453,109,302,440,443,44
185,42,80,8,14,165,231,183,241,305,425,296
185,43,44,85,234,91,55,203,385,54,60,488
185,44,76,438,228,207,362,213,393,183,441,419
185,45,220,233,231,25,186,379,158,328,181,440
185,46,80,374,67,232,346,219,85,362,383,286
185,47,206,301,50,242,398,120,64,496,442,296
186,0,450,206,419,110,431,484,231,58,463,144
186,1,453,15,46,201,461,374,35,275,145,338
186,2,453,244,12,242,254,183,284,248,323,291
186,3,259,481,278,114,109,457,158,368,351,452
186,4,139,162,108,474,300,362,31,120,236,171
186,5,277,397,261,178,467,287,45,316,359,403
186,6,369,363,465,386,355,511,167,128,414,229
186,7,507,204,454,384,102,127,311,53,125,416
186,8,271,180,494,24,16,379,302,120,352,495
186,9,192,182,74,461,147,124,223,165,248,7
186,10,366,32,44,363,496,249,303,453,365,217
186,11,452,383,223,438,220,356,211,392,36,155
186,12,151,489,241,238,315,80,46,356,130,511
186,13,334,179,92,253,401,365,435,449,17,154
186,14,391,190,171,46,85,215,48,238,68,42
186,15,481,65,218,500,336,187,364,30,241,112
186,16,501,195,153,123,18,197,276,118,324,260
186,17,357,238,54,284,418,25,69,455,16,98
186,18,467,419,153,114,137,147,167,407,358,51
186,19,238,412,343,247,196,11,362,253,9,5
186,20,274,336,317,223,101,490,295,178,102,97
186,21,168,288,402,457,362,324,438,283,218,260
186,22,6,403,363,378,458,244,492,55,80,372
186,23,295,341,223,387,58,188,501,143,167,68
186,24,92,281,50,219,431,209,253,4,500,508
186,25,137,408,412,499,50,195,44,372,420,255
186,26,59,197,477,437,44,374,234,6,217,79
186,27,14,79,377,345,383,139,392,187,13,193
186,28,511,322,478,341,233,320,190,347,489,440
186,29,334,179,449,404,460,79,45,197,127,203
186,30,391,68,190,238,428,384,239,387,48,203
186,31,481,500,336,218,30,74,65,420,98,389
186,32,195,260,153,501,276,428,123,118,22,385
186,33,25,190,357,144,470,259,398,284,91,418
186,34,407,175,153,256,179,419,467,51,119,315
186,35,343,412,247,238,362,222,70,21,297,11
186,36,317,327,295,274,430,417,367,0,204,192
186,37,168,288,324,45,417,5,298,144,460,22
186,38,6,302,147,423,508,502,234,421,342,62
186,39,297,294,302,501,40,406,318,228,77,510
186,40,499,16,49,234,364,437,135,179,262,452
186,41,86,329,61,103,439,390,432,273,80,415
186,42,268,93,79,499,218,293,389,24,207,263
186,43,414,239,345,342,127,322,47,206,365,95
186,44,232,454,350,76,404,103,468,243,352,509
186,45,253,324,485,376,421,481,245,168,79,338
186,46,357,290,24,509,346,53,374,274,353,264
186,47,55,445,122,79,496,301,478,242,73,412
187,0,88,333,261,262,169,83,194,114,331,214
187,1,70,77,15,178,46,256,436,234,484,306
187,2,130,453,12,244,5,365,323,242,254,248
187,3,259,114,481,278,226,158,351,457,109,452
187,4,162,139,474,31,171,300,451,108,236,61
187,5,277,397,467,178,316,45,287,503,403,217
187,6,465,369,363,511,386,355,167,128,414,504
187,7,384,102,204,507,454,311,127,68,416,273
187,8,271,180,24,16,494,411,379,352,495,302
187,9,192,182,223,147,461,124,74,165,224,248
187,10,366,249,303,32,221,213,489,148,107,462
187,11,49,351,223,220,100,454,488,254,438,33
187,12,151,80,315,241,238,46,489,356,300,450
187,13,17,365,334,483,179,154,401,435,253,449
187,14,46,115,85,56,93,391,171,333,320,258
187,15,65,275,162,508,146,98,81,30,192,76
187,16,153,123,378,17,127,470,213,501,398,18
187,17,0,284,485,383,34,303,174,141,116,228
187,18,419,467,56,300,309,352,361,179,242,502
187,19,99,510,19,177,409,24,44,141,27,53
187,20,440,176,133,93,128,466,385,157,28,397
187,21,12,288,69,481,105,120,113,261,283,483
187,22,6,378,492,363,55,458,87,132,475,53
187,23,341,387,308,439,482,143,212,311,46,508
187,24,507,146,468,186,2,292,86,31,73,270
187,25,420,242,211,263,160,249,163,288,282,262
187,26,317,112,232,257,453,363,8,411,332,197
187,27,129,153,133,312,220,230,469,283,474,105
187,28,151,489,387,80,224,417,369,95,108,413
187,29,17,334,179,384,380,27,178,365,227,75
187,30,333,46,56,183,85,206,171,39,143,210
187,31,508,65,81,143,250,275,162,53,299,31
187,32,482,17,153,470,220,309,171,175,263,324
187,33,0,284,121,122,87,59,34,303,236,174
187,34,419,407,338,300,242,432,179,361,57,309
187,35,24,99,19,44,104,392,309,76,253,152
187,36,327,418,176,233,397,133,386,385,437,128
187,37,288,481,478,12,277,48,336,307,119,162
187,38,6,234,147,62,342,16,53,325,69,146
187,39,341,387,143,212,46,137,482,477,186,167
187,40,16,231,456,352,247,350,29,281,306,162
187,41,29,272,485,251,87,37,486,444,468,279
187,42,33,48,268,420,291,131,312,57,508,75
187,43,406,220,360,224,397,126,266,107,193,276
187,44,74,49,336,452,190,103,350,346,6,194
187,45,324,354,56,226,453,376,60,72,33,114
187,46,357,290,265,274,278,15,222,464,12,361
187,47,122,301,478,55,143,399,496,242,206,106
188,0,232,70,215,220,456,135,453,310,128,178
188,1,192,15,409,453,484,436,443,148,232,346
188,2,12,331,184,114,244,501,453,323,291,5
188,3,114,259,481,89,278,351,158,452,457,436
188,4,162,139,300,247,31,171,236,474,108,451
188,5,316,277,467,397,178,217,403,287,45,359
188,6,465,511,122,414,386,369,355,351,363,229
188,7,204,384,454,311,416,102,477,507,127,53
188,8,411,352,16,180,417,80,271,379,302,24
188,9,248,495,192,165,182,223,203,411,147,461
188,10,366,322,198,213,14,422,119,27,32,243
188,11,33,177,332,463,49,351,126,430,10,211
188,12,238,151,11,80,315,46,40,489,241,139
188,13,483,401,435,365,200,17,330,250,154,290
188,14,46,320,68,56,93,283,19,160,258,447
188,15,175,64,228,102,65,245,262,266,98,431
188,16,171,470,127,482,294,153,355,123,222,348
188,17,0,284,346,16,401,193,303,223,449,144
188,18,419,300,467,407,309,242,361,502,179,167
188,19,510,19,141,24,238,250,412,409,292,253
188,20,437,28,133,204,8,128,310,440,189,474
188,21,12,288,402,120,69,23,88,483,237,227
188,22,6,55,492,378,363,16,458,53,22,108
188,23,387,394,341,452,308,183,247,297,245,147
188,24,86,186,249,468,216,270,427,419,507,305
188,25,211,420,410,242,337,163,499,127,160,69
188,26,197,363,8,317,232,293,425,381,50,234
188,27,312,220,153,469,129,175,56,242,365,117
188,28,233,151,241,369,152,456,489,108,387,240
188,29,17,384,179,334,477,380,14,318,134,178
188,30,320,46,333,85,292,48,208,153,115,277
188,31,65,245,364,143,508,81,31,281,275,30
188,32,171,482,324,328,123,175,153,323,398,309
188,33,284,0,303,403,121,16,87,174,62,101
188,34,407,419,467,51,338,216,242,144,167,300
188,35,238,223,19,24,141,242,510,99,399,253
188,36,437,8,327,418,204,176,28,133,272,511
188,37,288,417,438,402,12,237,122,298,250,48
188,38,6,234,62,421,107,419,409,508,16,141
188,39,294,297,482,4,174,406,302,228,206,318
188,40,16,456,352,205,89,176,165,247,179,363
188,41,273,485,29,272,439,365,87,61,415,410
188,42,218,95,131,33,77,508,268,389,312,93
188,43,342,359,107,164,126,360,224,95,161,266
188,44,103,74,350,160,454,352,234,336,49,6
188,45,324,481,221,158,44,421,240,168,500,338
188,46,357,290,80,383,280,374,412,231,393,45
188,47,301,122,55,399,143,156,496,433,186,332
189,0,70,91,419,106,107,448,232,411,302,18
189,1,409,443,453,444,15,21,232,282,346,484
189,2,471,282,331,130,184,489,323,5,232,131
189,3,114,158,481,351,89,304,457,259,436,164
189,4,300,139,297,162,484,108,451,377,31,153
189,5,397,403,178,277,316,503,359,412,287,217
189,6,511,128,369,465,363,355,386,395,8,432
189,7,477,102,384,507,204,454,68,127,273,331
189,8,411,16,24,141,302,344,352,180,266,80
189,9,182,192,124,102,368,223,224,495,27,165
189,10,213,243,14,358,107,148,318,322,473,366
189,11,332,464,104,49,191,351,254,180,100,475
189,12,238,450,315,40,80,46,196,151,490,385
189,13,184,16,179,435,154,253,334,267,449,287
189,14,56,387,502,391,324,441,191,215,115,46
189,15,275,187,65,252,245,481,30,15,352,380
189,16,153,123,294,378,135,18,501,322,348,260
189,17,116,303,382,201,459,418,144,190,215,177
189,18,419,300,352,467,153,144,407,179,309,167
189,19,24,464,307,19,79,362,39,44,456,238
189,20,189,409,373,176,504,490,195,311,44,327
189,21,288,106,132,2,39,259,503,149,330,0
189,22,6,362,318,97,363,378,458,197,108,492
189,23,341,143,387,222,167,58,212,46,247,486
189,24,320,92,70,216,112,508,440,88,55,186
189,25,263,211,499,195,70,388,404,359,317,373
189,26,89,44,143,369,217,365,290,79,56,453
189,27,220,105,16,399,392,443,153,176,252,429
189,28,241,215,420,139,152,161,151,80,46,355
189,29,179,449,500,334,401,153,460,253,411,203
189,30,294,153,391,197,24,387,171,115,405,505
189,31,275,187,15,247,245,138,135,380,252,412
189,32,135,153,43,98,101,88,378,226,71,16
189,33,144,303,177,90,463,245,465,215,382,485
189,34,407,419,179,334,209,256,390,300,242,335
189,35,456,314,147,464,24,21,427,292,152,288
189,36,327,189,391,5,45,318,349,409,75,311
189,37,288,40,39,305,2,496,433,211,281,56
189,38,6,53,458,70,110,299,456,361,508,397
189,39,341,387,222,143,167,212,58,185,46,91
189,40,16,499,89,29,120,3,233,456,439,352
189,41,439,358,61,135,375,272,414,199,296,46
189,42,177,423,482,93,291,139,304,493,48,420
189,43,126,161,445,456,224,40,497,247,359,425
189,44,103,327,190,350,76,308,49,336,280,84
189,45,166,469,324,366,306,493,158,230,37,226
189,46,357,290,383,374,274,80,361,112,462,441
189,47,301,496,4,206,399,310,492,55,478,350
190,0,116,70,248,393,457,206,23,96,219,166
190,1,443,409,15,453,21,148,388,107,444,12
190,2,350,323,331,453,41,184,254,12,232,489
190,3,89,114,259,226,351,452,481,457,436,158
190,4,162,300,171,297,451,139,31,377,61,11
190,5,397,503,316,277,178,403,287,359,467,412
190,6,511,465,369,128,355,504,363,284,386,167
190,7,384,204,477,454,127,68,416,102,507,53
190,8,411,352,180,271,80,495,332,417,379,16
190,9,182,223,192,27,495,411,147,102,124,224
190,10,318,213,295,229,243,14,241,148,323,460
190,11,104,332,464,191,254,475,454,351,130,160
190,12,490,450,329,81,385,196,79,28,300,40
190,13,184,179,366,16,154,22,288,364,417,145
190,14,441,294,56,274,268,200,470,46,130,387
190,15,510,459,30,245,65,352,244,241,74,481
190,16,153,260,294,135,409,428,482,45,467,450
190,17,109,86,194,508,347,284,329,401,193,0
190,18,419,179,407,119,137,501,300,468,467,309
190,19,362,307,384,248,395,9,421,79,457,446
190,20,395,210,409,160,468,349,490,230,37,478
190,21,288,457,376,324,243,69,503,113,116,440
190,22,6,97,217,497,421,234,458,378,53,62
190,23,387,353,493,134,368,313,58,394,341,199
190,24,197,325,163,370,207,204,281,93,186,457
190,25,504,86,420,44,511,14,412,141,55,180
190,26,317,100,332,279,79,153,280,290,366,369
190,27,385,220,384,105,409,408,383,110,159,178
190,28,383,371,264,315,94,356,139,448,290,90
190,29,334,179,449,17,411,306,457,362,302,461
190,30,391,470,428,171,99,274,44,441,258,456
190,31,510,481,459,241,138,508,30,247,420,433
190,32,153,409,196,260,45,294,276,245,143,482
190,33,109,215,222,259,91,394,74,125,223,398
190,34,179,419,153,407,57,358,199,501,128,228
190,35,384,362,421,307,79,457,431,510,24,106
190,36,160,349,395,327,478,105,230,311,409,488
190,37,288,48,440,324,409,336,457,503,154,97
190,38,6,374,285,299,147,22,62,284,234,89
190,39,387,134,368,167,341,58,313,122,223,490
190,40,499,16,262,281,290,153,304,29,120,352
190,41,272,350,37,103,363,342,233,80,61,324
190,42,268,386,319,23,236,364,403,293,95,390
190,43,497,346,409,243,284,24,421,427,293,124
190,44,232,350,49,402,103,352,505,290,6,190
190,45,324,37,226,481,254,421,367,144,399,376
190,46,357,290,112,274,374,466,464,232,505,62
190,47,399,433,301,425,272,296,478,207,496,163
191,0,495,103,49,198,189,53,113,95,425,99
191,1,21,259,409,1,94,443,491,426,348,390
191,2,337,35,41,39,238,396,435,45,364,443
191,3,262,391,41,265,494,58,87,367,339,374
191,4,149,436,64,221,100,115,299,376,65,218
191,5,165,107,351,156,7,186,120,222,139,296
191,6,499,60,36,81,432,1,295,306,330,395
191,7,12,392,423,338,386,169,412,234,324,359
191,8,423,424,305,220,86,262,96,390,375,133
191,9,499,404,384,195,66,337,424,133,246,128
191,10,333,263,79,353,110,205,442,197,235,475
191,11,62,312,295,458,2,73,253,403,175,56
191,12,5,240,447,411,386,487,76,355,393,478
191,13,360,149,111,13,11,134,182,333,459,33
191,14,209,208,453,469,292,62,117,326,409,184
191,15,418,65,364,380,311,383,405,347,205,446
191,16,61,275,223,506,424,234,70,263,446,257
191,17,476,257,418,41,247,94,133,69,238,423
191,18,60,258,139,174,292,140,46,138,271,172
191,19,348,296,77,335,417,290,386,369,299,509
191,20,458,274,82,236,24,36,165,389,480,414
191,21,84,42,270,403,380,152,218,20,245,267
191,22,338,140,466,85,5,212,134,204,101,246
191,23,447,509,295,271,315,452,483,450,498,194
191,24,203,423,390,424,220,473,96,117,375,133
191,25,384,360,303,26,404,430,291,301,386,164
191,26,333,235,334,475,474,110,200,263,57,491
191,27,312,0,355,62,258,121,458,5,285,338
191,28,5,188,447,240,8,362,396,443,200,235
191,29,134,13,33,479,149,110,164,182,111,341
191,30,209,208,105,94,247,326,231,217,31,212
191,31,418,134,383,25,32,18,311,491,65,343
191,32,282,506,424,61,400,391,168,446,394,429
191,33,476,94,257,508,284,418,238,41,69,370
191,34,60,302,292,140,271,113,174,139,107,258
191,35,348,335,417,296,77,299,386,132,312,290
191,36,458,274,82,165,142,217,24,236,414,102
191,37,84,270,42,380,20,218,403,290,22,420
191,38,5,338,140,493,212,1,85,347,235,466
191,39,480,82,285,295,375,314,464,367,242,360
191,40,428,309,436,449,336,209,346,231,113,448
191,41,356,260,219,390,47,362,129,354,77,376
191,42,487,433,345,360,19,334,159,353,305,499
191,43,234,102,332,9,282,465,260,455,502,326
191,44,57,312,161,251,110,244,410,234,302,262
191,45,408,448,394,32,118,65,74,63,404,43
191,46,37,434,483,80,356,152,457,466,16,383
191,47,206,299,50,79,301,496,470,64,120,228
192,0,206,450,110,498,484,231,325,431,1,241
192,1,453,259,443,21,470,142,15,328,409,449
192,2,291,396,228,350,143,331,208,337,488,41
192,3,41,87,496,442,164,346,124,172,367,443
192,4,125,218,279,189,453,29,153,32,461,464
192,5,107,139,289,228,29,484,310,296,351,343
192,6,60,1,432,499,385,198,491,231,395,330
192,7,221,98,490,319,423,342,350,17,0,138
192,8,423,424,46,473,86,96,477,166,207,237
192,9,499,337,384,128,195,386,130,244,377,216
192,10,333,79,205,197,475,442,363,508,382,491
192,11,312,295,73,458,156,316,56,64,175,24
192,12,5,362,240,443,396,386,197,201,283,437
192,13,111,479,360,149,11,182,134,341,35,164
192,14,209,208,327,105,184,217,17,335,292,317
192,15,134,347,243,418,186,179,105,25,225,217
192,16,400,282,391,15,506,309,223,230,13,92
192,17,476,257,504,94,370,121,480,243,89,227
192,18,292,138,140,113,60,470,334,268,424,239
192,19,290,335,488,348,342,77,139,386,237,303
192,20,458,97,503,30,349,286,327,468,123,453
192,21,75,173,270,42,380,403,22,267,152,285
192,22,466,338,5,85,212,1,233,402,374,418
192,23,83,199,469,493,134,387,143,341,167,285
192,24,370,423,163,197,325,96,290,457,89,161
192,25,407,511,420,141,14,386,180,289,82,398
192,26,280,473,256,279,299,333,325,419,381,96
192,27,258,338,393,323,163,405,161,147,355,458
192,28,197,362,5,505,443,300,92,351,500,373
192,29,479,111,164,341,134,37,182,360,392,407
192,30,209,208,105,217,150,231,441,247,385,377
192,31,18,134,463,159,418,491,32,487,318,283
192,32,400,282,391,452,401,369,506,309,394,429
192,33,476,257,8,94,370,227,508,404,325,378
192,34,292,60,138,113,140,470,271,424,9,253
192,35,335,348,77,296,290,312,386,368,417,480
192,36,458,274,142,30,217,165,481,414,389,267
192,37,84,270,42,20,380,420,218,22,173,403
192,38,5,338,212,1,85,174,466,493,143,482
192,39,480,285,82,375,314,505,21,469,367,360
192,40,428,309,436,448,336,231,209,449,346,470
192,41,356,260,47,214,219,376,50,354,148,77
192,42,345,360,19,487,433,334,159,353,499,340
192,43,234,102,9,282,332,260,53,91,455,465
192,44,57,312,161,251,244,110,410,262,234,302
192,45,408,448,118,394,63,65,32,74,404,501
192,46,37,152,483,356,434,364,457,490,466,16
192,47,299,79,470,494,260,168,100,496,55,393
193,0,88,333,261,194,169,83,227,331,214,165
193,1,453,70,206,443,259,178,15,400,449,502
193,2,365,130,312,242,350,5,396,270,114,12
193,3,41,87,113,304,442,496,346,394,455,164
193,4,11,218,59,464,189,453,141,32,76,106
193,5,289,231,228,486,461,35,270,302,484,87
193,6,432,284,385,1,198,150,363,190,223,511
193,7,17,490,126,96,221,98,342,452,109,8
193,8,423,370,181,63,95,477,46,207,473,237
193,9,259,87,71,96,68,141,154,376,209,286
193,10,107,366,71,213,119,506,171,322,14,111
193,11,430,84,511,273,49,126,108,444,270,211
193,12,150,450,356,297,5,362,96,433,238,73
193,13,250,184,417,16,154,387,200,302,288,435
193,14,56,391,130,387,46,171,191,80,183,215
193,15,252,275,146,65,187,30,195,112,481,216
193,16,153,123,501,226,18,43,204,44,249,324
193,17,215,90,463,116,54,284,25,238,357,111
193,18,419,467,358,179,300,502,407,352,167,484
193,19,412,190,76,238,24,44,427,401,415,399
193,20,28,204,133,192,474,393,310,236,92,14
193,21,288,12,402,237,162,106,152,438,259,330
193,22,6,363,484,55,372,458,492,380,466,378
193,23,341,387,143,46,212,58,123,102,228,166
193,24,199,365,112,419,92,34,253,216,507,331
193,25,195,266,163,499,263,408,211,228,337,373
193,26,307,363,197,143,161,351,369,365,124,234
193,27,312,383,392,220,55,105,419,176,155,193
193,28,233,51,442,216,420,151,240,241,152,482
193,29,179,92,187,197,334,295,477,485,40,433
193,30,171,190,48,85,153,67,391,300,1,63
193,31,275,65,187,252,503,15,364,279,412,30
193,32,123,226,153,43,204,439,195,501,42,324
193,33,284,98,116,25,16,463,283,357,69,74
193,34,467,407,419,266,418,502,51,167,5,484
193,35,401,412,190,314,147,141,431,427,221,238
193,36,327,204,192,28,133,98,229,430,236,65
193,37,288,402,237,45,207,151,438,168,327,336
193,38,6,342,144,363,222,80,94,421,234,197
193,39,228,294,297,318,302,166,275,221,406,510
193,40,452,16,499,74,199,439,29,404,30,130
193,41,330,61,204,113,410,439,199,17,343,334
193,42,120,496,433,215,0,487,285,183,159,405
193,43,234,83,477,85,414,243,345,406,439,455
193,44,57,312,234,251,262,302,161,110,244,454
193,45,408,63,118,394,32,448,218,74,484,262
193,46,37,152,356,483,364,388,466,283,490,16
193,47,470,494,260,168,381,233,305,416,290,27
194,0,151,436,143,29,20,364,449,268,287,159
194,1,204,72,404,407,449,66,321,246,274,339
194,2,458,188,279,320,93,412,177,277,146,416
194,3,116,397,41,508,346,12,87,442,431,97
194,4,6,210,328,254,195,183,248,194,486,464
194,5,270,388,461,228,105,87,307,208,341,311
194,6,219,319,108,385,499,303,242,248,205,1
194,7,339,23,85,38,0,240,62,64,274,398
194,8,86,338,246,424,103,98,95,174,315,221
194,9,413,112,337,82,451,128,130,384,131,291
194,10,107,242,136,506,254,183,375,323,256,165
194,11,100,454,464,351,130,332,173,191,49,254
194,12,173,197,92,489,443,74,238,315,357,139
194,13,253,334,92,435,365,154,401,179,200,17
194,14,171,391,85,48,63,143,412,505,195,392
194,15,275,187,252,65,146,364,112,308,455,503
194,16,153,123,43,501,226,378,42,18,213,324
194,17,116,174,238,418,111,357,54,25,284,49
194,18,419,467,352,504,56,300,502,179,167,309
194,19,190,401,238,44,76,99,27,122,53,427
194,20,28,176,204,181,36,223,26,14,390,128
194,21,288,12,106,121,357,237,168,402,330,2
194,22,95,6,174,138,93,212,92,458,107,64
194,23,341,143,179,439,137,46,387,490,166,167
194,24,31,34,92,371,112,419,86,253,472,281
194,25,249,263,266,163,499,195,403,316,36,211
194,26,56,79,258,369,197,239,44,307,411,257
194,27,220,34,105,158,179,146,16,497,153,157
194,28,151,95,482,240,16,420,224,387,241,45
194,29,179,449,228,334,416,90,295,459,197,349
194,30,171,469,505,391,85,115,143,63,42,48
194,31,275,187,252,65,146,455,15,503,30,162
194,32,43,153,501,226,123,378,42,213,73,183
194,33,236,303,87,465,418,111,382,174,238,141
194,34,419,329,467,501,180,334,502,300,222,352
194,35,368,406,341,165,444,345,342,219,236,64
194,36,458,200,274,39,165,492,30,131,166,142
194,37,84,420,298,20,22,218,270,87,243,290
194,38,95,138,46,174,67,5,64,107,338,93
194,39,285,480,82,189,430,19,126,360,13,88
194,40,428,49,346,60,309,47,496,209,86,234
194,41,356,129,269,50,260,360,219,495,77,453
194,42,340,487,433,159,165,229,162,19,499,305
194,43,234,476,332,102,163,54,91,27,85,116
194,44,494,206,57,404,454,234,368,302,491,235
194,45,213,69,163,485,43,103,159,253,501,404
194,46,10,113,364,154,304,152,209,346,53,362
194,47,27,233,410,242,277,100,179,398,59,53
195,0,57,230,313,125,155,474,204,410,281,469
195,1,246,295,173,204,449,407,72,274,404,301
195,2,458,373,43,279,413,456,136,412,7,485
195,3,41,87,116,346,397,310,508,431,332,379
195,4,254,210,195,183,464,328,6,285,248,326
195,5,461,388,228,341,105,385,208,270,389,311
195,6,108,265,222,57,470,219,385,248,336,499
195,7,38,64,85,240,291,0,23,338,39,34
195,8,86,295,220,509,424,338,98,394,477,315
195,9,130,82,413,424,400,337,377,86,142,404
195,10,242,136,333,82,254,205,42,283,256,183
195,11,203,499,312,483,403,338,253,185,315,175
195,12,74,443,173,116,240,374,355,71,343,429
195,13,360,182,194,319,507,134,83,446,111,73
195,14,208,295,236,105,60,13,453,326,23,217
195,15,347,418,460,243,446,423,225,179,136,472
195,16,223,506,282,61,208,446,490,142,394,369
195,17,257,302,476,227,446,41,206,504,311,146
195,18,73,133,180,382,425,60,51,143,45,197
195,19,61,77,348,296,134,454,460,290,293,372
195,20,458,200,367,389,274,165,480,82,159,414
195,21,84,298,22,365,270,403,282,42,417,342
195,22,138,430,67,294,46,174,107,141,85,92
195,23,509,447,494,240,150,142,9,138,283,126
195,24,220,338,424,98,103,221,86,473,95,96
195,25,384,360,413,229,199,26,291,153,430,112
195,26,333,235,136,256,242,42,475,254,205,294
195,27,203,338,355,483,499,312,161,477,101,221
195,28,173,74,443,240,374,116,452,71,322,83
195,29,360,134,194,341,407,83,446,33,73,182
195,30,94,79,208,231,411,105,23,295,217,60
195,31,418,25,136,243,22,371,424,19,105,225
195,32,506,446,208,424,337,429,197,336,377,195
195,33,257,476,65,302,446,227,262,508,504,373
195,34,73,133,382,180,397,45,425,329,143,204
195,35,134,368,23,310,385,276,372,509,484,173
195,36,131,492,246,367,265,484,30,480,107,165
195,37,420,96,157,84,243,298,10,422,365,72
195,38,46,138,67,294,430,107,174,141,4,92
195,39,138,450,274,23,115,213,448,27,9,471
195,40,270,64,49,60,123,234,251,209,206,229
195,41,293,231,302,398,219,453,407,456,469,366
195,42,8,80,165,296,496,285,79,217,363,305
195,43,476,133,85,54,508,44,239,203,36,311
195,44,76,393,228,184,399,362,451,454,345,150
195,45,379,220,42,181,356,398,168,425,367,25
195,46,445,346,304,10,85,232,67,209,374,219
195,47,254,398,242,445,302,455,104,351,460,287
196,0,261,88,83,214,333,169,131,243,194,408
196,1,449,33,301,70,173,315,375,92,334,400
196,2,177,5,85,416,332,245,130,373,259,279
196,3,41,87,346,310,304,113,65,188,379,431
196,4,106,496,189,35,453,59,325,257,233,410
196,5,228,250,311,461,26,171,236,14,88,386
196,6,265,108,186,248,331,419,100,474,308,336
196,7,64,38,372,452,169,445,338,142,0,291
196,8,295,509,175,86,262,319,439,46,477,11
196,9,111,141,376,14,142,68,361,443,154,20
196,10,107,506,280,322,213,119,71,109,249,366
196,11,273,185,250,23,511,430,492,84,49,165
196,12,297,489,433,356,277,386,130,90,113,150
196,13,387,16,154,184,91,22,250,302,290,265
196,14,212,80,441,268,233,160,439,314,56,377
196,15,352,65,193,245,459,98,501,508,481,232
196,16,123,482,153,260,501,324,261,322,175,422
196,17,284,116,215,25,238,357,418,174,463,222
196,18,419,467,179,358,153,300,167,361,309,407
196,19,412,510,24,190,307,341,75,129,421,399
196,20,204,28,178,236,311,274,474,101,69,373
196,21,288,438,402,237,168,243,152,162,477,224
196,22,6,363,55,492,89,458,378,372,87,474
196,23,387,452,245,297,247,147,58,294,394,199
196,24,431,370,50,186,419,270,500,325,365,199
196,25,195,420,211,69,263,499,410,260,258,337
196,26,234,282,279,197,363,6,381,433,50,164
196,27,33,509,187,14,392,86,383,322,231,178
196,28,473,11,315,372,264,356,161,196,369,350
196,29,287,483,445,119,461,411,45,179,302,385
196,30,19,249,160,262,68,130,447,190,56,321
196,31,476,65,352,245,356,83,243,371,258,376
196,32,482,123,245,210,175,260,216,322,334,225
196,33,306,112,463,215,222,284,67,367,218,333
196,34,407,57,179,134,229,257,467,209,379,39
196,35,129,113,24,193,151,431,412,75,433,308
196,36,327,488,278,349,34,65,96,29,430,136
196,37,48,226,288,166,440,188,355,65,448,381
196,38,6,62,363,372,371,508,53,421,406,366
196,39,294,302,297,228,492,328,406,383,462,364
196,40,497,352,439,506,395,16,437,96,270,5
196,41,91,83,142,462,272,87,328,253,233,324
196,42,268,290,386,26,318,509,378,108,403,493
196,43,220,120,37,383,448,266,85,8,470,450
196,44,350,76,213,438,99,30,144,394,68,369
196,45,481,168,220,64,25,418,440,0,42,309
196,46,357,290,374,461,85,230,33,9,232,375
196,47,122,50,301,478,206,399,485,55,350,344
197,0,506,396,453,45,381,124,188,509,215,484
197,1,449,49,436,301,201,234,33,25,24,453
197,2,5,53,416,489,11,114,453,331,244,12
197,3,213,170,114,448,41,481,158,72,89,259
197,4,206,451,478,373,484,162,139,70,202,171
197,5,237,397,209,45,66,287,50,356,48,359
197,6,369,474,229,223,167,412,490,150,465,363
197,7,102,46,361,445,384,477,273,127,507,26
197,8,379,456,450,24,494,332,368,180,495,266
197,9,223,224,461,124,192,147,182,74,248,259
197,10,32,221,27,249,107,119,473,243,280,109
197,11,180,126,332,351,254,475,160,328,454,23
197,12,315,80,450,196,46,241,300,238,151,356
197,13,334,179,449,253,92,365,297,154,184,287
197,14,56,191,387,391,171,46,183,143,199,215
197,15,187,275,252,146,112,162,65,455,218,195
197,16,123,153,43,378,226,18,501,70,276,42
197,17,116,111,357,418,382,25,284,288,98,174
197,18,419,467,352,504,167,300,153,56,309,179
197,19,190,401,122,238,53,44,76,427,27,247
197,20,204,319,373,28,353,14,223,220,181,176
197,21,288,237,106,45,12,121,2,152,168,402
197,22,6,484,363,492,53,55,144,197,342,88
197,23,341,143,490,58,167,179,387,439,16,291
197,24,34,92,253,440,371,510,225,419,112,288
197,25,263,499,36,163,195,249,333,403,408,266
197,26,239,258,44,197,477,89,56,217,6,439
197,27,220,479,304,16,443,158,420,146,176,144
197,28,233,190,45,152,151,215,482,16,320,511
197,29,179,334,356,253,449,187,477,349,203,15
197,30,391,469,304,505,85,115,61,191,190,171
197,31,275,187,252,65,218,146,15,503,85,195
197,32,43,123,153,183,226,135,249,501,378,348
197,33,144,288,245,98,418,236,116,238,459,490
197,34,407,153,419,315,144,438,467,167,147,237
197,35,107,29,401,91,39,297,362,464,141,190
197,36,204,373,490,319,223,353,44,327,92,355
197,37,260,288,332,316,237,169,417,438,477,2
197,38,6,420,234,62,342,419,458,53,502,391
197,39,167,341,143,387,452,58,223,134,490,438
197,40,499,16,135,176,262,402,395,74,348,141
197,41,61,439,489,390,285,296,300,23,350,133
197,42,218,319,37,243,462,131,293,48,420,488
197,43,425,224,124,173,83,126,24,148,497,131
197,44,358,177,103,232,510,1,501,195,74,190
197,45,226,412,37,455,324,349,136,45,419,493
197,46,357,290,393,441,412,280,80,374,376,509
197,47,301,399,242,55,143,332,122,403,398,388
198,0,419,70,411,91,448,58,483,122,283,106
198,1,232,234,443,387,409,301,37,334,184,282
198,2,429,489,288,11,130,5,332,409,425,374
198,3,369,258,41,148,167,304,149,22,164,330
198,4,206,153,463,219,23,189,259,501,202,472
198,5,138,50,356,181,484,40,189,343,314,488
198,6,331,100,409,448,474,186,21,432,308,419
198,7,161,372,13,229,330,138,445,230,342,272
198,8,96,458,33,430,344,46,390,5,203,394
198,9,233,236,360,240,322,384,216,130,376,196
198,10,205,420,333,337,475,28,110,57,478,508
198,11,486,355,285,128,0,458,262,136,504,316
198,12,199,389,283,201,373,149,488,500,443,453
198,13,231,361,158,452,269,85,97,476,164,360
198,14,17,123,169,426,53,335,208,373,310,430
198,15,422,34,1,71,477,203,398,19,107,188
198,16,317,424,473,117,506,472,192,379,479,71
198,17,480,119,1,234,439,435,90,280,428,183
198,18,153,419,179,57,365,407,209,300,114,358
198,19,75,129,113,341,286,71,469,356,225,269
198,20,346,142,327,508,214,344,56,109,55,354
198,21,288,338,243,26,453,234,267,275,198,259
198,22,6,54,172,235,97,457,458,234,267,371
198,23,285,73,83,82,323,354,430,493,316,97
198,24,490,287,477,294,283,155,395,325,52,191
198,25,141,398,501,82,90,360,129,83,111,511
198,26,279,280,473,50,121,119,202,109,408,153
198,27,78,197,409,328,315,103,318,126,434,331
198,28,11,32,48,356,264,18,90,372,315,161
198,29,442,119,457,302,362,187,311,374,7,215
198,30,105,461,269,385,370,14,160,441,154,47
198,31,491,193,37,487,119,13,61,30,510,22
198,32,110,505,181,245,62,260,500,465,255,409
198,33,143,272,365,285,127,340,504,61,273,331
198,34,419,238,501,272,119,87,334,265,488,170
198,35,342,222,357,414,435,372,388,341,426,309
198,36,39,30,346,407,55,458,33,225,131,142
198,37,420,243,267,389,338,96,165,70,303,24
198,38,235,134,54,173,249,83,457,326,312,347
198,39,338,274,450,334,285,108,17,9,236,173
198,40,209,60,470,295,409,34,229,437,251,270
198,41,219,293,440,391,398,453,349,336,52,115
198,42,231,217,8,165,496,215,80,296,185,241
198,43,133,476,44,203,85,286,331,54,430,45
198,44,393,395,76,184,362,228,202,441,130,325
198,45,220,379,25,11,328,356,158,233,398,181
198,46,80,67,374,85,346,383,358,286,27,203
198,47,206,50,301,64,398,242,496,120,318,497
199,0,450,206,419,110,431,484,231,58,463,144
199,1,453,15,46,201,461,35,374,145,275,256
199,2,453,244,12,242,291,183,254,284,248,428
199,3,259,481,278,457,114,109,368,158,351,452
199,4,139,162,108,474,31,300,120,362,171,236
199,5,277,397,261,178,467,287,45,359,316,403
199,6,369,363,465,386,167,355,511,128,414,229
199,7,507,204,454,384,102,127,311,53,68,416
199,8,494,180,24,271,379,16,120,302,352,495
199,9,74,147,192,461,182,124,248,7,223,165
199,10,44,303,496,249,363,32,453,217,366,289
199,11,220,383,452,176,87,223,155,112,36,116
199,12,151,241,80,46,315,489,108,171,279,482
199,13,92,334,179,449,401,253,365,275,349,435
199,14,391,171,85,190,48,191,392,195,42,46
199,15,187,275,65,500,380,218,481,364,112,252
199,16,153,501,18,70,123,43,195,249,42,348
199,17,357,418,382,116,284,238,16,141,54,465
199,18,419,467,502,167,144,153,309,407,147,179
199,19,238,44,401,11,196,190,122,412,399,281
199,20,386,390,97,319,223,28,14,36,220,236
199,21,402,288,330,438,168,45,2,237,15,30
199,22,6,363,403,484,356,502,92,342,55,492
199,23,341,223,58,188,295,143,490,387,501,245
199,24,281,92,34,272,112,209,440,270,469,17
199,25,228,499,412,137,408,373,263,6,169,333
199,26,369,307,44,447,197,317,217,89,113,59
199,27,158,220,105,16,176,55,281,392,183,426
199,28,152,341,151,233,417,241,322,420,499,108
199,29,179,228,197,449,92,45,500,90,433,460
199,30,391,171,153,195,469,197,143,345,46,258
199,31,187,275,65,455,81,247,503,508,162,15
199,32,153,501,43,176,18,226,42,195,70,183
199,33,111,201,463,223,485,215,303,98,125,230
199,34,407,419,230,502,467,66,215,309,179,196
199,35,238,427,44,24,21,50,401,76,456,122
199,36,327,386,97,189,391,204,504,14,28,91
199,37,288,39,45,132,330,31,48,43,417,312
199,38,6,234,53,342,403,363,484,474,146,475
199,39,341,387,143,490,46,167,16,123,212,58
199,40,499,29,16,3,233,439,456,352,257,509
199,41,61,439,93,199,272,468,334,160,329,201
199,42,33,127,291,48,268,131,152,75,420,186
199,43,126,414,83,406,345,224,17,425,243,427
199,44,232,49,74,103,84,190,308,25,336,426
199,45,324,376,493,154,176,46,453,306,498,280
199,46,357,290,274,441,212,509,361,142,67,221
199,47,445,498,79,301,55,74,242,256,223,122
200,0,88,333,262,261,169,83,194,331,114,487
200,1,77,70,15,178,436,256,46,234,484,306
200,2,130,453,12,5,365,244,114,323,248,254
200,3,259,114,481,278,158,226,351,452,109,457
200,4,162,139,474,451,31,171,108,300,61,236
200,5,277,397,467,45,178,287,316,503,403,359
200,6,369,465,363,511,167,386,355,128,414,504
200,7,102,384,507,204,311,454,127,254,361,68
200,8,271,180,494,24,16,379,411,495,352,302
200,9,192,182,223,461,147,74,124,224,248,7
200,10,249,303,32,221,366,489,462,213,148,191
200,11,351,223,284,454,33,254,220,438,100,49
200,12,151,241,80,315,46,238,489,300,196,450
200,13,334,365,179,253,449,401,17,154,483,92
200,14,391,46,85,115,171,56,191,199,190,392
200,15,187,275,65,162,146,112,30,148,218,380
200,16,153,18,501,123,378,294,43,398,147,213
200,17,303,116,485,284,0,215,141,111,382,357
200,18,419,502,352,467,309,407,300,144,56,361
200,19,238,44,76,19,24,427,190,401,412,50
200,20,28,504,204,216,133,189,14,373,176,220
200,21,288,12,132,106,259,396,237,269,152,47
200,22,6,363,484,55,372,492,378,380,244,87
200,23,341,58,387,228,143,172,481,394,507,247
200,24,199,216,92,112,355,429,507,305,365,508
200,25,266,211,163,195,499,408,460,263,373,137
200,26,351,365,307,143,234,89,124,374,343,415
200,27,392,377,220,176,170,86,312,480,426,396
200,28,91,121,46,11,161,51,151,216,345,165
200,29,179,377,187,247,394,40,401,275,416,435
200,30,391,463,115,1,372,67,191,85,270,200
200,31,279,187,275,65,15,20,503,308,245,412
200,32,43,439,123,153,226,204,29,294,155,71
200,33,98,463,16,224,221,303,187,76,5,416
200,34,487,407,418,280,25,117,502,5,74,494
200,35,364,431,40,415,458,326,291,221,216,117
200,36,327,257,272,192,125,430,369,76,352,8
200,37,288,336,473,207,234,438,166,327,65,168
200,38,6,363,389,421,234,396,310,496,80,342
200,39,228,294,318,297,470,104,302,481,77,406
200,40,199,499,334,74,16,475,365,271,165,217
200,41,204,330,160,113,333,218,343,61,485,462
200,42,65,75,420,122,59,327,48,299,444,183
200,43,477,243,85,483,221,371,386,462,233,439
200,44,303,350,466,76,213,25,73,65,74,362
200,45,481,39,154,307,176,457,220,168,323,272
200,46,357,290,374,230,55,411,232,120,243,413
200,47,301,478,122,55,399,143,206,401,496,209
201,0,506,396,381,453,188,135,45,124,148,485
201,1,201,49,25,234,15,472,436,419,288,338
201,2,244,489,53,453,423,5,248,278,11,12
201,3,170,448,72,345,114,213,436,298,89,98
201,4,451,206,286,171,243,162,373,481,478,300
201,5,316,45,277,467,397,462,503,403,480,287
201,6,465,369,104,229,8,122,167,355,363,414
201,7,102,46,361,384,311,254,488,477,454,487
201,8,266,450,180,332,460,271,379,416,456,91
201,9,182,223,124,224,192,203,147,461,199,27
201,10,473,171,107,27,213,322,243,71,32,366
201,11,430,463,350,444,49,374,270,141,126,511
201,12,450,40,73,297,356,433,238,489,90,81
201,13,302,511,154,250,184,365,330,200,290,364
201,14,56,183,130,171,333,502,191,46,391,387
201,15,187,275,146,65,252,162,148,112,245,30
201,16,153,123,378,18,501,43,226,213,345,204
201,17,116,463,284,25,382,111,418,174,357,215
201,18,419,467,300,179,407,352,167,153,358,144
201,19,190,76,152,19,412,27,238,427,53,24
201,20,176,28,204,440,128,257,373,327,311,181
201,21,288,106,12,237,132,152,259,2,69,151
201,22,6,363,484,88,55,492,378,380,474,108
201,23,341,179,387,481,507,143,58,439,228,297
201,24,92,199,371,112,31,216,365,429,419,34
201,25,266,263,163,195,499,211,36,249,408,428
201,26,307,161,351,89,56,363,369,197,257,239
201,27,16,179,220,365,304,312,105,257,432,11
201,28,420,482,233,151,224,152,241,51,16,369
201,29,416,179,295,477,449,197,92,187,377,228
201,30,391,115,469,85,153,1,372,210,171,235
201,31,275,187,252,65,503,364,308,455,15,195
201,32,43,123,153,226,22,481,398,345,378,204
201,33,25,303,429,403,98,111,133,87,54,418
201,34,407,230,167,344,51,338,502,419,301,487
201,35,401,152,364,168,427,40,458,221,223,238
201,36,327,8,204,28,176,96,373,257,122,136
201,37,288,250,417,12,396,168,234,106,207,347
201,38,6,363,484,342,409,234,299,53,421,389
201,39,294,228,297,318,302,510,166,481,221,90
201,40,499,16,199,74,3,365,249,318,176,29
201,41,61,160,93,485,86,199,330,427,204,134
201,42,420,75,127,48,131,321,389,95,152,65
201,43,126,243,224,425,83,414,17,406,342,345
201,44,454,232,303,190,350,25,74,103,121,301
201,45,176,154,226,481,306,253,39,136,312,324
201,46,357,290,509,393,274,441,361,374,13,24
201,47,301,399,55,143,332,398,496,242,186,156
202,0,419,70,411,448,58,122,483,446,283,414
202,1,232,443,409,387,345,436,484,234,26,49
202,2,409,114,322,288,429,5,489,12,195,11
202,3,148,188,392,243,258,39,149,164,332,107
202,4,206,169,209,153,388,59,480,462,258,463
202,5,314,138,142,137,438,481,14,484,26,128
202,6,181,256,97,375,260,283,445,432,223,485
202,7,161,229,382,276,13,372,49,498,46,7
202,8,96,113,46,319,179,509,327,229,26,294
202,9,111,275,236,352,360,196,97,353,130,376
202,10,403,28,2,420,275,205,66,478,242,202
202,11,355,315,486,321,268,253,213,189,163,83
202,12,389,471,283,403,148,386,175,59,488,453
202,13,372,311,6,33,304,438,463,314,507,35
202,14,175,94,105,486,473,231,186,409,326,335
202,15,315,199,288,446,375,19,418,303,105,212
202,16,148,142,441,243,299,391,278,454,272,92
202,17,172,136,103,43,386,362,431,210,334,419
202,18,376,72,6,234,251,46,264,496,87,453
202,19,385,509,342,454,377,148,192,131,145,465
202,20,210,16,30,485,248,15,442,246,457,239
202,21,264,418,379,394,10,255,304,420,302,267
202,22,134,235,457,249,420,18,496,267,411,218
202,23,334,27,450,260,236,465,372,470,42,13
202,24,46,113,109,327,319,229,26,393,96,33
202,25,353,111,275,47,384,45,214,196,360,240
202,26,403,28,26,220,424,188,506,275,114,299
202,27,268,413,355,350,253,258,163,141,321,250
202,28,306,336,283,175,305,94,488,500,433,471
202,29,33,372,347,484,291,128,314,342,160,481
202,30,94,278,231,438,15,69,284,161,140,377
202,31,18,463,491,134,19,375,159,315,487,199
202,32,429,337,400,201,108,391,368,92,169,370
202,33,10,103,334,246,468,43,325,378,511,508
202,34,251,462,72,376,423,433,63,447,453,302
202,35,385,480,257,368,286,372,302,408,377,388
202,36,210,227,265,492,314,131,88,142,104,485
202,37,394,441,264,302,10,243,304,418,503,379
202,38,249,235,457,377,420,134,18,470,54,267
202,39,110,244,334,285,323,356,27,23,42,260
202,40,486,451,295,173,208,449,172,309,357,212
202,41,391,240,287,361,491,354,443,42,385,55
202,42,217,151,212,80,231,366,165,388,143,185
202,43,86,133,300,278,388,45,77,499,333,346
202,44,248,338,315,395,433,209,276,205,405,56
202,45,303,237,379,22,186,241,280,328,275,443
202,46,80,346,374,274,465,88,342,18,192,488
202,47,206,50,64,79,186,301,497,242,127,122
203,0,450,206,110,419,431,484,231,182,498,144
203,1,453,46,15,142,49,201,449,232,374,275
203,2,12,291,242,114,372,209,5,409,331,269
203,3,173,78,376,340,374,62,306,392,103,482
203,4,214,9,12,134,231,240,197,345,295,91
203,5,212,102,234,464,152,347,306,390,431,293
203,6,37,369,139,71,262,103,178,223,387,395
203,7,368,179,303,411,78,456,401,152,102,348
203,8,290,163,370,36,488,65,204,457,508,55
203,9,289,55,511,109,205,420,288,209,183,14
203,10,119,32,366,107,27,374,249,280,365,322
203,11,211,23,215,438,492,126,482,386,430,84
203,12,356,489,130,297,238,274,139,80,2,302
203,13,302,154,250,365,16,334,290,253,179,184
203,14,56,391,502,171,387,99,115,324,470,191
203,15,146,275,187,30,252,162,294,481,148,138
203,16,153,135,123,345,260,10,378,2,348,249
203,17,144,490,177,245,190,303,382,236,459,116
203,18,419,352,358,153,147,438,467,135,179,484
203,19,362,39,464,297,248,107,188,204,79,475
203,20,353,409,490,373,178,51,44,204,160,311
203,21,288,260,350,2,169,324,362,457,152,243
203,22,6,372,363,322,492,442,117,284,97,234
203,23,143,341,387,167,160,222,438,58,179,212
203,24,510,70,312,88,92,508,34,431,290,31
203,25,263,187,499,70,249,195,412,404,359,193
203,26,44,143,6,239,381,234,374,217,509,56
203,27,443,479,144,89,252,304,392,356,146,420
203,28,215,511,264,13,440,356,80,216,233,16
203,29,334,179,449,187,356,411,203,253,45,212
203,30,391,99,324,304,95,384,330,298,1,469
203,31,30,275,146,481,218,74,402,187,252,138
203,32,2,153,135,123,260,10,53,501,276,43
203,33,144,455,303,490,190,288,177,201,418,90
203,34,419,407,153,179,358,468,414,501,459,128
203,35,106,91,39,362,44,309,464,401,107,269
203,36,353,204,178,373,327,390,409,490,160,396
203,37,332,288,280,362,260,237,168,350,32,241
203,38,6,420,442,237,418,508,421,284,367,470
203,39,143,167,341,387,160,223,198,222,58,212
203,40,16,176,231,205,402,439,135,448,499,332
203,41,61,130,296,178,489,439,390,133,284,300
203,42,218,319,37,462,423,488,243,131,420,293
203,43,173,83,224,425,126,497,24,124,148,456
203,44,232,195,103,358,510,370,177,501,1,327
203,45,412,226,455,37,349,366,324,376,428,136
203,46,357,290,25,486,432,274,374,16,346,314
203,47,445,79,122,55,143,127,254,242,393,344
204,0,333,88,83,169,261,262,194,331,214,114
204,1,46,97,77,70,178,158,32,15,306,436
204,2,409,270,114,312,372,158,365,239,257,295
204,3,293,249,205,269,182,82,335,196,8,405
204,4,59,465,325,506,106,410,252,488,496,156
204,5,468,236,446,190,482,142,250,14,263,26
204,6,185,13,181,256,97,223,233,150,159,165
204,7,242,303,199,191,425,158,26,141,452,382
204,8,11,175,425,113,356,503,439,283,319,509
204,9,68,111,154,141,361,506,14,161,214,37
204,10,280,125,403,506,129,296,28,348,424,10
204,11,273,492,84,250,163,23,397,185,511,422
204,12,63,37,390,433,459,228,288,277,356,9
204,13,387,273,265,274,224,385,6,481,463,128
204,14,231,14,212,377,69,486,506,470,138,154
204,15,494,193,491,6,375,226,199,510,306,289
204,16,201,26,429,191,401,87,23,240,263,278
204,17,499,105,365,422,467,372,305,486,120,136
204,18,264,184,6,50,496,347,49,119,376,471
204,19,342,222,309,377,509,257,260,454,47,14
204,20,327,485,210,15,248,76,442,58,214,456
204,21,453,379,420,418,255,243,36,304,100,469
204,22,267,496,41,237,450,402,214,261,287,446
204,23,83,505,42,285,376,107,496,334,199,450
204,24,46,11,370,65,439,325,14,425,243,498
204,25,90,55,20,154,145,68,14,141,259,473
204,26,506,119,488,280,366,107,92,249,109,299
204,27,23,511,141,256,253,20,273,215,137,75
204,28,433,386,189,94,290,356,101,185,24,48
204,29,154,461,411,504,222,181,16,347,2,362
204,30,231,377,161,420,162,294,155,213,269,461
204,31,18,491,388,32,375,314,463,494,193,271
204,32,400,191,201,429,90,169,108,505,240,143
204,33,276,272,325,83,364,442,132,331,410,467
204,34,179,407,57,436,238,241,401,337,199,419
204,35,308,356,142,123,67,507,342,480,1,483
204,36,94,327,90,214,468,430,29,76,508,388
204,37,288,144,48,440,420,166,327,473,78,226
204,38,6,234,36,406,150,299,421,479,179,258
204,39,297,294,42,228,302,323,318,510,242,138
204,40,449,290,122,50,106,198,281,336,448,231
204,41,148,511,169,303,310,335,19,74,214,261
204,42,211,386,217,158,105,263,403,185,86,332
204,43,511,333,412,505,149,25,360,306,280,207
204,44,350,285,76,338,194,119,33,462,79,156
204,45,303,237,47,168,370,220,143,280,133,302
204,46,388,346,88,297,274,438,85,432,418,362
204,47,122,79,127,95,478,132,143,55,186,301
205,0,226,373,122,448,170,82,483,462,136,171
205,1,306,46,400,436,234,184,149,153,201,15
205,2,272,5,114,12,423,242,331,184,498,53
205,3,2,95,366,296,312,332,318,295,377,492
205,4,286,258,59,206,209,343,484,397,462,441
205,5,138,510,71,334,446,14,314,438,386,352
205,6,223,159,256,283,198,335,97,375,432,80
205,7,303,46,432,276,157,26,8,138,382,229
205,8,463,13,101,106,63,450,425,477,490,388
205,9,380,275,154,376,54,97,12,353,73,22
205,10,462,280,32,119,506,109,279,107,473,249
205,11,23,273,511,211,126,409,430,108,482,260
205,12,433,90,356,297,386,139,283,73,489,70
205,13,91,445,411,387,302,50,250,224,362,330
205,14,441,274,14,377,160,470,268,231,269,276
205,15,491,487,510,193,13,459,119,39,352,365
205,16,260,409,169,201,87,299,282,391,181,401
205,17,325,187,71,508,398,259,410,340,272,234
205,18,419,358,153,57,501,179,484,357,468,137
205,19,362,480,446,457,257,384,275,9,308,395
205,20,114,453,105,137,395,151,230,267,39,349
205,21,324,457,501,288,254,243,41,440,420,80
205,22,6,217,203,285,501,54,492,267,257,458
205,23,285,83,299,167,313,496,97,107,103,505
205,24,367,163,14,488,457,370,295,204,197,325
205,25,90,209,289,141,79,55,20,407,331,14
205,26,109,160,280,215,473,212,282,279,298,390
205,27,20,409,231,331,215,434,318,384,389,178
205,28,185,94,315,325,461,80,24,176,308,347
205,29,334,449,179,46,391,45,306,411,347,461
205,30,441,281,276,150,44,269,95,499,274,377
205,31,487,13,491,119,64,365,392,463,510,343
205,32,169,409,245,260,452,143,181,201,500,505
205,33,325,442,306,44,410,78,223,231,426,14
205,34,407,419,242,179,196,153,501,337,334,205
205,35,480,1,308,223,292,409,440,362,498,421
205,36,327,349,453,90,332,94,437,18,318,136
205,37,288,440,226,503,119,43,393,71,234,135
205,38,6,234,368,257,218,342,508,53,314,421
205,39,297,294,228,318,302,285,299,77,126,510
205,40,290,304,281,106,262,141,425,449,198,456
205,41,335,511,501,415,283,217,256,191,363,170
205,42,217,388,365,366,215,231,493,105,151,121
205,43,346,133,86,333,85,511,412,45,124,149
205,44,338,248,395,315,56,276,105,266,216,174
205,45,303,237,456,51,370,22,328,186,398,115
205,46,25,432,283,348,88,155,484,346,297,80
205,47,254,445,127,79,451,343,157,163,478,322
